{
  "gradient_history": [
    {
      "episode": 10,
      "actor_grad": 0.0,
      "critic_grad": 24217933.481706146,
      "actor_per_layer": {
        "fc1": 0.0,
        "fc2": 0.0,
        "fc3": 0.0
      },
      "critic_per_layer": {
        "fc1": 1465733.5531192247,
        "fc2": 1475996.6705466292,
        "fc3": 24128434.7006626
      }
    },
    {
      "episode": 20,
      "actor_grad": 0.0,
      "critic_grad": 73836623.11185735,
      "actor_per_layer": {
        "fc1": 0.0,
        "fc2": 0.0,
        "fc3": 0.0
      },
      "critic_per_layer": {
        "fc1": 4463299.160785328,
        "fc2": 4605309.031124385,
        "fc3": 73557576.10125312
      }
    },
    {
      "episode": 30,
      "actor_grad": 0.0,
      "critic_grad": 111067017.92786162,
      "actor_per_layer": {
        "fc1": 0.0,
        "fc2": 0.0,
        "fc3": 0.0
      },
      "critic_per_layer": {
        "fc1": 6685843.73801275,
        "fc2": 6920933.518534149,
        "fc3": 110649368.02409148
      }
    },
    {
      "episode": 40,
      "actor_grad": 0.0,
      "critic_grad": 58886313.89269322,
      "actor_per_layer": {
        "fc1": 0.0,
        "fc2": 0.0,
        "fc3": 0.0
      },
      "critic_per_layer": {
        "fc1": 3537188.628993708,
        "fc2": 3655833.0050653866,
        "fc3": 58666184.00331478
      }
    },
    {
      "episode": 50,
      "actor_grad": 0.0,
      "critic_grad": 119488841.26826602,
      "actor_per_layer": {
        "fc1": 0.0,
        "fc2": 0.0,
        "fc3": 0.0
      },
      "critic_per_layer": {
        "fc1": 7235391.757016038,
        "fc2": 7402330.50745484,
        "fc3": 119039648.00356972
      }
    },
    {
      "episode": 60,
      "actor_grad": 0.0,
      "critic_grad": 27099407.658633724,
      "actor_per_layer": {
        "fc1": 0.0,
        "fc2": 0.0,
        "fc3": 0.0
      },
      "critic_per_layer": {
        "fc1": 1663785.0559616298,
        "fc2": 1681302.6268360938,
        "fc3": 26995980.00098105
      }
    },
    {
      "episode": 70,
      "actor_grad": 0.0,
      "critic_grad": 19514238.73063117,
      "actor_per_layer": {
        "fc1": 0.0,
        "fc2": 0.0,
        "fc3": 0.0
      },
      "critic_per_layer": {
        "fc1": 1370681.1632148528,
        "fc2": 1212148.6266223425,
        "fc3": 19428264.00098195
      }
    },
    {
      "episode": 80,
      "actor_grad": 0.0,
      "critic_grad": 20341796.955127154,
      "actor_per_layer": {
        "fc1": 0.0,
        "fc2": 0.0,
        "fc3": 0.0
      },
      "critic_per_layer": {
        "fc1": 1282164.2878258687,
        "fc2": 1263502.3765167817,
        "fc3": 20261992.000965275
      }
    },
    {
      "episode": 90,
      "actor_grad": 0.0,
      "critic_grad": 55082810.45952987,
      "actor_per_layer": {
        "fc1": 0.0,
        "fc2": 0.0,
        "fc3": 0.0
      },
      "critic_per_layer": {
        "fc1": 3359426.375147796,
        "fc2": 3419348.754564074,
        "fc3": 54873840.002729125
      }
    },
    {
      "episode": 100,
      "actor_grad": 0.0,
      "critic_grad": 17220216.04420542,
      "actor_per_layer": {
        "fc1": 0.0,
        "fc2": 0.0,
        "fc3": 0.0
      },
      "critic_per_layer": {
        "fc1": 1220703.284353308,
        "fc2": 1068748.3764001608,
        "fc3": 17143614.000805687
      }
    },
    {
      "episode": 110,
      "actor_grad": 0.0,
      "critic_grad": 29236988.271805327,
      "actor_per_layer": {
        "fc1": 0.0,
        "fc2": 0.0,
        "fc3": 0.0
      },
      "critic_per_layer": {
        "fc1": 1773641.311922205,
        "fc2": 1813090.8770052886,
        "fc3": 29126764.00107031
      }
    },
    {
      "episode": 120,
      "actor_grad": 0.0,
      "critic_grad": 14148523.73838921,
      "actor_per_layer": {
        "fc1": 0.0,
        "fc2": 0.0,
        "fc3": 0.0
      },
      "critic_per_layer": {
        "fc1": 863653.7794539953,
        "fc2": 876950.9384236339,
        "fc3": 14094885.000474311
      }
    },
    {
      "episode": 130,
      "actor_grad": 0.0,
      "critic_grad": 58006407.982431464,
      "actor_per_layer": {
        "fc1": 0.0,
        "fc2": 0.0,
        "fc3": 0.0
      },
      "critic_per_layer": {
        "fc1": 3572277.8701516716,
        "fc2": 3595132.003741606,
        "fc3": 57784576.0018916
      }
    },
    {
      "episode": 140,
      "actor_grad": 0.0,
      "critic_grad": 8375303.819837104,
      "actor_per_layer": {
        "fc1": 0.0,
        "fc2": 0.0,
        "fc3": 0.0
      },
      "critic_per_layer": {
        "fc1": 940081.0802947427,
        "fc2": 519846.90724680864,
        "fc3": 8306125.500501168
      }
    },
    {
      "episode": 150,
      "actor_grad": 0.0,
      "critic_grad": 10620090.450788874,
      "actor_per_layer": {
        "fc1": 0.0,
        "fc2": 0.0,
        "fc3": 0.0
      },
      "critic_per_layer": {
        "fc1": 715967.1473387904,
        "fc2": 658058.3132366333,
        "fc3": 10575475.000360444
      }
    },
    {
      "episode": 160,
      "actor_grad": 0.0,
      "critic_grad": 38411797.715814166,
      "actor_per_layer": {
        "fc1": 0.0,
        "fc2": 0.0,
        "fc3": 0.0
      },
      "critic_per_layer": {
        "fc1": 2350894.3438319587,
        "fc2": 2380252.2528136657,
        "fc3": 38265832.00137873
      }
    },
    {
      "episode": 170,
      "actor_grad": 0.0,
      "critic_grad": 37339861.23808393,
      "actor_per_layer": {
        "fc1": 0.0,
        "fc2": 0.0,
        "fc3": 0.0
      },
      "critic_per_layer": {
        "fc1": 2391443.82832858,
        "fc2": 2312913.752345915,
        "fc3": 37191352.001097254
      }
    },
    {
      "episode": 180,
      "actor_grad": 0.0,
      "critic_grad": 25873384.22847559,
      "actor_per_layer": {
        "fc1": 0.0,
        "fc2": 0.0,
        "fc3": 0.0
      },
      "critic_per_layer": {
        "fc1": 1664548.808685141,
        "fc2": 1602940.876774269,
        "fc3": 25769980.000834312
      }
    },
    {
      "episode": 190,
      "actor_grad": 0.0,
      "critic_grad": 2597810.5160945104,
      "actor_per_layer": {
        "fc1": 0.0,
        "fc2": 0.0,
        "fc3": 0.0
      },
      "critic_per_layer": {
        "fc1": 329864.0661507665,
        "fc2": 161447.87522690376,
        "fc3": 2571720.000112459
      }
    },
    {
      "episode": 200,
      "actor_grad": 0.0,
      "critic_grad": 44713621.052606314,
      "actor_per_layer": {
        "fc1": 0.0,
        "fc2": 0.0,
        "fc3": 0.0
      },
      "critic_per_layer": {
        "fc1": 2725058.096816955,
        "fc2": 2770091.252820765,
        "fc3": 44544456.00134878
      }
    },
    {
      "episode": 210,
      "actor_grad": 0.0,
      "critic_grad": 44928342.30713343,
      "actor_per_layer": {
        "fc1": 0.0,
        "fc2": 0.0,
        "fc3": 0.0
      },
      "critic_per_layer": {
        "fc1": 2724186.8528356873,
        "fc2": 2781086.2526830216,
        "fc3": 44759360.00115429
      }
    },
    {
      "episode": 220,
      "actor_grad": 0.0,
      "critic_grad": 6966371.6396635,
      "actor_per_layer": {
        "fc1": 0.0,
        "fc2": 0.0,
        "fc3": 0.0
      },
      "critic_per_layer": {
        "fc1": 442870.17048452754,
        "fc2": 430897.1253580193,
        "fc3": 6938914.000141602
      }
    },
    {
      "episode": 230,
      "actor_grad": 0.0,
      "critic_grad": 31163215.07492173,
      "actor_per_layer": {
        "fc1": 0.0,
        "fc2": 0.0,
        "fc3": 0.0
      },
      "critic_per_layer": {
        "fc1": 1963019.0680730974,
        "fc2": 1926228.8765537767,
        "fc3": 31041620.000562806
      }
    },
    {
      "episode": 240,
      "actor_grad": 0.0,
      "critic_grad": 689579.1232912942,
      "actor_per_layer": {
        "fc1": 0.0,
        "fc2": 0.0,
        "fc3": 0.0
      },
      "critic_per_layer": {
        "fc1": 191414.18980122995,
        "fc2": 42753.238502854096,
        "fc3": 661099.1875803863
      }
    },
    {
      "episode": 250,
      "actor_grad": 0.0,
      "critic_grad": 6041635.153869791,
      "actor_per_layer": {
        "fc1": 0.0,
        "fc2": 0.0,
        "fc3": 0.0
      },
      "critic_per_layer": {
        "fc1": 426904.4466154089,
        "fc2": 373186.1252144015,
        "fc3": 6014968.00007138
      }
    },
    {
      "episode": 260,
      "actor_grad": 0.0,
      "critic_grad": 91121580.62235577,
      "actor_per_layer": {
        "fc1": 0.0,
        "fc2": 0.0,
        "fc3": 0.0
      },
      "critic_per_layer": {
        "fc1": 5565327.69118605,
        "fc2": 5627957.003878279,
        "fc3": 90777176.00128734
      }
    },
    {
      "episode": 270,
      "actor_grad": 0.0,
      "critic_grad": 19788969.78698638,
      "actor_per_layer": {
        "fc1": 0.0,
        "fc2": 0.0,
        "fc3": 0.0
      },
      "critic_per_layer": {
        "fc1": 1222885.1700299247,
        "fc2": 1222774.875966879,
        "fc3": 19713262.00033584
      }
    },
    {
      "episode": 280,
      "actor_grad": 0.0,
      "critic_grad": 46040956.97803221,
      "actor_per_layer": {
        "fc1": 0.0,
        "fc2": 0.0,
        "fc3": 0.0
      },
      "critic_per_layer": {
        "fc1": 2806206.603841867,
        "fc2": 2844506.7521789023,
        "fc3": 45867240.00074973
      }
    },
    {
      "episode": 290,
      "actor_grad": 0.0,
      "critic_grad": 16521581.699973065,
      "actor_per_layer": {
        "fc1": 0.0,
        "fc2": 0.0,
        "fc3": 0.0
      },
      "critic_per_layer": {
        "fc1": 1022879.9152044166,
        "fc2": 1020085.8132989767,
        "fc3": 16458305.000256328
      }
    },
    {
      "episode": 300,
      "actor_grad": 0.0,
      "critic_grad": 4787331.79961993,
      "actor_per_layer": {
        "fc1": 0.0,
        "fc2": 0.0,
        "fc3": 0.0
      },
      "critic_per_layer": {
        "fc1": 493652.3547138268,
        "fc2": 295102.59409717435,
        "fc3": 4752659.000106657
      }
    },
    {
      "episode": 310,
      "actor_grad": 0.0,
      "critic_grad": 1269642.5701922267,
      "actor_per_layer": {
        "fc1": 0.0,
        "fc2": 0.0,
        "fc3": 0.0
      },
      "critic_per_layer": {
        "fc1": 143014.59525238376,
        "fc2": 78315.02349159503,
        "fc3": 1259129.0000173259
      }
    }
  ],
  "asymmetry_history": [
    {
      "episode": 10,
      "ratio": 0.0,
      "actor_grad": 0.0,
      "critic_grad": 24217933.481706146
    },
    {
      "episode": 20,
      "ratio": 0.0,
      "actor_grad": 0.0,
      "critic_grad": 73836623.11185735
    },
    {
      "episode": 30,
      "ratio": 0.0,
      "actor_grad": 0.0,
      "critic_grad": 111067017.92786162
    },
    {
      "episode": 40,
      "ratio": 0.0,
      "actor_grad": 0.0,
      "critic_grad": 58886313.89269322
    },
    {
      "episode": 50,
      "ratio": 0.0,
      "actor_grad": 0.0,
      "critic_grad": 119488841.26826602
    },
    {
      "episode": 60,
      "ratio": 0.0,
      "actor_grad": 0.0,
      "critic_grad": 27099407.658633724
    },
    {
      "episode": 70,
      "ratio": 0.0,
      "actor_grad": 0.0,
      "critic_grad": 19514238.73063117
    },
    {
      "episode": 80,
      "ratio": 0.0,
      "actor_grad": 0.0,
      "critic_grad": 20341796.955127154
    },
    {
      "episode": 90,
      "ratio": 0.0,
      "actor_grad": 0.0,
      "critic_grad": 55082810.45952987
    },
    {
      "episode": 100,
      "ratio": 0.0,
      "actor_grad": 0.0,
      "critic_grad": 17220216.04420542
    },
    {
      "episode": 110,
      "ratio": 0.0,
      "actor_grad": 0.0,
      "critic_grad": 29236988.271805327
    },
    {
      "episode": 120,
      "ratio": 0.0,
      "actor_grad": 0.0,
      "critic_grad": 14148523.73838921
    },
    {
      "episode": 130,
      "ratio": 0.0,
      "actor_grad": 0.0,
      "critic_grad": 58006407.982431464
    },
    {
      "episode": 140,
      "ratio": 0.0,
      "actor_grad": 0.0,
      "critic_grad": 8375303.819837104
    },
    {
      "episode": 150,
      "ratio": 0.0,
      "actor_grad": 0.0,
      "critic_grad": 10620090.450788874
    },
    {
      "episode": 160,
      "ratio": 0.0,
      "actor_grad": 0.0,
      "critic_grad": 38411797.715814166
    },
    {
      "episode": 170,
      "ratio": 0.0,
      "actor_grad": 0.0,
      "critic_grad": 37339861.23808393
    },
    {
      "episode": 180,
      "ratio": 0.0,
      "actor_grad": 0.0,
      "critic_grad": 25873384.22847559
    },
    {
      "episode": 190,
      "ratio": 0.0,
      "actor_grad": 0.0,
      "critic_grad": 2597810.5160945104
    },
    {
      "episode": 200,
      "ratio": 0.0,
      "actor_grad": 0.0,
      "critic_grad": 44713621.052606314
    },
    {
      "episode": 210,
      "ratio": 0.0,
      "actor_grad": 0.0,
      "critic_grad": 44928342.30713343
    },
    {
      "episode": 220,
      "ratio": 0.0,
      "actor_grad": 0.0,
      "critic_grad": 6966371.6396635
    },
    {
      "episode": 230,
      "ratio": 0.0,
      "actor_grad": 0.0,
      "critic_grad": 31163215.07492173
    },
    {
      "episode": 240,
      "ratio": 0.0,
      "actor_grad": 0.0,
      "critic_grad": 689579.1232912942
    },
    {
      "episode": 250,
      "ratio": 0.0,
      "actor_grad": 0.0,
      "critic_grad": 6041635.153869791
    },
    {
      "episode": 260,
      "ratio": 0.0,
      "actor_grad": 0.0,
      "critic_grad": 91121580.62235577
    },
    {
      "episode": 270,
      "ratio": 0.0,
      "actor_grad": 0.0,
      "critic_grad": 19788969.78698638
    },
    {
      "episode": 280,
      "ratio": 0.0,
      "actor_grad": 0.0,
      "critic_grad": 46040956.97803221
    },
    {
      "episode": 290,
      "ratio": 0.0,
      "actor_grad": 0.0,
      "critic_grad": 16521581.699973065
    },
    {
      "episode": 300,
      "ratio": 0.0,
      "actor_grad": 0.0,
      "critic_grad": 4787331.79961993
    },
    {
      "episode": 310,
      "ratio": 0.0,
      "actor_grad": 0.0,
      "critic_grad": 1269642.5701922267
    }
  ],
  "activation_history": [
    {
      "episode": 10,
      "mean_preact": -291.90460205078125,
      "std_preact": 4387.65380859375,
      "min_preact": -26878.970703125,
      "max_preact": 26822.12890625,
      "avg_actor_output_saturation": 0.9428373702422145,
      "actor_activations_sample": {
        "fc3": {
          "min": -1.0,
          "max": 1.0,
          "mean": -0.06494279205799103,
          "saturation": 0.9428373702422145
        }
      }
    },
    {
      "episode": 20,
      "mean_preact": -950.015869140625,
      "std_preact": 13247.986328125,
      "min_preact": -54783.140625,
      "max_preact": 54694.828125,
      "avg_actor_output_saturation": 1.0,
      "actor_activations_sample": {
        "fc3": {
          "min": -1.0,
          "max": 1.0,
          "mean": -0.06666667014360428,
          "saturation": 1.0
        }
      }
    },
    {
      "episode": 30,
      "mean_preact": -1349.1416015625,
      "std_preact": 19372.36328125,
      "min_preact": -69006.109375,
      "max_preact": 68903.9453125,
      "avg_actor_output_saturation": 1.0,
      "actor_activations_sample": {
        "fc3": {
          "min": -1.0,
          "max": 1.0,
          "mean": -0.06666667014360428,
          "saturation": 1.0
        }
      }
    },
    {
      "episode": 40,
      "mean_preact": -1580.7369384765625,
      "std_preact": 22381.349609375,
      "min_preact": -75201.1640625,
      "max_preact": 75093.2578125,
      "avg_actor_output_saturation": 1.0,
      "actor_activations_sample": {
        "fc3": {
          "min": -1.0,
          "max": 1.0,
          "mean": -0.06666667014360428,
          "saturation": 1.0
        }
      }
    },
    {
      "episode": 50,
      "mean_preact": -1676.6846923828125,
      "std_preact": 23592.013671875,
      "min_preact": -76790.0,
      "max_preact": 76680.7265625,
      "avg_actor_output_saturation": 1.0,
      "actor_activations_sample": {
        "fc3": {
          "min": -1.0,
          "max": 1.0,
          "mean": -0.06666667014360428,
          "saturation": 1.0
        }
      }
    },
    {
      "episode": 60,
      "mean_preact": -1726.0216064453125,
      "std_preact": 24061.30078125,
      "min_preact": -77296.484375,
      "max_preact": 77187.3671875,
      "avg_actor_output_saturation": 1.0,
      "actor_activations_sample": {
        "fc3": {
          "min": -1.0,
          "max": 1.0,
          "mean": -0.06666667014360428,
          "saturation": 1.0
        }
      }
    },
    {
      "episode": 70,
      "mean_preact": -1727.4893798828125,
      "std_preact": 24221.79296875,
      "min_preact": -79070.109375,
      "max_preact": 78958.6796875,
      "avg_actor_output_saturation": 1.0,
      "actor_activations_sample": {
        "fc3": {
          "min": -1.0,
          "max": 1.0,
          "mean": -0.06666667014360428,
          "saturation": 1.0
        }
      }
    },
    {
      "episode": 80,
      "mean_preact": -1715.09521484375,
      "std_preact": 24306.841796875,
      "min_preact": -79211.109375,
      "max_preact": 79099.546875,
      "avg_actor_output_saturation": 1.0,
      "actor_activations_sample": {
        "fc3": {
          "min": -1.0,
          "max": 1.0,
          "mean": -0.06666667014360428,
          "saturation": 1.0
        }
      }
    },
    {
      "episode": 90,
      "mean_preact": -1709.088623046875,
      "std_preact": 24336.08203125,
      "min_preact": -79263.6328125,
      "max_preact": 79152.0234375,
      "avg_actor_output_saturation": 1.0,
      "actor_activations_sample": {
        "fc3": {
          "min": -1.0,
          "max": 1.0,
          "mean": -0.06666667014360428,
          "saturation": 1.0
        }
      }
    },
    {
      "episode": 100,
      "mean_preact": -1734.32080078125,
      "std_preact": 24340.63671875,
      "min_preact": -79266.5546875,
      "max_preact": 79154.9453125,
      "avg_actor_output_saturation": 1.0,
      "actor_activations_sample": {
        "fc3": {
          "min": -1.0,
          "max": 1.0,
          "mean": -0.06666667014360428,
          "saturation": 1.0
        }
      }
    },
    {
      "episode": 110,
      "mean_preact": -1703.0946044921875,
      "std_preact": 24297.837890625,
      "min_preact": -79288.78125,
      "max_preact": 79177.1484375,
      "avg_actor_output_saturation": 1.0,
      "actor_activations_sample": {
        "fc3": {
          "min": -1.0,
          "max": 1.0,
          "mean": -0.06666667014360428,
          "saturation": 1.0
        }
      }
    },
    {
      "episode": 120,
      "mean_preact": -1703.56787109375,
      "std_preact": 24359.86328125,
      "min_preact": -78815.9140625,
      "max_preact": 78704.9375,
      "avg_actor_output_saturation": 1.0,
      "actor_activations_sample": {
        "fc3": {
          "min": -1.0,
          "max": 1.0,
          "mean": -0.06666667014360428,
          "saturation": 1.0
        }
      }
    },
    {
      "episode": 130,
      "mean_preact": -1722.6016845703125,
      "std_preact": 24325.439453125,
      "min_preact": -78349.1875,
      "max_preact": 78238.875,
      "avg_actor_output_saturation": 1.0,
      "actor_activations_sample": {
        "fc3": {
          "min": -1.0,
          "max": 1.0,
          "mean": -0.06666667014360428,
          "saturation": 1.0
        }
      }
    },
    {
      "episode": 140,
      "mean_preact": -1739.7601318359375,
      "std_preact": 24358.408203125,
      "min_preact": -78349.4609375,
      "max_preact": 78239.1484375,
      "avg_actor_output_saturation": 1.0,
      "actor_activations_sample": {
        "fc3": {
          "min": -1.0,
          "max": 1.0,
          "mean": -0.06666667014360428,
          "saturation": 1.0
        }
      }
    },
    {
      "episode": 150,
      "mean_preact": -1742.9237060546875,
      "std_preact": 24401.123046875,
      "min_preact": -79294.2421875,
      "max_preact": 79182.6015625,
      "avg_actor_output_saturation": 1.0,
      "actor_activations_sample": {
        "fc3": {
          "min": -1.0,
          "max": 1.0,
          "mean": -0.06666667014360428,
          "saturation": 1.0
        }
      }
    },
    {
      "episode": 160,
      "mean_preact": -1760.7919921875,
      "std_preact": 24366.32421875,
      "min_preact": -78349.6328125,
      "max_preact": 78239.3203125,
      "avg_actor_output_saturation": 1.0,
      "actor_activations_sample": {
        "fc3": {
          "min": -1.0,
          "max": 1.0,
          "mean": -0.06666667014360428,
          "saturation": 1.0
        }
      }
    },
    {
      "episode": 170,
      "mean_preact": -1723.5501708984375,
      "std_preact": 24343.05078125,
      "min_preact": -79354.6640625,
      "max_preact": 79242.9375,
      "avg_actor_output_saturation": 1.0,
      "actor_activations_sample": {
        "fc3": {
          "min": -1.0,
          "max": 1.0,
          "mean": -0.06666667014360428,
          "saturation": 1.0
        }
      }
    },
    {
      "episode": 180,
      "mean_preact": -1748.5762939453125,
      "std_preact": 24347.205078125,
      "min_preact": -79581.8359375,
      "max_preact": 79469.7890625,
      "avg_actor_output_saturation": 1.0,
      "actor_activations_sample": {
        "fc3": {
          "min": -1.0,
          "max": 1.0,
          "mean": -0.06666667014360428,
          "saturation": 1.0
        }
      }
    },
    {
      "episode": 190,
      "mean_preact": -1754.2318115234375,
      "std_preact": 24290.90234375,
      "min_preact": -78818.8359375,
      "max_preact": 78707.859375,
      "avg_actor_output_saturation": 1.0,
      "actor_activations_sample": {
        "fc3": {
          "min": -1.0,
          "max": 1.0,
          "mean": -0.06666667014360428,
          "saturation": 1.0
        }
      }
    },
    {
      "episode": 200,
      "mean_preact": -1713.790283203125,
      "std_preact": 24279.490234375,
      "min_preact": -79294.2578125,
      "max_preact": 79182.6171875,
      "avg_actor_output_saturation": 1.0,
      "actor_activations_sample": {
        "fc3": {
          "min": -1.0,
          "max": 1.0,
          "mean": -0.06666667014360428,
          "saturation": 1.0
        }
      }
    },
    {
      "episode": 210,
      "mean_preact": -1742.97607421875,
      "std_preact": 24296.767578125,
      "min_preact": -78818.8359375,
      "max_preact": 78707.859375,
      "avg_actor_output_saturation": 1.0,
      "actor_activations_sample": {
        "fc3": {
          "min": -1.0,
          "max": 1.0,
          "mean": -0.06666667014360428,
          "saturation": 1.0
        }
      }
    },
    {
      "episode": 220,
      "mean_preact": -1694.8631591796875,
      "std_preact": 24303.583984375,
      "min_preact": -79294.2578125,
      "max_preact": 79182.6171875,
      "avg_actor_output_saturation": 1.0,
      "actor_activations_sample": {
        "fc3": {
          "min": -1.0,
          "max": 1.0,
          "mean": -0.06666667014360428,
          "saturation": 1.0
        }
      }
    },
    {
      "episode": 230,
      "mean_preact": -1713.21923828125,
      "std_preact": 24283.435546875,
      "min_preact": -79294.2578125,
      "max_preact": 79182.6171875,
      "avg_actor_output_saturation": 1.0,
      "actor_activations_sample": {
        "fc3": {
          "min": -1.0,
          "max": 1.0,
          "mean": -0.06666667014360428,
          "saturation": 1.0
        }
      }
    },
    {
      "episode": 240,
      "mean_preact": -1714.6810302734375,
      "std_preact": 24306.919921875,
      "min_preact": -79060.328125,
      "max_preact": 78949.0234375,
      "avg_actor_output_saturation": 1.0,
      "actor_activations_sample": {
        "fc3": {
          "min": -1.0,
          "max": 1.0,
          "mean": -0.06666667014360428,
          "saturation": 1.0
        }
      }
    },
    {
      "episode": 250,
      "mean_preact": -1723.283447265625,
      "std_preact": 24332.884765625,
      "min_preact": -79581.8359375,
      "max_preact": 79469.7890625,
      "avg_actor_output_saturation": 1.0,
      "actor_activations_sample": {
        "fc3": {
          "min": -1.0,
          "max": 1.0,
          "mean": -0.06666667014360428,
          "saturation": 1.0
        }
      }
    },
    {
      "episode": 260,
      "mean_preact": -1689.646240234375,
      "std_preact": 24354.93359375,
      "min_preact": -79060.328125,
      "max_preact": 78949.0234375,
      "avg_actor_output_saturation": 1.0,
      "actor_activations_sample": {
        "fc3": {
          "min": -1.0,
          "max": 1.0,
          "mean": -0.06666667014360428,
          "saturation": 1.0
        }
      }
    },
    {
      "episode": 270,
      "mean_preact": -1703.8521728515625,
      "std_preact": 24346.6796875,
      "min_preact": -78459.96875,
      "max_preact": 78349.5,
      "avg_actor_output_saturation": 1.0,
      "actor_activations_sample": {
        "fc3": {
          "min": -1.0,
          "max": 1.0,
          "mean": -0.06666667014360428,
          "saturation": 1.0
        }
      }
    },
    {
      "episode": 280,
      "mean_preact": -1719.7412109375,
      "std_preact": 24367.865234375,
      "min_preact": -79060.328125,
      "max_preact": 78949.0234375,
      "avg_actor_output_saturation": 1.0,
      "actor_activations_sample": {
        "fc3": {
          "min": -1.0,
          "max": 1.0,
          "mean": -0.06666667014360428,
          "saturation": 1.0
        }
      }
    },
    {
      "episode": 290,
      "mean_preact": -1727.502197265625,
      "std_preact": 24435.73828125,
      "min_preact": -79060.328125,
      "max_preact": 78949.0234375,
      "avg_actor_output_saturation": 1.0,
      "actor_activations_sample": {
        "fc3": {
          "min": -1.0,
          "max": 1.0,
          "mean": -0.06666667014360428,
          "saturation": 1.0
        }
      }
    },
    {
      "episode": 300,
      "mean_preact": -1713.2408447265625,
      "std_preact": 24428.185546875,
      "min_preact": -79354.6640625,
      "max_preact": 79242.9375,
      "avg_actor_output_saturation": 1.0,
      "actor_activations_sample": {
        "fc3": {
          "min": -1.0,
          "max": 1.0,
          "mean": -0.06666667014360428,
          "saturation": 1.0
        }
      }
    },
    {
      "episode": 310,
      "mean_preact": -1721.556396484375,
      "std_preact": 24369.818359375,
      "min_preact": -79060.328125,
      "max_preact": 78949.0234375,
      "avg_actor_output_saturation": 1.0,
      "actor_activations_sample": {
        "fc3": {
          "min": -1.0,
          "max": 1.0,
          "mean": -0.06666667014360428,
          "saturation": 1.0
        }
      }
    }
  ]
}