{
  "gradient_history": [
    {
      "episode": 10,
      "actor_grad": 0.0,
      "critic_grad": 2642993.8334800783,
      "actor_per_layer": {
        "fc1": 0.0,
        "fc2": 0.0,
        "fc3": 0.0
      },
      "critic_per_layer": {
        "fc1": 177659.75644762648,
        "fc2": 175092.8937080085,
        "fc3": 2631196.665649614
      }
    },
    {
      "episode": 20,
      "actor_grad": 0.0,
      "critic_grad": 4632904.819863638,
      "actor_per_layer": {
        "fc1": 0.0,
        "fc2": 0.0,
        "fc3": 0.0
      },
      "critic_per_layer": {
        "fc1": 305958.1673157885,
        "fc2": 283598.3550405114,
        "fc3": 4614083.7273273235
      }
    },
    {
      "episode": 30,
      "actor_grad": 0.0,
      "critic_grad": 7699951.154387977,
      "actor_per_layer": {
        "fc1": 0.0,
        "fc2": 0.0,
        "fc3": 0.0
      },
      "critic_per_layer": {
        "fc1": 511794.29974871344,
        "fc2": 464923.20430039766,
        "fc3": 7668843.510517639
      }
    },
    {
      "episode": 40,
      "actor_grad": 0.0,
      "critic_grad": 11236660.90792368,
      "actor_per_layer": {
        "fc1": 0.0,
        "fc2": 0.0,
        "fc3": 0.0
      },
      "critic_per_layer": {
        "fc1": 756167.7146538493,
        "fc2": 680942.3591397036,
        "fc3": 11190490.43833668
      }
    },
    {
      "episode": 50,
      "actor_grad": 0.0,
      "critic_grad": 20271163.37236758,
      "actor_per_layer": {
        "fc1": 0.0,
        "fc2": 0.0,
        "fc3": 0.0
      },
      "critic_per_layer": {
        "fc1": 1371926.5494596825,
        "fc2": 1231523.8064848532,
        "fc3": 20187155.102345787
      }
    },
    {
      "episode": 60,
      "actor_grad": 0.0,
      "critic_grad": 29598527.07276641,
      "actor_per_layer": {
        "fc1": 0.0,
        "fc2": 0.0,
        "fc3": 0.0
      },
      "critic_per_layer": {
        "fc1": 2001638.0734630122,
        "fc2": 1791596.3077188542,
        "fc3": 29476370.74964144
      }
    },
    {
      "episode": 70,
      "actor_grad": 0.0,
      "critic_grad": 35449019.767516434,
      "actor_per_layer": {
        "fc1": 0.0,
        "fc2": 0.0,
        "fc3": 0.0
      },
      "critic_per_layer": {
        "fc1": 2383950.585788986,
        "fc2": 2132595.297602056,
        "fc3": 35304416.42881147
      }
    },
    {
      "episode": 80,
      "actor_grad": 0.0,
      "critic_grad": 54142087.24283841,
      "actor_per_layer": {
        "fc1": 0.0,
        "fc2": 0.0,
        "fc3": 0.0
      },
      "critic_per_layer": {
        "fc1": 3611078.1300259973,
        "fc2": 3229348.5524408277,
        "fc3": 53924920.34001369
      }
    },
    {
      "episode": 90,
      "actor_grad": 0.0,
      "critic_grad": 67599630.15404767,
      "actor_per_layer": {
        "fc1": 0.0,
        "fc2": 0.0,
        "fc3": 0.0
      },
      "critic_per_layer": {
        "fc1": 4460230.661845676,
        "fc2": 3994398.048779008,
        "fc3": 67333952.23536988
      }
    },
    {
      "episode": 100,
      "actor_grad": 0.0,
      "critic_grad": 84203609.76863262,
      "actor_per_layer": {
        "fc1": 0.0,
        "fc2": 0.0,
        "fc3": 0.0
      },
      "critic_per_layer": {
        "fc1": 5506261.698128594,
        "fc2": 4937122.046124083,
        "fc3": 83878208.17161965
      }
    },
    {
      "episode": 110,
      "actor_grad": 0.0,
      "critic_grad": 92742882.03488022,
      "actor_per_layer": {
        "fc1": 0.0,
        "fc2": 0.0,
        "fc3": 0.0
      },
      "critic_per_layer": {
        "fc1": 6010528.214488391,
        "fc2": 5399930.5396271385,
        "fc3": 92390240.1170478
      }
    },
    {
      "episode": 120,
      "actor_grad": 0.0,
      "critic_grad": 137080366.32951796,
      "actor_per_layer": {
        "fc1": 0.0,
        "fc2": 0.0,
        "fc3": 0.0
      },
      "critic_per_layer": {
        "fc1": 8820066.319590744,
        "fc2": 7936441.047841499,
        "fc3": 136565904.11463252
      }
    },
    {
      "episode": 130,
      "actor_grad": 0.0,
      "critic_grad": 152197975.65066144,
      "actor_per_layer": {
        "fc1": 0.0,
        "fc2": 0.0,
        "fc3": 0.0
      },
      "critic_per_layer": {
        "fc1": 9739368.349789755,
        "fc2": 8772102.0437687,
        "fc3": 151632512.08774507
      }
    },
    {
      "episode": 140,
      "actor_grad": 0.0,
      "critic_grad": 86251833.17438446,
      "actor_per_layer": {
        "fc1": 0.0,
        "fc2": 0.0,
        "fc3": 0.0
      },
      "critic_per_layer": {
        "fc1": 5488430.2010265095,
        "fc2": 4952562.521298992,
        "fc3": 85934440.03624468
      }
    },
    {
      "episode": 150,
      "actor_grad": 0.0,
      "critic_grad": 98230770.07786408,
      "actor_per_layer": {
        "fc1": 0.0,
        "fc2": 0.0,
        "fc3": 0.0
      },
      "critic_per_layer": {
        "fc1": 6230644.222856366,
        "fc2": 5620330.520264327,
        "fc3": 97871728.02960704
      }
    },
    {
      "episode": 160,
      "actor_grad": 0.0,
      "critic_grad": 195220138.96214232,
      "actor_per_layer": {
        "fc1": 0.0,
        "fc2": 0.0,
        "fc3": 0.0
      },
      "critic_per_layer": {
        "fc1": 12326487.449466737,
        "fc2": 11137144.035828628,
        "fc3": 194512016.04600552
      }
    },
    {
      "episode": 170,
      "actor_grad": 0.0,
      "critic_grad": 27817341.284711618,
      "actor_per_layer": {
        "fc1": 0.0,
        "fc2": 0.0,
        "fc3": 0.0
      },
      "critic_per_layer": {
        "fc1": 1771272.0620986552,
        "fc2": 1582629.6294163505,
        "fc3": 27715742.00500942
      }
    },
    {
      "episode": 180,
      "actor_grad": 0.0,
      "critic_grad": 129601922.21583965,
      "actor_per_layer": {
        "fc1": 0.0,
        "fc2": 0.0,
        "fc3": 0.0
      },
      "critic_per_layer": {
        "fc1": 8142831.790812383,
        "fc2": 7354663.018292186,
        "fc3": 129136600.0185635
      }
    },
    {
      "episode": 190,
      "actor_grad": 0.0,
      "critic_grad": 187436545.57602185,
      "actor_per_layer": {
        "fc1": 0.0,
        "fc2": 0.0,
        "fc3": 0.0
      },
      "critic_per_layer": {
        "fc1": 11741399.421250274,
        "fc2": 10611277.023755258,
        "fc3": 186767232.02164748
      }
    },
    {
      "episode": 200,
      "actor_grad": 0.0,
      "critic_grad": 121767977.79934683,
      "actor_per_layer": {
        "fc1": 0.0,
        "fc2": 0.0,
        "fc3": 0.0
      },
      "critic_per_layer": {
        "fc1": 7597597.279611533,
        "fc2": 6878049.5141197415,
        "fc3": 121335936.01155587
      }
    },
    {
      "episode": 210,
      "actor_grad": 0.0,
      "critic_grad": 4767309.957447331,
      "actor_per_layer": {
        "fc1": 0.0,
        "fc2": 0.0,
        "fc3": 0.0
      },
      "critic_per_layer": {
        "fc1": 710530.3177750022,
        "fc2": 272266.28181813547,
        "fc3": 4706194.000430067
      }
    },
    {
      "episode": 220,
      "actor_grad": 0.0,
      "critic_grad": 268444505.4985807,
      "actor_per_layer": {
        "fc1": 0.0,
        "fc2": 0.0,
        "fc3": 0.0
      },
      "critic_per_layer": {
        "fc1": 16685812.61102615,
        "fc2": 15107326.025904695,
        "fc3": 267499168.01783565
      }
    },
    {
      "episode": 230,
      "actor_grad": 0.0,
      "critic_grad": 169532731.78356147,
      "actor_per_layer": {
        "fc1": 0.0,
        "fc2": 0.0,
        "fc3": 0.0
      },
      "critic_per_layer": {
        "fc1": 10543450.377170185,
        "fc2": 9526628.014978344,
        "fc3": 168936160.00964794
      }
    },
    {
      "episode": 240,
      "actor_grad": 0.0,
      "critic_grad": 150329270.28774148,
      "actor_per_layer": {
        "fc1": 0.0,
        "fc2": 0.0,
        "fc3": 0.0
      },
      "critic_per_layer": {
        "fc1": 9324900.33456163,
        "fc2": 8434639.012340799,
        "fc3": 149802512.00739866
      }
    },
    {
      "episode": 250,
      "actor_grad": 0.0,
      "critic_grad": 144548991.7642894,
      "actor_per_layer": {
        "fc1": 0.0,
        "fc2": 0.0,
        "fc3": 0.0
      },
      "critic_per_layer": {
        "fc1": 8958072.321577026,
        "fc2": 8098569.011060849,
        "fc3": 144043664.00618628
      }
    },
    {
      "episode": 260,
      "actor_grad": 0.0,
      "critic_grad": 153129700.90333888,
      "actor_per_layer": {
        "fc1": 0.0,
        "fc2": 0.0,
        "fc3": 0.0
      },
      "critic_per_layer": {
        "fc1": 9481125.340130482,
        "fc2": 8567741.010970976,
        "fc3": 152595568.00575724
      }
    },
    {
      "episode": 270,
      "actor_grad": 0.0,
      "critic_grad": 70404650.01700899,
      "actor_per_layer": {
        "fc1": 0.0,
        "fc2": 0.0,
        "fc3": 0.0
      },
      "critic_per_layer": {
        "fc1": 4357516.161660478,
        "fc2": 3934149.254924333,
        "fc3": 70159456.00244041
      }
    },
    {
      "episode": 280,
      "actor_grad": 0.0,
      "critic_grad": 65768302.558193594,
      "actor_per_layer": {
        "fc1": 0.0,
        "fc2": 0.0,
        "fc3": 0.0
      },
      "critic_per_layer": {
        "fc1": 4060367.39560992,
        "fc2": 3670856.004206813,
        "fc3": 65540124.00198172
      }
    },
    {
      "episode": 290,
      "actor_grad": 0.0,
      "critic_grad": 84381725.47326827,
      "actor_per_layer": {
        "fc1": 0.0,
        "fc2": 0.0,
        "fc3": 0.0
      },
      "critic_per_layer": {
        "fc1": 5747333.706960961,
        "fc2": 4709093.006336475,
        "fc3": 84053960.00287265
      }
    },
    {
      "episode": 300,
      "actor_grad": 0.0,
      "critic_grad": 95946063.88693313,
      "actor_per_layer": {
        "fc1": 0.0,
        "fc2": 0.0,
        "fc3": 0.0
      },
      "critic_per_layer": {
        "fc1": 5955422.721368352,
        "fc2": 5345657.505977851,
        "fc3": 95611736.00261657
      }
    },
    {
      "episode": 310,
      "actor_grad": 0.0,
      "critic_grad": 101477500.06090155,
      "actor_per_layer": {
        "fc1": 0.0,
        "fc2": 0.0,
        "fc3": 0.0
      },
      "critic_per_layer": {
        "fc1": 6255785.234635864,
        "fc2": 5649502.0060957195,
        "fc3": 101126808.00258408
      }
    },
    {
      "episode": 320,
      "actor_grad": 0.0,
      "critic_grad": 190417009.98543942,
      "actor_per_layer": {
        "fc1": 0.0,
        "fc2": 0.0,
        "fc3": 0.0
      },
      "critic_per_layer": {
        "fc1": 11706106.443694733,
        "fc2": 10596493.01129918,
        "fc3": 189761216.00470763
      }
    },
    {
      "episode": 330,
      "actor_grad": 0.0,
      "critic_grad": 120296711.9694441,
      "actor_per_layer": {
        "fc1": 0.0,
        "fc2": 0.0,
        "fc3": 0.0
      },
      "critic_per_layer": {
        "fc1": 7411121.774017686,
        "fc2": 6693649.006956926,
        "fc3": 119881480.00288343
      }
    }
  ],
  "asymmetry_history": [
    {
      "episode": 10,
      "ratio": 0.0,
      "actor_grad": 0.0,
      "critic_grad": 2642993.8334800783
    },
    {
      "episode": 20,
      "ratio": 0.0,
      "actor_grad": 0.0,
      "critic_grad": 4632904.819863638
    },
    {
      "episode": 30,
      "ratio": 0.0,
      "actor_grad": 0.0,
      "critic_grad": 7699951.154387977
    },
    {
      "episode": 40,
      "ratio": 0.0,
      "actor_grad": 0.0,
      "critic_grad": 11236660.90792368
    },
    {
      "episode": 50,
      "ratio": 0.0,
      "actor_grad": 0.0,
      "critic_grad": 20271163.37236758
    },
    {
      "episode": 60,
      "ratio": 0.0,
      "actor_grad": 0.0,
      "critic_grad": 29598527.07276641
    },
    {
      "episode": 70,
      "ratio": 0.0,
      "actor_grad": 0.0,
      "critic_grad": 35449019.767516434
    },
    {
      "episode": 80,
      "ratio": 0.0,
      "actor_grad": 0.0,
      "critic_grad": 54142087.24283841
    },
    {
      "episode": 90,
      "ratio": 0.0,
      "actor_grad": 0.0,
      "critic_grad": 67599630.15404767
    },
    {
      "episode": 100,
      "ratio": 0.0,
      "actor_grad": 0.0,
      "critic_grad": 84203609.76863262
    },
    {
      "episode": 110,
      "ratio": 0.0,
      "actor_grad": 0.0,
      "critic_grad": 92742882.03488022
    },
    {
      "episode": 120,
      "ratio": 0.0,
      "actor_grad": 0.0,
      "critic_grad": 137080366.32951796
    },
    {
      "episode": 130,
      "ratio": 0.0,
      "actor_grad": 0.0,
      "critic_grad": 152197975.65066144
    },
    {
      "episode": 140,
      "ratio": 0.0,
      "actor_grad": 0.0,
      "critic_grad": 86251833.17438446
    },
    {
      "episode": 150,
      "ratio": 0.0,
      "actor_grad": 0.0,
      "critic_grad": 98230770.07786408
    },
    {
      "episode": 160,
      "ratio": 0.0,
      "actor_grad": 0.0,
      "critic_grad": 195220138.96214232
    },
    {
      "episode": 170,
      "ratio": 0.0,
      "actor_grad": 0.0,
      "critic_grad": 27817341.284711618
    },
    {
      "episode": 180,
      "ratio": 0.0,
      "actor_grad": 0.0,
      "critic_grad": 129601922.21583965
    },
    {
      "episode": 190,
      "ratio": 0.0,
      "actor_grad": 0.0,
      "critic_grad": 187436545.57602185
    },
    {
      "episode": 200,
      "ratio": 0.0,
      "actor_grad": 0.0,
      "critic_grad": 121767977.79934683
    },
    {
      "episode": 210,
      "ratio": 0.0,
      "actor_grad": 0.0,
      "critic_grad": 4767309.957447331
    },
    {
      "episode": 220,
      "ratio": 0.0,
      "actor_grad": 0.0,
      "critic_grad": 268444505.4985807
    },
    {
      "episode": 230,
      "ratio": 0.0,
      "actor_grad": 0.0,
      "critic_grad": 169532731.78356147
    },
    {
      "episode": 240,
      "ratio": 0.0,
      "actor_grad": 0.0,
      "critic_grad": 150329270.28774148
    },
    {
      "episode": 250,
      "ratio": 0.0,
      "actor_grad": 0.0,
      "critic_grad": 144548991.7642894
    },
    {
      "episode": 260,
      "ratio": 0.0,
      "actor_grad": 0.0,
      "critic_grad": 153129700.90333888
    },
    {
      "episode": 270,
      "ratio": 0.0,
      "actor_grad": 0.0,
      "critic_grad": 70404650.01700899
    },
    {
      "episode": 280,
      "ratio": 0.0,
      "actor_grad": 0.0,
      "critic_grad": 65768302.558193594
    },
    {
      "episode": 290,
      "ratio": 0.0,
      "actor_grad": 0.0,
      "critic_grad": 84381725.47326827
    },
    {
      "episode": 300,
      "ratio": 0.0,
      "actor_grad": 0.0,
      "critic_grad": 95946063.88693313
    },
    {
      "episode": 310,
      "ratio": 0.0,
      "actor_grad": 0.0,
      "critic_grad": 101477500.06090155
    },
    {
      "episode": 320,
      "ratio": 0.0,
      "actor_grad": 0.0,
      "critic_grad": 190417009.98543942
    },
    {
      "episode": 330,
      "ratio": 0.0,
      "actor_grad": 0.0,
      "critic_grad": 120296711.9694441
    }
  ],
  "activation_history": [
    {
      "episode": 10,
      "mean_preact": 13.035114288330078,
      "std_preact": 4388.3505859375,
      "min_preact": -23027.3203125,
      "max_preact": 24152.33203125,
      "avg_actor_output_saturation": 0.9428373702422145,
      "actor_activations_sample": {
        "fc3": {
          "min": -1.0,
          "max": 1.0,
          "mean": -0.015606842935085297,
          "saturation": 0.9428373702422145
        }
      }
    },
    {
      "episode": 20,
      "mean_preact": 50.36363220214844,
      "std_preact": 13227.927734375,
      "min_preact": -46928.52734375,
      "max_preact": 49515.28515625,
      "avg_actor_output_saturation": 1.0,
      "actor_activations_sample": {
        "fc3": {
          "min": -1.0,
          "max": 1.0,
          "mean": -0.013333333656191826,
          "saturation": 1.0
        }
      }
    },
    {
      "episode": 30,
      "mean_preact": 62.15742492675781,
      "std_preact": 19532.416015625,
      "min_preact": -59089.3671875,
      "max_preact": 62962.11328125,
      "avg_actor_output_saturation": 1.0,
      "actor_activations_sample": {
        "fc3": {
          "min": -1.0,
          "max": 1.0,
          "mean": -0.013333333656191826,
          "saturation": 1.0
        }
      }
    },
    {
      "episode": 40,
      "mean_preact": 73.43067169189453,
      "std_preact": 22432.822265625,
      "min_preact": -63285.25390625,
      "max_preact": 68242.7578125,
      "avg_actor_output_saturation": 1.0,
      "actor_activations_sample": {
        "fc3": {
          "min": -1.0,
          "max": 1.0,
          "mean": -0.013333333656191826,
          "saturation": 1.0
        }
      }
    },
    {
      "episode": 50,
      "mean_preact": 98.8950424194336,
      "std_preact": 23796.525390625,
      "min_preact": -66122.71875,
      "max_preact": 71034.1796875,
      "avg_actor_output_saturation": 1.0,
      "actor_activations_sample": {
        "fc3": {
          "min": -1.0,
          "max": 1.0,
          "mean": -0.013333333656191826,
          "saturation": 1.0
        }
      }
    },
    {
      "episode": 60,
      "mean_preact": 85.34796905517578,
      "std_preact": 24299.16796875,
      "min_preact": -67425.1640625,
      "max_preact": 72815.5703125,
      "avg_actor_output_saturation": 1.0,
      "actor_activations_sample": {
        "fc3": {
          "min": -1.0,
          "max": 1.0,
          "mean": -0.013333333656191826,
          "saturation": 1.0
        }
      }
    },
    {
      "episode": 70,
      "mean_preact": 119.75106811523438,
      "std_preact": 24438.0546875,
      "min_preact": -67854.859375,
      "max_preact": 73250.4921875,
      "avg_actor_output_saturation": 1.0,
      "actor_activations_sample": {
        "fc3": {
          "min": -1.0,
          "max": 1.0,
          "mean": -0.013333333656191826,
          "saturation": 1.0
        }
      }
    },
    {
      "episode": 80,
      "mean_preact": 101.12904357910156,
      "std_preact": 24589.2421875,
      "min_preact": -68081.953125,
      "max_preact": 73418.5,
      "avg_actor_output_saturation": 1.0,
      "actor_activations_sample": {
        "fc3": {
          "min": -1.0,
          "max": 1.0,
          "mean": -0.013333333656191826,
          "saturation": 1.0
        }
      }
    },
    {
      "episode": 90,
      "mean_preact": 109.8706283569336,
      "std_preact": 24562.6875,
      "min_preact": -68139.78125,
      "max_preact": 73526.7578125,
      "avg_actor_output_saturation": 1.0,
      "actor_activations_sample": {
        "fc3": {
          "min": -1.0,
          "max": 1.0,
          "mean": -0.013333333656191826,
          "saturation": 1.0
        }
      }
    },
    {
      "episode": 100,
      "mean_preact": 82.81369018554688,
      "std_preact": 24623.15625,
      "min_preact": -68149.4765625,
      "max_preact": 73542.5546875,
      "avg_actor_output_saturation": 1.0,
      "actor_activations_sample": {
        "fc3": {
          "min": -1.0,
          "max": 1.0,
          "mean": -0.013333333656191826,
          "saturation": 1.0
        }
      }
    },
    {
      "episode": 110,
      "mean_preact": 102.56306457519531,
      "std_preact": 24512.908203125,
      "min_preact": -68186.1328125,
      "max_preact": 73553.4609375,
      "avg_actor_output_saturation": 1.0,
      "actor_activations_sample": {
        "fc3": {
          "min": -1.0,
          "max": 1.0,
          "mean": -0.013333333656191826,
          "saturation": 1.0
        }
      }
    },
    {
      "episode": 120,
      "mean_preact": 115.26206970214844,
      "std_preact": 24590.353515625,
      "min_preact": -68191.2890625,
      "max_preact": 72757.5390625,
      "avg_actor_output_saturation": 1.0,
      "actor_activations_sample": {
        "fc3": {
          "min": -1.0,
          "max": 1.0,
          "mean": -0.013333333656191826,
          "saturation": 1.0
        }
      }
    },
    {
      "episode": 130,
      "mean_preact": 70.25723266601562,
      "std_preact": 24607.54296875,
      "min_preact": -68753.0,
      "max_preact": 73556.8671875,
      "avg_actor_output_saturation": 1.0,
      "actor_activations_sample": {
        "fc3": {
          "min": -1.0,
          "max": 1.0,
          "mean": -0.013333333656191826,
          "saturation": 1.0
        }
      }
    },
    {
      "episode": 140,
      "mean_preact": 46.43567657470703,
      "std_preact": 24610.34375,
      "min_preact": -68807.6171875,
      "max_preact": 72758.9609375,
      "avg_actor_output_saturation": 1.0,
      "actor_activations_sample": {
        "fc3": {
          "min": -1.0,
          "max": 1.0,
          "mean": -0.013333333656191826,
          "saturation": 1.0
        }
      }
    },
    {
      "episode": 150,
      "mean_preact": 86.09440612792969,
      "std_preact": 24583.796875,
      "min_preact": -68807.8515625,
      "max_preact": 72892.9765625,
      "avg_actor_output_saturation": 1.0,
      "actor_activations_sample": {
        "fc3": {
          "min": -1.0,
          "max": 1.0,
          "mean": -0.013333333656191826,
          "saturation": 1.0
        }
      }
    },
    {
      "episode": 160,
      "mean_preact": 39.04558181762695,
      "std_preact": 24555.240234375,
      "min_preact": -69152.234375,
      "max_preact": 73338.890625,
      "avg_actor_output_saturation": 1.0,
      "actor_activations_sample": {
        "fc3": {
          "min": -1.0,
          "max": 1.0,
          "mean": -0.013333333656191826,
          "saturation": 1.0
        }
      }
    },
    {
      "episode": 170,
      "mean_preact": 76.24552917480469,
      "std_preact": 24592.4140625,
      "min_preact": -68693.203125,
      "max_preact": 73827.6328125,
      "avg_actor_output_saturation": 1.0,
      "actor_activations_sample": {
        "fc3": {
          "min": -1.0,
          "max": 1.0,
          "mean": -0.013333333656191826,
          "saturation": 1.0
        }
      }
    },
    {
      "episode": 180,
      "mean_preact": 83.70699310302734,
      "std_preact": 24526.98046875,
      "min_preact": -69152.234375,
      "max_preact": 73642.921875,
      "avg_actor_output_saturation": 1.0,
      "actor_activations_sample": {
        "fc3": {
          "min": -1.0,
          "max": 1.0,
          "mean": -0.013333333656191826,
          "saturation": 1.0
        }
      }
    },
    {
      "episode": 190,
      "mean_preact": 84.33052825927734,
      "std_preact": 24556.875,
      "min_preact": -69152.234375,
      "max_preact": 73827.6328125,
      "avg_actor_output_saturation": 1.0,
      "actor_activations_sample": {
        "fc3": {
          "min": -1.0,
          "max": 1.0,
          "mean": -0.013333333656191826,
          "saturation": 1.0
        }
      }
    },
    {
      "episode": 200,
      "mean_preact": 98.55831146240234,
      "std_preact": 24538.501953125,
      "min_preact": -68464.0234375,
      "max_preact": 73169.8515625,
      "avg_actor_output_saturation": 1.0,
      "actor_activations_sample": {
        "fc3": {
          "min": -1.0,
          "max": 1.0,
          "mean": -0.013333333656191826,
          "saturation": 1.0
        }
      }
    },
    {
      "episode": 210,
      "mean_preact": 59.07089614868164,
      "std_preact": 24464.005859375,
      "min_preact": -68807.859375,
      "max_preact": 73338.890625,
      "avg_actor_output_saturation": 1.0,
      "actor_activations_sample": {
        "fc3": {
          "min": -1.0,
          "max": 1.0,
          "mean": -0.013333333656191826,
          "saturation": 1.0
        }
      }
    },
    {
      "episode": 220,
      "mean_preact": 73.72000122070312,
      "std_preact": 24542.822265625,
      "min_preact": -68807.859375,
      "max_preact": 73827.6328125,
      "avg_actor_output_saturation": 1.0,
      "actor_activations_sample": {
        "fc3": {
          "min": -1.0,
          "max": 1.0,
          "mean": -0.013333333656191826,
          "saturation": 1.0
        }
      }
    },
    {
      "episode": 230,
      "mean_preact": 56.408897399902344,
      "std_preact": 24504.60546875,
      "min_preact": -68693.203125,
      "max_preact": 73338.890625,
      "avg_actor_output_saturation": 1.0,
      "actor_activations_sample": {
        "fc3": {
          "min": -1.0,
          "max": 1.0,
          "mean": -0.013333333656191826,
          "saturation": 1.0
        }
      }
    },
    {
      "episode": 240,
      "mean_preact": 54.17854690551758,
      "std_preact": 24486.80859375,
      "min_preact": -68768.90625,
      "max_preact": 73043.828125,
      "avg_actor_output_saturation": 1.0,
      "actor_activations_sample": {
        "fc3": {
          "min": -1.0,
          "max": 1.0,
          "mean": -0.013333333656191826,
          "saturation": 1.0
        }
      }
    },
    {
      "episode": 250,
      "mean_preact": 36.35059356689453,
      "std_preact": 24479.021484375,
      "min_preact": -68768.90625,
      "max_preact": 73338.890625,
      "avg_actor_output_saturation": 1.0,
      "actor_activations_sample": {
        "fc3": {
          "min": -1.0,
          "max": 1.0,
          "mean": -0.013333333656191826,
          "saturation": 1.0
        }
      }
    },
    {
      "episode": 260,
      "mean_preact": 75.4490966796875,
      "std_preact": 24539.01171875,
      "min_preact": -68821.703125,
      "max_preact": 73338.890625,
      "avg_actor_output_saturation": 1.0,
      "actor_activations_sample": {
        "fc3": {
          "min": -1.0,
          "max": 1.0,
          "mean": -0.013333333656191826,
          "saturation": 1.0
        }
      }
    },
    {
      "episode": 270,
      "mean_preact": 103.7839584350586,
      "std_preact": 24416.076171875,
      "min_preact": -69096.7265625,
      "max_preact": 72893.875,
      "avg_actor_output_saturation": 1.0,
      "actor_activations_sample": {
        "fc3": {
          "min": -1.0,
          "max": 1.0,
          "mean": -0.013333333656191826,
          "saturation": 1.0
        }
      }
    },
    {
      "episode": 280,
      "mean_preact": 85.3023681640625,
      "std_preact": 24483.927734375,
      "min_preact": -69221.796875,
      "max_preact": 72825.2890625,
      "avg_actor_output_saturation": 1.0,
      "actor_activations_sample": {
        "fc3": {
          "min": -1.0,
          "max": 1.0,
          "mean": -0.013333333656191826,
          "saturation": 1.0
        }
      }
    },
    {
      "episode": 290,
      "mean_preact": 44.168731689453125,
      "std_preact": 24460.1484375,
      "min_preact": -69043.640625,
      "max_preact": 72990.7890625,
      "avg_actor_output_saturation": 1.0,
      "actor_activations_sample": {
        "fc3": {
          "min": -1.0,
          "max": 1.0,
          "mean": -0.013333333656191826,
          "saturation": 1.0
        }
      }
    },
    {
      "episode": 300,
      "mean_preact": 40.27687072753906,
      "std_preact": 24470.724609375,
      "min_preact": -69152.234375,
      "max_preact": 73338.890625,
      "avg_actor_output_saturation": 1.0,
      "actor_activations_sample": {
        "fc3": {
          "min": -1.0,
          "max": 1.0,
          "mean": -0.013333333656191826,
          "saturation": 1.0
        }
      }
    },
    {
      "episode": 310,
      "mean_preact": 48.77105712890625,
      "std_preact": 24513.525390625,
      "min_preact": -69043.640625,
      "max_preact": 73259.03125,
      "avg_actor_output_saturation": 1.0,
      "actor_activations_sample": {
        "fc3": {
          "min": -1.0,
          "max": 1.0,
          "mean": -0.013333333656191826,
          "saturation": 1.0
        }
      }
    },
    {
      "episode": 320,
      "mean_preact": 65.50094604492188,
      "std_preact": 24523.97265625,
      "min_preact": -69043.640625,
      "max_preact": 72468.1953125,
      "avg_actor_output_saturation": 1.0,
      "actor_activations_sample": {
        "fc3": {
          "min": -1.0,
          "max": 1.0,
          "mean": -0.013333333656191826,
          "saturation": 1.0
        }
      }
    },
    {
      "episode": 330,
      "mean_preact": 54.53822326660156,
      "std_preact": 24472.0546875,
      "min_preact": -67984.15625,
      "max_preact": 72468.1953125,
      "avg_actor_output_saturation": 1.0,
      "actor_activations_sample": {
        "fc3": {
          "min": -1.0,
          "max": 1.0,
          "mean": -0.013333333656191826,
          "saturation": 1.0
        }
      }
    }
  ]
}