{
  "gradient_history": [
    {
      "episode": 10,
      "actor_grad": 0.0,
      "critic_grad": 108876650.39510109,
      "actor_per_layer": {
        "fc1": 0.0,
        "fc2": 0.0,
        "fc3": 0.0
      },
      "critic_per_layer": {
        "fc1": 7137610.252902793,
        "fc2": 7980124.508243932,
        "fc3": 108348960.00408885
      }
    },
    {
      "episode": 20,
      "actor_grad": 0.0,
      "critic_grad": 96305676.36731833,
      "actor_per_layer": {
        "fc1": 0.0,
        "fc2": 0.0,
        "fc3": 0.0
      },
      "critic_per_layer": {
        "fc1": 6019609.7214972805,
        "fc2": 7056956.513462099,
        "fc3": 95857952.01304175
      }
    },
    {
      "episode": 30,
      "actor_grad": 0.0,
      "critic_grad": 21582400.354275994,
      "actor_per_layer": {
        "fc1": 0.0,
        "fc2": 0.0,
        "fc3": 0.0
      },
      "critic_per_layer": {
        "fc1": 1389823.045985684,
        "fc2": 1585883.8770024066,
        "fc3": 21479138.001366895
      }
    },
    {
      "episode": 40,
      "actor_grad": 0.0,
      "critic_grad": 17939818.771714956,
      "actor_per_layer": {
        "fc1": 0.0,
        "fc2": 0.0,
        "fc3": 0.0
      },
      "critic_per_layer": {
        "fc1": 1293867.0395954635,
        "fc2": 1299368.2517029683,
        "fc3": 17845858.0010122
      }
    },
    {
      "episode": 50,
      "actor_grad": 0.0,
      "critic_grad": 16199450.375646966,
      "actor_per_layer": {
        "fc1": 0.0,
        "fc2": 0.0,
        "fc3": 0.0
      },
      "critic_per_layer": {
        "fc1": 1088418.4149165568,
        "fc2": 1170449.2520068656,
        "fc3": 16120409.001498556
      }
    },
    {
      "episode": 60,
      "actor_grad": 0.0,
      "critic_grad": 7338475.195130486,
      "actor_per_layer": {
        "fc1": 0.0,
        "fc2": 0.0,
        "fc3": 0.0
      },
      "critic_per_layer": {
        "fc1": 787330.1439077196,
        "fc2": 530610.563547006,
        "fc3": 7276797.500541843
      }
    },
    {
      "episode": 70,
      "actor_grad": 0.0,
      "critic_grad": 14088618.88761745,
      "actor_per_layer": {
        "fc1": 0.0,
        "fc2": 0.0,
        "fc3": 0.0
      },
      "critic_per_layer": {
        "fc1": 984208.2855089641,
        "fc2": 1015738.0642136254,
        "fc3": 14017446.001186315
      }
    },
    {
      "episode": 80,
      "actor_grad": 0.0,
      "critic_grad": 98585122.22330204,
      "actor_per_layer": {
        "fc1": 0.0,
        "fc2": 0.0,
        "fc3": 0.0
      },
      "critic_per_layer": {
        "fc1": 7815061.744809831,
        "fc2": 7173850.008769056,
        "fc3": 98012688.00395128
      }
    },
    {
      "episode": 90,
      "actor_grad": 0.0,
      "critic_grad": 9784329.974959342,
      "actor_per_layer": {
        "fc1": 0.0,
        "fc2": 0.0,
        "fc3": 0.0
      },
      "critic_per_layer": {
        "fc1": 748172.5290425362,
        "fc2": 713083.2511721752,
        "fc3": 9729587.000616813
      }
    },
    {
      "episode": 100,
      "actor_grad": 0.0,
      "critic_grad": 3387674.079565025,
      "actor_per_layer": {
        "fc1": 0.0,
        "fc2": 0.0,
        "fc3": 0.0
      },
      "critic_per_layer": {
        "fc1": 340178.3516128262,
        "fc2": 247622.687899455,
        "fc3": 3361442.7502023843
      }
    },
    {
      "episode": 110,
      "actor_grad": 0.0,
      "critic_grad": 7586209.174526488,
      "actor_per_layer": {
        "fc1": 0.0,
        "fc2": 0.0,
        "fc3": 0.0
      },
      "critic_per_layer": {
        "fc1": 715434.4015336602,
        "fc2": 556441.75127157,
        "fc3": 7531872.000652552
      }
    },
    {
      "episode": 120,
      "actor_grad": 0.0,
      "critic_grad": 57138285.952719614,
      "actor_per_layer": {
        "fc1": 0.0,
        "fc2": 0.0,
        "fc3": 0.0
      },
      "critic_per_layer": {
        "fc1": 5125137.665706037,
        "fc2": 4185327.75584625,
        "fc3": 56753852.002295494
      }
    },
    {
      "episode": 130,
      "actor_grad": 0.0,
      "critic_grad": 24532757.847950518,
      "actor_per_layer": {
        "fc1": 0.0,
        "fc2": 0.0,
        "fc3": 0.0
      },
      "critic_per_layer": {
        "fc1": 2375005.3374909502,
        "fc2": 1798097.5046323764,
        "fc3": 24351230.002546117
      }
    },
    {
      "episode": 140,
      "actor_grad": 0.0,
      "critic_grad": 34305060.01263593,
      "actor_per_layer": {
        "fc1": 0.0,
        "fc2": 0.0,
        "fc3": 0.0
      },
      "critic_per_layer": {
        "fc1": 3148942.847139864,
        "fc2": 2521254.503628965,
        "fc3": 34067060.00147254
      }
    },
    {
      "episode": 150,
      "actor_grad": 0.0,
      "critic_grad": 8085246.442973012,
      "actor_per_layer": {
        "fc1": 0.0,
        "fc2": 0.0,
        "fc3": 0.0
      },
      "critic_per_layer": {
        "fc1": 739599.6501003184,
        "fc2": 594200.7510910901,
        "fc3": 8029391.50051746
      }
    },
    {
      "episode": 160,
      "actor_grad": 0.0,
      "critic_grad": 15877668.815206962,
      "actor_per_layer": {
        "fc1": 0.0,
        "fc2": 0.0,
        "fc3": 0.0
      },
      "critic_per_layer": {
        "fc1": 1341401.7944047472,
        "fc2": 1170154.5013106158,
        "fc3": 15777571.000455864
      }
    },
    {
      "episode": 170,
      "actor_grad": 0.0,
      "critic_grad": 73432038.3895627,
      "actor_per_layer": {
        "fc1": 0.0,
        "fc2": 0.0,
        "fc3": 0.0
      },
      "critic_per_layer": {
        "fc1": 6170900.731090183,
        "fc2": 5407504.510267185,
        "fc3": 72972208.00540902
      }
    },
    {
      "episode": 180,
      "actor_grad": 0.0,
      "critic_grad": 173401249.1507376,
      "actor_per_layer": {
        "fc1": 0.0,
        "fc2": 0.0,
        "fc3": 0.0
      },
      "critic_per_layer": {
        "fc1": 13595175.469200112,
        "fc2": 12835615.012762334,
        "fc3": 172390288.00440583
      }
    },
    {
      "episode": 190,
      "actor_grad": 0.0,
      "critic_grad": 522348.08883394644,
      "actor_per_layer": {
        "fc1": 0.0,
        "fc2": 0.0,
        "fc3": 0.0
      },
      "critic_per_layer": {
        "fc1": 280630.15732072166,
        "fc2": 38695.93383614495,
        "fc3": 438858.59387184394
      }
    },
    {
      "episode": 200,
      "actor_grad": 0.0,
      "critic_grad": 22162081.74276142,
      "actor_per_layer": {
        "fc1": 0.0,
        "fc2": 0.0,
        "fc3": 0.0
      },
      "critic_per_layer": {
        "fc1": 1764083.3100428612,
        "fc2": 1621612.3766518403,
        "fc3": 22032164.000568733
      }
    },
    {
      "episode": 210,
      "actor_grad": 0.0,
      "critic_grad": 50839594.093780175,
      "actor_per_layer": {
        "fc1": 0.0,
        "fc2": 0.0,
        "fc3": 0.0
      },
      "critic_per_layer": {
        "fc1": 3895826.144872552,
        "fc2": 3716110.004159597,
        "fc3": 50553708.001552574
      }
    },
    {
      "episode": 220,
      "actor_grad": 0.0,
      "critic_grad": 1989549.4043972834,
      "actor_per_layer": {
        "fc1": 0.0,
        "fc2": 0.0,
        "fc3": 0.0
      },
      "critic_per_layer": {
        "fc1": 314326.4081040448,
        "fc2": 144632.81263352596,
        "fc3": 1959231.250061031
      }
    },
    {
      "episode": 230,
      "actor_grad": 0.0,
      "critic_grad": 7356993.90105646,
      "actor_per_layer": {
        "fc1": 0.0,
        "fc2": 0.0,
        "fc3": 0.0
      },
      "critic_per_layer": {
        "fc1": 707351.4491082062,
        "fc2": 538400.4378755887,
        "fc3": 7303091.000126032
      }
    },
    {
      "episode": 240,
      "actor_grad": 0.0,
      "critic_grad": 69668602.87276635,
      "actor_per_layer": {
        "fc1": 0.0,
        "fc2": 0.0,
        "fc3": 0.0
      },
      "critic_per_layer": {
        "fc1": 5270213.682198135,
        "fc2": 5155776.505314848,
        "fc3": 69277392.00211309
      }
    },
    {
      "episode": 250,
      "actor_grad": 0.0,
      "critic_grad": 38910075.080176435,
      "actor_per_layer": {
        "fc1": 0.0,
        "fc2": 0.0,
        "fc3": 0.0
      },
      "critic_per_layer": {
        "fc1": 2874134.8496321095,
        "fc2": 2837488.5042129657,
        "fc3": 38699896.002438515
      }
    },
    {
      "episode": 260,
      "actor_grad": 0.0,
      "critic_grad": 33153296.231427427,
      "actor_per_layer": {
        "fc1": 0.0,
        "fc2": 0.0,
        "fc3": 0.0
      },
      "critic_per_layer": {
        "fc1": 2383326.0958060157,
        "fc2": 2434156.7525165807,
        "fc3": 32977806.00091534
      }
    },
    {
      "episode": 270,
      "actor_grad": 0.0,
      "critic_grad": 130493856.9131012,
      "actor_per_layer": {
        "fc1": 0.0,
        "fc2": 0.0,
        "fc3": 0.0
      },
      "critic_per_layer": {
        "fc1": 9124941.311374122,
        "fc2": 9631436.006411362,
        "fc3": 129817632.00187913
      }
    },
    {
      "episode": 280,
      "actor_grad": 0.0,
      "critic_grad": 14098887.426500952,
      "actor_per_layer": {
        "fc1": 0.0,
        "fc2": 0.0,
        "fc3": 0.0
      },
      "critic_per_layer": {
        "fc1": 1147972.915633433,
        "fc2": 1035716.6263107185,
        "fc3": 14013853.000517104
      }
    },
    {
      "episode": 290,
      "actor_grad": 0.0,
      "critic_grad": 20196734.20589262,
      "actor_per_layer": {
        "fc1": 0.0,
        "fc2": 0.0,
        "fc3": 0.0
      },
      "critic_per_layer": {
        "fc1": 1401669.0464449988,
        "fc2": 1489606.2511817892,
        "fc3": 20092896.000431374
      }
    }
  ],
  "asymmetry_history": [
    {
      "episode": 10,
      "ratio": 0.0,
      "actor_grad": 0.0,
      "critic_grad": 108876650.39510109
    },
    {
      "episode": 20,
      "ratio": 0.0,
      "actor_grad": 0.0,
      "critic_grad": 96305676.36731833
    },
    {
      "episode": 30,
      "ratio": 0.0,
      "actor_grad": 0.0,
      "critic_grad": 21582400.354275994
    },
    {
      "episode": 40,
      "ratio": 0.0,
      "actor_grad": 0.0,
      "critic_grad": 17939818.771714956
    },
    {
      "episode": 50,
      "ratio": 0.0,
      "actor_grad": 0.0,
      "critic_grad": 16199450.375646966
    },
    {
      "episode": 60,
      "ratio": 0.0,
      "actor_grad": 0.0,
      "critic_grad": 7338475.195130486
    },
    {
      "episode": 70,
      "ratio": 0.0,
      "actor_grad": 0.0,
      "critic_grad": 14088618.88761745
    },
    {
      "episode": 80,
      "ratio": 0.0,
      "actor_grad": 0.0,
      "critic_grad": 98585122.22330204
    },
    {
      "episode": 90,
      "ratio": 0.0,
      "actor_grad": 0.0,
      "critic_grad": 9784329.974959342
    },
    {
      "episode": 100,
      "ratio": 0.0,
      "actor_grad": 0.0,
      "critic_grad": 3387674.079565025
    },
    {
      "episode": 110,
      "ratio": 0.0,
      "actor_grad": 0.0,
      "critic_grad": 7586209.174526488
    },
    {
      "episode": 120,
      "ratio": 0.0,
      "actor_grad": 0.0,
      "critic_grad": 57138285.952719614
    },
    {
      "episode": 130,
      "ratio": 0.0,
      "actor_grad": 0.0,
      "critic_grad": 24532757.847950518
    },
    {
      "episode": 140,
      "ratio": 0.0,
      "actor_grad": 0.0,
      "critic_grad": 34305060.01263593
    },
    {
      "episode": 150,
      "ratio": 0.0,
      "actor_grad": 0.0,
      "critic_grad": 8085246.442973012
    },
    {
      "episode": 160,
      "ratio": 0.0,
      "actor_grad": 0.0,
      "critic_grad": 15877668.815206962
    },
    {
      "episode": 170,
      "ratio": 0.0,
      "actor_grad": 0.0,
      "critic_grad": 73432038.3895627
    },
    {
      "episode": 180,
      "ratio": 0.0,
      "actor_grad": 0.0,
      "critic_grad": 173401249.1507376
    },
    {
      "episode": 190,
      "ratio": 0.0,
      "actor_grad": 0.0,
      "critic_grad": 522348.08883394644
    },
    {
      "episode": 200,
      "ratio": 0.0,
      "actor_grad": 0.0,
      "critic_grad": 22162081.74276142
    },
    {
      "episode": 210,
      "ratio": 0.0,
      "actor_grad": 0.0,
      "critic_grad": 50839594.093780175
    },
    {
      "episode": 220,
      "ratio": 0.0,
      "actor_grad": 0.0,
      "critic_grad": 1989549.4043972834
    },
    {
      "episode": 230,
      "ratio": 0.0,
      "actor_grad": 0.0,
      "critic_grad": 7356993.90105646
    },
    {
      "episode": 240,
      "ratio": 0.0,
      "actor_grad": 0.0,
      "critic_grad": 69668602.87276635
    },
    {
      "episode": 250,
      "ratio": 0.0,
      "actor_grad": 0.0,
      "critic_grad": 38910075.080176435
    },
    {
      "episode": 260,
      "ratio": 0.0,
      "actor_grad": 0.0,
      "critic_grad": 33153296.231427427
    },
    {
      "episode": 270,
      "ratio": 0.0,
      "actor_grad": 0.0,
      "critic_grad": 130493856.9131012
    },
    {
      "episode": 280,
      "ratio": 0.0,
      "actor_grad": 0.0,
      "critic_grad": 14098887.426500952
    },
    {
      "episode": 290,
      "ratio": 0.0,
      "actor_grad": 0.0,
      "critic_grad": 20196734.20589262
    }
  ],
  "activation_history": [
    {
      "episode": 10,
      "mean_preact": -2883.326416015625,
      "std_preact": 102793.0625,
      "min_preact": -348281.1875,
      "max_preact": 348780.46875,
      "avg_actor_output_saturation": 0.944845444059977,
      "actor_activations_sample": {
        "fc3": {
          "min": -1.0,
          "max": 1.0,
          "mean": -0.02748921699821949,
          "saturation": 0.944845444059977
        }
      }
    },
    {
      "episode": 20,
      "mean_preact": -10726.9814453125,
      "std_preact": 316469.78125,
      "min_preact": -719672.125,
      "max_preact": 720462.625,
      "avg_actor_output_saturation": 1.0,
      "actor_activations_sample": {
        "fc3": {
          "min": -1.0,
          "max": 1.0,
          "mean": -0.02666666731238365,
          "saturation": 1.0
        }
      }
    },
    {
      "episode": 30,
      "mean_preact": -15680.2548828125,
      "std_preact": 472209.9375,
      "min_preact": -917936.0625,
      "max_preact": 918862.5625,
      "avg_actor_output_saturation": 1.0,
      "actor_activations_sample": {
        "fc3": {
          "min": -1.0,
          "max": 1.0,
          "mean": -0.02666666731238365,
          "saturation": 1.0
        }
      }
    },
    {
      "episode": 40,
      "mean_preact": -17594.68359375,
      "std_preact": 545818.6875,
      "min_preact": -1002418.25,
      "max_preact": 1003403.0,
      "avg_actor_output_saturation": 1.0,
      "actor_activations_sample": {
        "fc3": {
          "min": -1.0,
          "max": 1.0,
          "mean": -0.02666666731238365,
          "saturation": 1.0
        }
      }
    },
    {
      "episode": 50,
      "mean_preact": -19796.953125,
      "std_preact": 579073.375,
      "min_preact": -1035277.3125,
      "max_preact": 1036278.0625,
      "avg_actor_output_saturation": 1.0,
      "actor_activations_sample": {
        "fc3": {
          "min": -1.0,
          "max": 1.0,
          "mean": -0.02666666731238365,
          "saturation": 1.0
        }
      }
    },
    {
      "episode": 60,
      "mean_preact": -19988.4921875,
      "std_preact": 590514.0625,
      "min_preact": -1053241.625,
      "max_preact": 1054255.125,
      "avg_actor_output_saturation": 1.0,
      "actor_activations_sample": {
        "fc3": {
          "min": -1.0,
          "max": 1.0,
          "mean": -0.02666666731238365,
          "saturation": 1.0
        }
      }
    },
    {
      "episode": 70,
      "mean_preact": -19750.994140625,
      "std_preact": 595423.875,
      "min_preact": -1065102.0,
      "max_preact": 1066126.0,
      "avg_actor_output_saturation": 1.0,
      "actor_activations_sample": {
        "fc3": {
          "min": -1.0,
          "max": 1.0,
          "mean": -0.02666666731238365,
          "saturation": 1.0
        }
      }
    },
    {
      "episode": 80,
      "mean_preact": -20032.365234375,
      "std_preact": 594933.5625,
      "min_preact": -1069075.375,
      "max_preact": 1070101.625,
      "avg_actor_output_saturation": 1.0,
      "actor_activations_sample": {
        "fc3": {
          "min": -1.0,
          "max": 1.0,
          "mean": -0.02666666731238365,
          "saturation": 1.0
        }
      }
    },
    {
      "episode": 90,
      "mean_preact": -19122.880859375,
      "std_preact": 596151.0625,
      "min_preact": -1067495.25,
      "max_preact": 1068519.875,
      "avg_actor_output_saturation": 1.0,
      "actor_activations_sample": {
        "fc3": {
          "min": -1.0,
          "max": 1.0,
          "mean": -0.02666666731238365,
          "saturation": 1.0
        }
      }
    },
    {
      "episode": 100,
      "mean_preact": -19327.662109375,
      "std_preact": 597122.25,
      "min_preact": -1067935.25,
      "max_preact": 1068960.125,
      "avg_actor_output_saturation": 1.0,
      "actor_activations_sample": {
        "fc3": {
          "min": -1.0,
          "max": 1.0,
          "mean": -0.02666666731238365,
          "saturation": 1.0
        }
      }
    },
    {
      "episode": 110,
      "mean_preact": -19983.84765625,
      "std_preact": 597527.6875,
      "min_preact": -1065164.375,
      "max_preact": 1066186.625,
      "avg_actor_output_saturation": 1.0,
      "actor_activations_sample": {
        "fc3": {
          "min": -1.0,
          "max": 1.0,
          "mean": -0.02666666731238365,
          "saturation": 1.0
        }
      }
    },
    {
      "episode": 120,
      "mean_preact": -19213.708984375,
      "std_preact": 597763.5,
      "min_preact": -1068141.0,
      "max_preact": 1069166.0,
      "avg_actor_output_saturation": 1.0,
      "actor_activations_sample": {
        "fc3": {
          "min": -1.0,
          "max": 1.0,
          "mean": -0.02666666731238365,
          "saturation": 1.0
        }
      }
    },
    {
      "episode": 130,
      "mean_preact": -19245.08984375,
      "std_preact": 596454.375,
      "min_preact": -1063496.5,
      "max_preact": 1064517.125,
      "avg_actor_output_saturation": 1.0,
      "actor_activations_sample": {
        "fc3": {
          "min": -1.0,
          "max": 1.0,
          "mean": -0.02666666731238365,
          "saturation": 1.0
        }
      }
    },
    {
      "episode": 140,
      "mean_preact": -19336.337890625,
      "std_preact": 597671.9375,
      "min_preact": -1067823.0,
      "max_preact": 1068847.625,
      "avg_actor_output_saturation": 1.0,
      "actor_activations_sample": {
        "fc3": {
          "min": -1.0,
          "max": 1.0,
          "mean": -0.02666666731238365,
          "saturation": 1.0
        }
      }
    },
    {
      "episode": 150,
      "mean_preact": -20528.8203125,
      "std_preact": 598542.9375,
      "min_preact": -1067826.375,
      "max_preact": 1068851.125,
      "avg_actor_output_saturation": 1.0,
      "actor_activations_sample": {
        "fc3": {
          "min": -1.0,
          "max": 1.0,
          "mean": -0.02666666731238365,
          "saturation": 1.0
        }
      }
    },
    {
      "episode": 160,
      "mean_preact": -19319.021484375,
      "std_preact": 597155.4375,
      "min_preact": -1073580.5,
      "max_preact": 1074610.625,
      "avg_actor_output_saturation": 1.0,
      "actor_activations_sample": {
        "fc3": {
          "min": -1.0,
          "max": 1.0,
          "mean": -0.02666666731238365,
          "saturation": 1.0
        }
      }
    },
    {
      "episode": 170,
      "mean_preact": -20250.3203125,
      "std_preact": 599301.1875,
      "min_preact": -1073580.5,
      "max_preact": 1074610.625,
      "avg_actor_output_saturation": 1.0,
      "actor_activations_sample": {
        "fc3": {
          "min": -1.0,
          "max": 1.0,
          "mean": -0.02666666731238365,
          "saturation": 1.0
        }
      }
    },
    {
      "episode": 180,
      "mean_preact": -20363.787109375,
      "std_preact": 598536.25,
      "min_preact": -1073580.5,
      "max_preact": 1074610.625,
      "avg_actor_output_saturation": 1.0,
      "actor_activations_sample": {
        "fc3": {
          "min": -1.0,
          "max": 1.0,
          "mean": -0.02666666731238365,
          "saturation": 1.0
        }
      }
    },
    {
      "episode": 190,
      "mean_preact": -20898.6953125,
      "std_preact": 598762.125,
      "min_preact": -1068992.625,
      "max_preact": 1070018.375,
      "avg_actor_output_saturation": 1.0,
      "actor_activations_sample": {
        "fc3": {
          "min": -1.0,
          "max": 1.0,
          "mean": -0.02666666731238365,
          "saturation": 1.0
        }
      }
    },
    {
      "episode": 200,
      "mean_preact": -20173.26171875,
      "std_preact": 597462.875,
      "min_preact": -1066462.75,
      "max_preact": 1067486.25,
      "avg_actor_output_saturation": 1.0,
      "actor_activations_sample": {
        "fc3": {
          "min": -1.0,
          "max": 1.0,
          "mean": -0.02666666731238365,
          "saturation": 1.0
        }
      }
    },
    {
      "episode": 210,
      "mean_preact": -20144.693359375,
      "std_preact": 599012.375,
      "min_preact": -1066462.875,
      "max_preact": 1067486.25,
      "avg_actor_output_saturation": 1.0,
      "actor_activations_sample": {
        "fc3": {
          "min": -1.0,
          "max": 1.0,
          "mean": -0.02666666731238365,
          "saturation": 1.0
        }
      }
    },
    {
      "episode": 220,
      "mean_preact": -21246.2734375,
      "std_preact": 596962.5625,
      "min_preact": -1065257.0,
      "max_preact": 1066279.375,
      "avg_actor_output_saturation": 1.0,
      "actor_activations_sample": {
        "fc3": {
          "min": -1.0,
          "max": 1.0,
          "mean": -0.02666666731238365,
          "saturation": 1.0
        }
      }
    },
    {
      "episode": 230,
      "mean_preact": -20901.298828125,
      "std_preact": 597165.25,
      "min_preact": -1068190.875,
      "max_preact": 1069216.0,
      "avg_actor_output_saturation": 1.0,
      "actor_activations_sample": {
        "fc3": {
          "min": -1.0,
          "max": 1.0,
          "mean": -0.02666666731238365,
          "saturation": 1.0
        }
      }
    },
    {
      "episode": 240,
      "mean_preact": -21070.21484375,
      "std_preact": 599774.875,
      "min_preact": -1067828.0,
      "max_preact": 1068852.625,
      "avg_actor_output_saturation": 1.0,
      "actor_activations_sample": {
        "fc3": {
          "min": -1.0,
          "max": 1.0,
          "mean": -0.02666666731238365,
          "saturation": 1.0
        }
      }
    },
    {
      "episode": 250,
      "mean_preact": -19958.021484375,
      "std_preact": 598330.4375,
      "min_preact": -1067828.0,
      "max_preact": 1068852.625,
      "avg_actor_output_saturation": 1.0,
      "actor_activations_sample": {
        "fc3": {
          "min": -1.0,
          "max": 1.0,
          "mean": -0.02666666731238365,
          "saturation": 1.0
        }
      }
    },
    {
      "episode": 260,
      "mean_preact": -20123.89453125,
      "std_preact": 597276.0625,
      "min_preact": -1068631.0,
      "max_preact": 1069656.5,
      "avg_actor_output_saturation": 1.0,
      "actor_activations_sample": {
        "fc3": {
          "min": -1.0,
          "max": 1.0,
          "mean": -0.02666666731238365,
          "saturation": 1.0
        }
      }
    },
    {
      "episode": 270,
      "mean_preact": -20667.69921875,
      "std_preact": 598465.5625,
      "min_preact": -1068992.5,
      "max_preact": 1070018.375,
      "avg_actor_output_saturation": 1.0,
      "actor_activations_sample": {
        "fc3": {
          "min": -1.0,
          "max": 1.0,
          "mean": -0.02666666731238365,
          "saturation": 1.0
        }
      }
    },
    {
      "episode": 280,
      "mean_preact": -21370.990234375,
      "std_preact": 598076.125,
      "min_preact": -1063502.625,
      "max_preact": 1064523.125,
      "avg_actor_output_saturation": 1.0,
      "actor_activations_sample": {
        "fc3": {
          "min": -1.0,
          "max": 1.0,
          "mean": -0.02666666731238365,
          "saturation": 1.0
        }
      }
    },
    {
      "episode": 290,
      "mean_preact": -20729.978515625,
      "std_preact": 598745.9375,
      "min_preact": -1067828.0,
      "max_preact": 1068852.625,
      "avg_actor_output_saturation": 1.0,
      "actor_activations_sample": {
        "fc3": {
          "min": -1.0,
          "max": 1.0,
          "mean": -0.02666666731238365,
          "saturation": 1.0
        }
      }
    }
  ]
}