{
  "gradient_history": [
    {
      "episode": 10,
      "actor_grad": 0.0,
      "critic_grad": 2614613.6217688276,
      "actor_per_layer": {
        "fc1": 0.0,
        "fc2": 0.0,
        "fc3": 0.0
      },
      "critic_per_layer": {
        "fc1": 132805.28602814043,
        "fc2": 132374.0872302829,
        "fc3": 2607881.1798416045
      }
    },
    {
      "episode": 20,
      "actor_grad": 0.0,
      "critic_grad": 4467988.338121016,
      "actor_per_layer": {
        "fc1": 0.0,
        "fc2": 0.0,
        "fc3": 0.0
      },
      "critic_per_layer": {
        "fc1": 244989.82139914957,
        "fc2": 231986.47032119648,
        "fc3": 4455230.864341838
      }
    },
    {
      "episode": 30,
      "actor_grad": 0.0,
      "critic_grad": 6696359.810846135,
      "actor_per_layer": {
        "fc1": 0.0,
        "fc2": 0.0,
        "fc3": 0.0
      },
      "critic_per_layer": {
        "fc1": 388152.95156096964,
        "fc2": 356238.56522901205,
        "fc3": 6675602.301452159
      }
    },
    {
      "episode": 40,
      "actor_grad": 0.0,
      "critic_grad": 13839250.058063583,
      "actor_per_layer": {
        "fc1": 0.0,
        "fc2": 0.0,
        "fc3": 0.0
      },
      "critic_per_layer": {
        "fc1": 843629.5927484846,
        "fc2": 764889.4223812362,
        "fc3": 13792319.436968578
      }
    },
    {
      "episode": 50,
      "actor_grad": 0.0,
      "critic_grad": 21222824.285632897,
      "actor_per_layer": {
        "fc1": 0.0,
        "fc2": 0.0,
        "fc3": 0.0
      },
      "critic_per_layer": {
        "fc1": 1326326.2978878596,
        "fc2": 1192872.0498214518,
        "fc3": 21147722.938489985
      }
    },
    {
      "episode": 60,
      "actor_grad": 0.0,
      "critic_grad": 28310875.271894045,
      "actor_per_layer": {
        "fc1": 0.0,
        "fc2": 0.0,
        "fc3": 0.0
      },
      "critic_per_layer": {
        "fc1": 1792736.815061403,
        "fc2": 1605370.1714541225,
        "fc3": 28208412.57471378
      }
    },
    {
      "episode": 70,
      "actor_grad": 0.0,
      "critic_grad": 43970744.35550095,
      "actor_per_layer": {
        "fc1": 0.0,
        "fc2": 0.0,
        "fc3": 0.0
      },
      "critic_per_layer": {
        "fc1": 2805013.601081154,
        "fc2": 2501928.0509237,
        "fc3": 43809800.43212443
      }
    },
    {
      "episode": 80,
      "actor_grad": 0.0,
      "critic_grad": 44758093.22088955,
      "actor_per_layer": {
        "fc1": 0.0,
        "fc2": 0.0,
        "fc3": 0.0
      },
      "critic_per_layer": {
        "fc1": 2864259.6045649652,
        "fc2": 2548142.53844679,
        "fc3": 44593608.23359391
      }
    },
    {
      "episode": 90,
      "actor_grad": 0.0,
      "critic_grad": 71556101.4050394,
      "actor_per_layer": {
        "fc1": 0.0,
        "fc2": 0.0,
        "fc3": 0.0
      },
      "critic_per_layer": {
        "fc1": 4585963.664830281,
        "fc2": 4068501.7958494145,
        "fc3": 71293000.20822737
      }
    },
    {
      "episode": 100,
      "actor_grad": 0.0,
      "critic_grad": 78891413.18358327,
      "actor_per_layer": {
        "fc1": 0.0,
        "fc2": 0.0,
        "fc3": 0.0
      },
      "critic_per_layer": {
        "fc1": 5054512.184081003,
        "fc2": 4474369.039922936,
        "fc3": 78602080.14027627
      }
    },
    {
      "episode": 110,
      "actor_grad": 0.0,
      "critic_grad": 63851541.65797969,
      "actor_per_layer": {
        "fc1": 0.0,
        "fc2": 0.0,
        "fc3": 0.0
      },
      "critic_per_layer": {
        "fc1": 4090449.1485853274,
        "fc2": 3612039.0254583256,
        "fc3": 63617928.07017625
      }
    },
    {
      "episode": 120,
      "actor_grad": 0.0,
      "critic_grad": 96064928.72475573,
      "actor_per_layer": {
        "fc1": 0.0,
        "fc2": 0.0,
        "fc3": 0.0
      },
      "critic_per_layer": {
        "fc1": 6149579.725731537,
        "fc2": 5421534.531152126,
        "fc3": 95714472.06884022
      }
    },
    {
      "episode": 130,
      "actor_grad": 0.0,
      "critic_grad": 93230635.51374225,
      "actor_per_layer": {
        "fc1": 0.0,
        "fc2": 0.0,
        "fc3": 0.0
      },
      "critic_per_layer": {
        "fc1": 5963405.717276296,
        "fc2": 5250672.025036487,
        "fc3": 92891440.04607159
      }
    },
    {
      "episode": 140,
      "actor_grad": 0.0,
      "critic_grad": 219483425.92518488,
      "actor_per_layer": {
        "fc1": 0.0,
        "fc2": 0.0,
        "fc3": 0.0
      },
      "critic_per_layer": {
        "fc1": 14015211.512316473,
        "fc2": 12336843.051275147,
        "fc3": 218687792.08188403
      }
    },
    {
      "episode": 150,
      "actor_grad": 0.0,
      "critic_grad": 134677876.0178623,
      "actor_per_layer": {
        "fc1": 0.0,
        "fc2": 0.0,
        "fc3": 0.0
      },
      "critic_per_layer": {
        "fc1": 8599948.311541617,
        "fc2": 7556538.526885745,
        "fc3": 134190424.03693786
      }
    },
    {
      "episode": 160,
      "actor_grad": 0.0,
      "critic_grad": 37825583.02606294,
      "actor_per_layer": {
        "fc1": 0.0,
        "fc2": 0.0,
        "fc3": 0.0
      },
      "critic_per_layer": {
        "fc1": 2422702.085272245,
        "fc2": 2118049.256361869,
        "fc3": 37688448.00751582
      }
    },
    {
      "episode": 170,
      "actor_grad": 0.0,
      "critic_grad": 180760099.39722914,
      "actor_per_layer": {
        "fc1": 0.0,
        "fc2": 0.0,
        "fc3": 0.0
      },
      "critic_per_layer": {
        "fc1": 11544454.410832029,
        "fc2": 10106131.02669078,
        "fc3": 180107760.0275006
      }
    },
    {
      "episode": 180,
      "actor_grad": 0.0,
      "critic_grad": 273591828.7504256,
      "actor_per_layer": {
        "fc1": 0.0,
        "fc2": 0.0,
        "fc3": 0.0
      },
      "critic_per_layer": {
        "fc1": 17448588.624985043,
        "fc2": 15271800.035819994,
        "fc3": 272607424.032553
      }
    },
    {
      "episode": 190,
      "actor_grad": 0.0,
      "critic_grad": 116426853.8439923,
      "actor_per_layer": {
        "fc1": 0.0,
        "fc2": 0.0,
        "fc3": 0.0
      },
      "critic_per_layer": {
        "fc1": 7447914.275068662,
        "fc2": 6488889.014107467,
        "fc3": 116007048.01142113
      }
    },
    {
      "episode": 200,
      "actor_grad": 0.0,
      "critic_grad": 205823903.7875467,
      "actor_per_layer": {
        "fc1": 0.0,
        "fc2": 0.0,
        "fc3": 0.0
      },
      "critic_per_layer": {
        "fc1": 13105312.473437004,
        "fc2": 11457991.021876458,
        "fc3": 205086432.01601967
      }
    },
    {
      "episode": 210,
      "actor_grad": 0.0,
      "critic_grad": 19492439.49852058,
      "actor_per_layer": {
        "fc1": 0.0,
        "fc2": 0.0,
        "fc3": 0.0
      },
      "critic_per_layer": {
        "fc1": 1631561.7802209305,
        "fc2": 1085281.8766705578,
        "fc3": 19393694.001117423
      }
    },
    {
      "episode": 220,
      "actor_grad": 0.0,
      "critic_grad": 249457915.84390813,
      "actor_per_layer": {
        "fc1": 0.0,
        "fc2": 0.0,
        "fc3": 0.0
      },
      "critic_per_layer": {
        "fc1": 15869014.568080392,
        "fc2": 13854825.02232447,
        "fc3": 248566832.01389757
      }
    },
    {
      "episode": 230,
      "actor_grad": 0.0,
      "critic_grad": 27527268.00129946,
      "actor_per_layer": {
        "fc1": 0.0,
        "fc2": 0.0,
        "fc3": 0.0
      },
      "critic_per_layer": {
        "fc1": 2084265.1934976494,
        "fc2": 1528150.8779942996,
        "fc3": 27405676.001745053
      }
    },
    {
      "episode": 240,
      "actor_grad": 0.0,
      "critic_grad": 218120680.5759393,
      "actor_per_layer": {
        "fc1": 0.0,
        "fc2": 0.0,
        "fc3": 0.0
      },
      "critic_per_layer": {
        "fc1": 13838563.505747203,
        "fc2": 12088871.017453112,
        "fc3": 217345312.0095571
      }
    },
    {
      "episode": 250,
      "actor_grad": 0.0,
      "critic_grad": 205025198.34795135,
      "actor_per_layer": {
        "fc1": 0.0,
        "fc2": 0.0,
        "fc3": 0.0
      },
      "critic_per_layer": {
        "fc1": 13016903.483951751,
        "fc2": 11351942.015777962,
        "fc3": 204296416.00815392
      }
    },
    {
      "episode": 260,
      "actor_grad": 0.0,
      "critic_grad": 156034630.89273158,
      "actor_per_layer": {
        "fc1": 0.0,
        "fc2": 0.0,
        "fc3": 0.0
      },
      "critic_per_layer": {
        "fc1": 9917179.375992917,
        "fc2": 8631616.011651054,
        "fc3": 155479744.0057153
      }
    },
    {
      "episode": 270,
      "actor_grad": 0.0,
      "critic_grad": 100221980.10014525,
      "actor_per_layer": {
        "fc1": 0.0,
        "fc2": 0.0,
        "fc3": 0.0
      },
      "critic_per_layer": {
        "fc1": 6361448.2291172,
        "fc2": 5540343.0068399,
        "fc3": 99866320.00323598
      }
    },
    {
      "episode": 280,
      "actor_grad": 0.0,
      "critic_grad": 35667136.444706686,
      "actor_per_layer": {
        "fc1": 0.0,
        "fc2": 0.0,
        "fc3": 0.0
      },
      "critic_per_layer": {
        "fc1": 2265508.8339019828,
        "fc2": 1970234.5024174158,
        "fc3": 35540544.00110274
      }
    },
    {
      "episode": 290,
      "actor_grad": 0.0,
      "critic_grad": 92542079.24233812,
      "actor_per_layer": {
        "fc1": 0.0,
        "fc2": 0.0,
        "fc3": 0.0
      },
      "critic_per_layer": {
        "fc1": 6460463.197059958,
        "fc2": 5107437.506014841,
        "fc3": 92174904.00264475
      }
    },
    {
      "episode": 300,
      "actor_grad": 0.0,
      "critic_grad": 102236878.60455528,
      "actor_per_layer": {
        "fc1": 0.0,
        "fc2": 0.0,
        "fc3": 0.0
      },
      "critic_per_layer": {
        "fc1": 6480420.24801448,
        "fc2": 5639386.006656084,
        "fc3": 101875320.00283302
      }
    },
    {
      "episode": 310,
      "actor_grad": 0.0,
      "critic_grad": 164903945.89706016,
      "actor_per_layer": {
        "fc1": 0.0,
        "fc2": 0.0,
        "fc3": 0.0
      },
      "critic_per_layer": {
        "fc1": 10448446.3956048,
        "fc2": 9090503.010278901,
        "fc3": 164321344.0042371
      }
    },
    {
      "episode": 320,
      "actor_grad": 0.0,
      "critic_grad": 29796587.062555738,
      "actor_per_layer": {
        "fc1": 0.0,
        "fc2": 0.0,
        "fc3": 0.0
      },
      "critic_per_layer": {
        "fc1": 1887580.699087322,
        "fc2": 1640994.1268409854,
        "fc3": 29691426.000725705
      }
    },
    {
      "episode": 330,
      "actor_grad": 0.0,
      "critic_grad": 160247473.12940794,
      "actor_per_layer": {
        "fc1": 0.0,
        "fc2": 0.0,
        "fc3": 0.0
      },
      "critic_per_layer": {
        "fc1": 10144192.385719012,
        "fc2": 8817385.009197332,
        "fc3": 159682816.00348055
      }
    }
  ],
  "asymmetry_history": [
    {
      "episode": 10,
      "ratio": 0.0,
      "actor_grad": 0.0,
      "critic_grad": 2614613.6217688276
    },
    {
      "episode": 20,
      "ratio": 0.0,
      "actor_grad": 0.0,
      "critic_grad": 4467988.338121016
    },
    {
      "episode": 30,
      "ratio": 0.0,
      "actor_grad": 0.0,
      "critic_grad": 6696359.810846135
    },
    {
      "episode": 40,
      "ratio": 0.0,
      "actor_grad": 0.0,
      "critic_grad": 13839250.058063583
    },
    {
      "episode": 50,
      "ratio": 0.0,
      "actor_grad": 0.0,
      "critic_grad": 21222824.285632897
    },
    {
      "episode": 60,
      "ratio": 0.0,
      "actor_grad": 0.0,
      "critic_grad": 28310875.271894045
    },
    {
      "episode": 70,
      "ratio": 0.0,
      "actor_grad": 0.0,
      "critic_grad": 43970744.35550095
    },
    {
      "episode": 80,
      "ratio": 0.0,
      "actor_grad": 0.0,
      "critic_grad": 44758093.22088955
    },
    {
      "episode": 90,
      "ratio": 0.0,
      "actor_grad": 0.0,
      "critic_grad": 71556101.4050394
    },
    {
      "episode": 100,
      "ratio": 0.0,
      "actor_grad": 0.0,
      "critic_grad": 78891413.18358327
    },
    {
      "episode": 110,
      "ratio": 0.0,
      "actor_grad": 0.0,
      "critic_grad": 63851541.65797969
    },
    {
      "episode": 120,
      "ratio": 0.0,
      "actor_grad": 0.0,
      "critic_grad": 96064928.72475573
    },
    {
      "episode": 130,
      "ratio": 0.0,
      "actor_grad": 0.0,
      "critic_grad": 93230635.51374225
    },
    {
      "episode": 140,
      "ratio": 0.0,
      "actor_grad": 0.0,
      "critic_grad": 219483425.92518488
    },
    {
      "episode": 150,
      "ratio": 0.0,
      "actor_grad": 0.0,
      "critic_grad": 134677876.0178623
    },
    {
      "episode": 160,
      "ratio": 0.0,
      "actor_grad": 0.0,
      "critic_grad": 37825583.02606294
    },
    {
      "episode": 170,
      "ratio": 0.0,
      "actor_grad": 0.0,
      "critic_grad": 180760099.39722914
    },
    {
      "episode": 180,
      "ratio": 0.0,
      "actor_grad": 0.0,
      "critic_grad": 273591828.7504256
    },
    {
      "episode": 190,
      "ratio": 0.0,
      "actor_grad": 0.0,
      "critic_grad": 116426853.8439923
    },
    {
      "episode": 200,
      "ratio": 0.0,
      "actor_grad": 0.0,
      "critic_grad": 205823903.7875467
    },
    {
      "episode": 210,
      "ratio": 0.0,
      "actor_grad": 0.0,
      "critic_grad": 19492439.49852058
    },
    {
      "episode": 220,
      "ratio": 0.0,
      "actor_grad": 0.0,
      "critic_grad": 249457915.84390813
    },
    {
      "episode": 230,
      "ratio": 0.0,
      "actor_grad": 0.0,
      "critic_grad": 27527268.00129946
    },
    {
      "episode": 240,
      "ratio": 0.0,
      "actor_grad": 0.0,
      "critic_grad": 218120680.5759393
    },
    {
      "episode": 250,
      "ratio": 0.0,
      "actor_grad": 0.0,
      "critic_grad": 205025198.34795135
    },
    {
      "episode": 260,
      "ratio": 0.0,
      "actor_grad": 0.0,
      "critic_grad": 156034630.89273158
    },
    {
      "episode": 270,
      "ratio": 0.0,
      "actor_grad": 0.0,
      "critic_grad": 100221980.10014525
    },
    {
      "episode": 280,
      "ratio": 0.0,
      "actor_grad": 0.0,
      "critic_grad": 35667136.444706686
    },
    {
      "episode": 290,
      "ratio": 0.0,
      "actor_grad": 0.0,
      "critic_grad": 92542079.24233812
    },
    {
      "episode": 300,
      "ratio": 0.0,
      "actor_grad": 0.0,
      "critic_grad": 102236878.60455528
    },
    {
      "episode": 310,
      "ratio": 0.0,
      "actor_grad": 0.0,
      "critic_grad": 164903945.89706016
    },
    {
      "episode": 320,
      "ratio": 0.0,
      "actor_grad": 0.0,
      "critic_grad": 29796587.062555738
    },
    {
      "episode": 330,
      "ratio": 0.0,
      "actor_grad": 0.0,
      "critic_grad": 160247473.12940794
    }
  ],
  "activation_history": [
    {
      "episode": 10,
      "mean_preact": 3215.609375,
      "std_preact": 121095.6328125,
      "min_preact": -438478.46875,
      "max_preact": 438190.78125,
      "avg_actor_output_saturation": 0.9440519031141869,
      "actor_activations_sample": {
        "fc3": {
          "min": -1.0,
          "max": 1.0,
          "mean": 0.004608521703630686,
          "saturation": 0.9440519031141869
        }
      }
    },
    {
      "episode": 20,
      "mean_preact": 10983.3662109375,
      "std_preact": 368333.84375,
      "min_preact": -914217.1875,
      "max_preact": 913759.75,
      "avg_actor_output_saturation": 1.0,
      "actor_activations_sample": {
        "fc3": {
          "min": -1.0,
          "max": 1.0,
          "mean": 0.0,
          "saturation": 1.0
        }
      }
    },
    {
      "episode": 30,
      "mean_preact": 15080.4482421875,
      "std_preact": 543764.8125,
      "min_preact": -1153831.375,
      "max_preact": 1153299.375,
      "avg_actor_output_saturation": 1.0,
      "actor_activations_sample": {
        "fc3": {
          "min": -1.0,
          "max": 1.0,
          "mean": 0.0,
          "saturation": 1.0
        }
      }
    },
    {
      "episode": 40,
      "mean_preact": 17734.814453125,
      "std_preact": 630204.375,
      "min_preact": -1280470.875,
      "max_preact": 1279902.375,
      "avg_actor_output_saturation": 1.0,
      "actor_activations_sample": {
        "fc3": {
          "min": -1.0,
          "max": 1.0,
          "mean": 0.0,
          "saturation": 1.0
        }
      }
    },
    {
      "episode": 50,
      "mean_preact": 18394.478515625,
      "std_preact": 663831.9375,
      "min_preact": -1314445.0,
      "max_preact": 1313867.0,
      "avg_actor_output_saturation": 1.0,
      "actor_activations_sample": {
        "fc3": {
          "min": -1.0,
          "max": 1.0,
          "mean": 0.0,
          "saturation": 1.0
        }
      }
    },
    {
      "episode": 60,
      "mean_preact": 17156.0546875,
      "std_preact": 679124.75,
      "min_preact": -1334700.625,
      "max_preact": 1334118.0,
      "avg_actor_output_saturation": 1.0,
      "actor_activations_sample": {
        "fc3": {
          "min": -1.0,
          "max": 1.0,
          "mean": 0.0,
          "saturation": 1.0
        }
      }
    },
    {
      "episode": 70,
      "mean_preact": 18397.16796875,
      "std_preact": 683680.3125,
      "min_preact": -1346598.875,
      "max_preact": 1346012.125,
      "avg_actor_output_saturation": 1.0,
      "actor_activations_sample": {
        "fc3": {
          "min": -1.0,
          "max": 1.0,
          "mean": 0.0,
          "saturation": 1.0
        }
      }
    },
    {
      "episode": 80,
      "mean_preact": 18323.517578125,
      "std_preact": 685210.5,
      "min_preact": -1348688.375,
      "max_preact": 1348101.0,
      "avg_actor_output_saturation": 1.0,
      "actor_activations_sample": {
        "fc3": {
          "min": -1.0,
          "max": 1.0,
          "mean": 0.0,
          "saturation": 1.0
        }
      }
    },
    {
      "episode": 90,
      "mean_preact": 17678.12890625,
      "std_preact": 685166.1875,
      "min_preact": -1349710.75,
      "max_preact": 1349123.125,
      "avg_actor_output_saturation": 1.0,
      "actor_activations_sample": {
        "fc3": {
          "min": -1.0,
          "max": 1.0,
          "mean": 0.0,
          "saturation": 1.0
        }
      }
    },
    {
      "episode": 100,
      "mean_preact": 17525.92578125,
      "std_preact": 685968.4375,
      "min_preact": -1350160.625,
      "max_preact": 1349572.875,
      "avg_actor_output_saturation": 1.0,
      "actor_activations_sample": {
        "fc3": {
          "min": -1.0,
          "max": 1.0,
          "mean": 0.0,
          "saturation": 1.0
        }
      }
    },
    {
      "episode": 110,
      "mean_preact": 18483.484375,
      "std_preact": 686906.0,
      "min_preact": -1350319.75,
      "max_preact": 1349732.0,
      "avg_actor_output_saturation": 1.0,
      "actor_activations_sample": {
        "fc3": {
          "min": -1.0,
          "max": 1.0,
          "mean": 0.0,
          "saturation": 1.0
        }
      }
    },
    {
      "episode": 120,
      "mean_preact": 17480.396484375,
      "std_preact": 686337.625,
      "min_preact": -1350520.625,
      "max_preact": 1349933.0,
      "avg_actor_output_saturation": 1.0,
      "actor_activations_sample": {
        "fc3": {
          "min": -1.0,
          "max": 1.0,
          "mean": 0.0,
          "saturation": 1.0
        }
      }
    },
    {
      "episode": 130,
      "mean_preact": 18101.95703125,
      "std_preact": 686267.5,
      "min_preact": -1350534.875,
      "max_preact": 1349947.125,
      "avg_actor_output_saturation": 1.0,
      "actor_activations_sample": {
        "fc3": {
          "min": -1.0,
          "max": 1.0,
          "mean": 0.0,
          "saturation": 1.0
        }
      }
    },
    {
      "episode": 140,
      "mean_preact": 17170.736328125,
      "std_preact": 685339.75,
      "min_preact": -1350541.125,
      "max_preact": 1349953.375,
      "avg_actor_output_saturation": 1.0,
      "actor_activations_sample": {
        "fc3": {
          "min": -1.0,
          "max": 1.0,
          "mean": 0.0,
          "saturation": 1.0
        }
      }
    },
    {
      "episode": 150,
      "mean_preact": 17212.568359375,
      "std_preact": 684978.5625,
      "min_preact": -1350412.5,
      "max_preact": 1349824.875,
      "avg_actor_output_saturation": 1.0,
      "actor_activations_sample": {
        "fc3": {
          "min": -1.0,
          "max": 1.0,
          "mean": 0.0,
          "saturation": 1.0
        }
      }
    },
    {
      "episode": 160,
      "mean_preact": 17263.6640625,
      "std_preact": 685244.625,
      "min_preact": -1350412.5,
      "max_preact": 1349824.875,
      "avg_actor_output_saturation": 1.0,
      "actor_activations_sample": {
        "fc3": {
          "min": -1.0,
          "max": 1.0,
          "mean": 0.0,
          "saturation": 1.0
        }
      }
    },
    {
      "episode": 170,
      "mean_preact": 16875.21484375,
      "std_preact": 684540.875,
      "min_preact": -1350544.625,
      "max_preact": 1349957.0,
      "avg_actor_output_saturation": 1.0,
      "actor_activations_sample": {
        "fc3": {
          "min": -1.0,
          "max": 1.0,
          "mean": 0.0,
          "saturation": 1.0
        }
      }
    },
    {
      "episode": 180,
      "mean_preact": 16587.716796875,
      "std_preact": 684649.5,
      "min_preact": -1350544.625,
      "max_preact": 1349957.0,
      "avg_actor_output_saturation": 1.0,
      "actor_activations_sample": {
        "fc3": {
          "min": -1.0,
          "max": 1.0,
          "mean": 0.0,
          "saturation": 1.0
        }
      }
    },
    {
      "episode": 190,
      "mean_preact": 17223.734375,
      "std_preact": 685247.4375,
      "min_preact": -1350412.5,
      "max_preact": 1349824.875,
      "avg_actor_output_saturation": 1.0,
      "actor_activations_sample": {
        "fc3": {
          "min": -1.0,
          "max": 1.0,
          "mean": 0.0,
          "saturation": 1.0
        }
      }
    },
    {
      "episode": 200,
      "mean_preact": 16478.419921875,
      "std_preact": 685793.3125,
      "min_preact": -1350231.5,
      "max_preact": 1349643.875,
      "avg_actor_output_saturation": 1.0,
      "actor_activations_sample": {
        "fc3": {
          "min": -1.0,
          "max": 1.0,
          "mean": 0.0,
          "saturation": 1.0
        }
      }
    },
    {
      "episode": 210,
      "mean_preact": 16829.794921875,
      "std_preact": 685931.875,
      "min_preact": -1344321.5,
      "max_preact": 1343736.375,
      "avg_actor_output_saturation": 1.0,
      "actor_activations_sample": {
        "fc3": {
          "min": -1.0,
          "max": 1.0,
          "mean": 0.0,
          "saturation": 1.0
        }
      }
    },
    {
      "episode": 220,
      "mean_preact": 16012.7958984375,
      "std_preact": 685653.1875,
      "min_preact": -1350412.5,
      "max_preact": 1349824.875,
      "avg_actor_output_saturation": 1.0,
      "actor_activations_sample": {
        "fc3": {
          "min": -1.0,
          "max": 1.0,
          "mean": 0.0,
          "saturation": 1.0
        }
      }
    },
    {
      "episode": 230,
      "mean_preact": 16761.32421875,
      "std_preact": 684021.0,
      "min_preact": -1342273.125,
      "max_preact": 1341689.0,
      "avg_actor_output_saturation": 1.0,
      "actor_activations_sample": {
        "fc3": {
          "min": -1.0,
          "max": 1.0,
          "mean": 0.0,
          "saturation": 1.0
        }
      }
    },
    {
      "episode": 240,
      "mean_preact": 15878.173828125,
      "std_preact": 683487.5625,
      "min_preact": -1358795.625,
      "max_preact": 1358204.5,
      "avg_actor_output_saturation": 1.0,
      "actor_activations_sample": {
        "fc3": {
          "min": -1.0,
          "max": 1.0,
          "mean": 0.0,
          "saturation": 1.0
        }
      }
    },
    {
      "episode": 250,
      "mean_preact": 16228.5576171875,
      "std_preact": 684219.0625,
      "min_preact": -1351308.25,
      "max_preact": 1350720.125,
      "avg_actor_output_saturation": 1.0,
      "actor_activations_sample": {
        "fc3": {
          "min": -1.0,
          "max": 1.0,
          "mean": 0.0,
          "saturation": 1.0
        }
      }
    },
    {
      "episode": 260,
      "mean_preact": 16330.90625,
      "std_preact": 683419.0,
      "min_preact": -1345916.125,
      "max_preact": 1345330.375,
      "avg_actor_output_saturation": 1.0,
      "actor_activations_sample": {
        "fc3": {
          "min": -1.0,
          "max": 1.0,
          "mean": 0.0,
          "saturation": 1.0
        }
      }
    },
    {
      "episode": 270,
      "mean_preact": 16639.828125,
      "std_preact": 682992.4375,
      "min_preact": -1345916.125,
      "max_preact": 1345330.375,
      "avg_actor_output_saturation": 1.0,
      "actor_activations_sample": {
        "fc3": {
          "min": -1.0,
          "max": 1.0,
          "mean": 0.0,
          "saturation": 1.0
        }
      }
    },
    {
      "episode": 280,
      "mean_preact": 17114.994140625,
      "std_preact": 684043.5625,
      "min_preact": -1358795.75,
      "max_preact": 1358204.375,
      "avg_actor_output_saturation": 1.0,
      "actor_activations_sample": {
        "fc3": {
          "min": -1.0,
          "max": 1.0,
          "mean": 0.0,
          "saturation": 1.0
        }
      }
    },
    {
      "episode": 290,
      "mean_preact": 16315.1171875,
      "std_preact": 684447.4375,
      "min_preact": -1344657.25,
      "max_preact": 1344072.125,
      "avg_actor_output_saturation": 1.0,
      "actor_activations_sample": {
        "fc3": {
          "min": -1.0,
          "max": 1.0,
          "mean": 0.0,
          "saturation": 1.0
        }
      }
    },
    {
      "episode": 300,
      "mean_preact": 15937.26171875,
      "std_preact": 683638.75,
      "min_preact": -1350412.5,
      "max_preact": 1349824.875,
      "avg_actor_output_saturation": 1.0,
      "actor_activations_sample": {
        "fc3": {
          "min": -1.0,
          "max": 1.0,
          "mean": 0.0,
          "saturation": 1.0
        }
      }
    },
    {
      "episode": 310,
      "mean_preact": 16379.8720703125,
      "std_preact": 682645.3125,
      "min_preact": -1350544.625,
      "max_preact": 1349957.0,
      "avg_actor_output_saturation": 1.0,
      "actor_activations_sample": {
        "fc3": {
          "min": -1.0,
          "max": 1.0,
          "mean": 0.0,
          "saturation": 1.0
        }
      }
    },
    {
      "episode": 320,
      "mean_preact": 16078.4580078125,
      "std_preact": 682443.1875,
      "min_preact": -1350544.625,
      "max_preact": 1349957.0,
      "avg_actor_output_saturation": 1.0,
      "actor_activations_sample": {
        "fc3": {
          "min": -1.0,
          "max": 1.0,
          "mean": 0.0,
          "saturation": 1.0
        }
      }
    },
    {
      "episode": 330,
      "mean_preact": 15744.1376953125,
      "std_preact": 682855.375,
      "min_preact": -1350412.5,
      "max_preact": 1349824.875,
      "avg_actor_output_saturation": 1.0,
      "actor_activations_sample": {
        "fc3": {
          "min": -1.0,
          "max": 1.0,
          "mean": 0.0,
          "saturation": 1.0
        }
      }
    }
  ]
}