{
  "gradient_history": [
    {
      "episode": 10,
      "actor_grad": 68.5675437179593,
      "critic_grad": 52678871.50479671,
      "actor_per_layer": {
        "fc1": 0.4188208682042073,
        "fc2": 3.5405121979131926,
        "fc3": 68.47479400459007
      },
      "critic_per_layer": {
        "fc1": 3049967.6104246457,
        "fc2": 2393453.2882535057,
        "fc3": 52536012.23876049
      }
    },
    {
      "episode": 20,
      "actor_grad": 0.784255049457864,
      "critic_grad": 101478099.40034574,
      "actor_per_layer": {
        "fc1": 0.005536721289096828,
        "fc2": 0.04087999175615943,
        "fc3": 0.7831693007208211
      },
      "critic_per_layer": {
        "fc1": 6246581.725213766,
        "fc2": 4625024.516488032,
        "fc3": 101180008.01975931
      }
    },
    {
      "episode": 30,
      "actor_grad": 0.0,
      "critic_grad": 26225960.35265041,
      "actor_per_layer": {
        "fc1": 0.0,
        "fc2": 0.0,
        "fc3": 0.0
      },
      "critic_per_layer": {
        "fc1": 1757204.8086096945,
        "fc2": 1186011.0018342654,
        "fc3": 26140134.000860024
      }
    },
    {
      "episode": 40,
      "actor_grad": 0.0,
      "critic_grad": 73108370.31054628,
      "actor_per_layer": {
        "fc1": 0.0,
        "fc2": 0.0,
        "fc3": 0.0
      },
      "critic_per_layer": {
        "fc1": 4644454.155609751,
        "fc2": 3303586.5040665646,
        "fc3": 72885864.00167425
      }
    },
    {
      "episode": 50,
      "actor_grad": 0.0,
      "critic_grad": 28995583.01265593,
      "actor_per_layer": {
        "fc1": 0.0,
        "fc2": 0.0,
        "fc3": 0.0
      },
      "critic_per_layer": {
        "fc1": 1994937.0485796672,
        "fc2": 1317531.501863143,
        "fc3": 28896854.0010435
      }
    },
    {
      "episode": 60,
      "actor_grad": 0.0,
      "critic_grad": 9651092.214304673,
      "actor_per_layer": {
        "fc1": 0.0,
        "fc2": 0.0,
        "fc3": 0.0
      },
      "critic_per_layer": {
        "fc1": 626570.8332326466,
        "fc2": 438623.12578494416,
        "fc3": 9620738.000459272
      }
    },
    {
      "episode": 70,
      "actor_grad": 0.0,
      "critic_grad": 34711101.15485579,
      "actor_per_layer": {
        "fc1": 0.0,
        "fc2": 0.0,
        "fc3": 0.0
      },
      "critic_per_layer": {
        "fc1": 2290489.0765117113,
        "fc2": 1576453.1278053173,
        "fc3": 34599552.00156274
      }
    },
    {
      "episode": 80,
      "actor_grad": 0.0,
      "critic_grad": 15617021.991909238,
      "actor_per_layer": {
        "fc1": 0.0,
        "fc2": 0.0,
        "fc3": 0.0
      },
      "critic_per_layer": {
        "fc1": 1264294.6618956295,
        "fc2": 710735.5015953071,
        "fc3": 15549527.000859255
      }
    },
    {
      "episode": 90,
      "actor_grad": 0.0,
      "critic_grad": 31345090.126320235,
      "actor_per_layer": {
        "fc1": 0.0,
        "fc2": 0.0,
        "fc3": 0.0
      },
      "critic_per_layer": {
        "fc1": 2033619.6910833055,
        "fc2": 1421594.2521661012,
        "fc3": 31246730.001095872
      }
    },
    {
      "episode": 100,
      "actor_grad": 0.0,
      "critic_grad": 2768449.800216992,
      "actor_per_layer": {
        "fc1": 0.0,
        "fc2": 0.0,
        "fc3": 0.0
      },
      "critic_per_layer": {
        "fc1": 459090.34670783597,
        "fc2": 129416.56273664093,
        "fc3": 2727050.000122956
      }
    },
    {
      "episode": 110,
      "actor_grad": 0.0,
      "critic_grad": 10784783.666020859,
      "actor_per_layer": {
        "fc1": 0.0,
        "fc2": 0.0,
        "fc3": 0.0
      },
      "critic_per_layer": {
        "fc1": 809553.3981705634,
        "fc2": 490168.8446346777,
        "fc3": 10743180.000452861
      }
    },
    {
      "episode": 120,
      "actor_grad": 0.0,
      "critic_grad": 1101011.1177311172,
      "actor_per_layer": {
        "fc1": 0.0,
        "fc2": 0.0,
        "fc3": 0.0
      },
      "critic_per_layer": {
        "fc1": 196274.7355428704,
        "fc2": 51508.12509623764,
        "fc3": 1082150.0000481314
      }
    },
    {
      "episode": 130,
      "actor_grad": 0.0,
      "critic_grad": 44803900.98663373,
      "actor_per_layer": {
        "fc1": 0.0,
        "fc2": 0.0,
        "fc3": 0.0
      },
      "critic_per_layer": {
        "fc1": 2849101.3604454175,
        "fc2": 2030091.2533236286,
        "fc3": 44667112.001574114
      }
    },
    {
      "episode": 140,
      "actor_grad": 0.0,
      "critic_grad": 9523607.398066757,
      "actor_per_layer": {
        "fc1": 0.0,
        "fc2": 0.0,
        "fc3": 0.0
      },
      "critic_per_layer": {
        "fc1": 781532.2057121303,
        "fc2": 432848.84446136566,
        "fc3": 9481611.0003414
      }
    },
    {
      "episode": 150,
      "actor_grad": 0.0,
      "critic_grad": 6798520.340197584,
      "actor_per_layer": {
        "fc1": 0.0,
        "fc2": 0.0,
        "fc3": 0.0
      },
      "critic_per_layer": {
        "fc1": 435493.0170716504,
        "fc2": 308154.68801403645,
        "fc3": 6777556.000242054
      }
    },
    {
      "episode": 160,
      "actor_grad": 0.0,
      "critic_grad": 2637707.555058604,
      "actor_per_layer": {
        "fc1": 0.0,
        "fc2": 0.0,
        "fc3": 0.0
      },
      "critic_per_layer": {
        "fc1": 175916.00483650365,
        "fc2": 119477.37514059727,
        "fc3": 2629121.500061402
      }
    },
    {
      "episode": 170,
      "actor_grad": 0.0,
      "critic_grad": 6599596.310894885,
      "actor_per_layer": {
        "fc1": 0.0,
        "fc2": 0.0,
        "fc3": 0.0
      },
      "critic_per_layer": {
        "fc1": 459062.9194986192,
        "fc2": 298873.4691255902,
        "fc3": 6576823.500153522
      }
    },
    {
      "episode": 180,
      "actor_grad": 0.0,
      "critic_grad": 14563751.836773438,
      "actor_per_layer": {
        "fc1": 0.0,
        "fc2": 0.0,
        "fc3": 0.0
      },
      "critic_per_layer": {
        "fc1": 937786.9100638846,
        "fc2": 660083.251085321,
        "fc3": 14518530.000522478
      }
    },
    {
      "episode": 190,
      "actor_grad": 0.0,
      "critic_grad": 5158033.665737188,
      "actor_per_layer": {
        "fc1": 0.0,
        "fc2": 0.0,
        "fc3": 0.0
      },
      "critic_per_layer": {
        "fc1": 383369.6676176443,
        "fc2": 234113.92224837455,
        "fc3": 5138436.500166022
      }
    },
    {
      "episode": 200,
      "actor_grad": 0.0,
      "critic_grad": 17422099.072768643,
      "actor_per_layer": {
        "fc1": 0.0,
        "fc2": 0.0,
        "fc3": 0.0
      },
      "critic_per_layer": {
        "fc1": 1112560.4160390745,
        "fc2": 788682.7510976247,
        "fc3": 17368642.0004602
      }
    },
    {
      "episode": 210,
      "actor_grad": 0.0,
      "critic_grad": 14558594.825663708,
      "actor_per_layer": {
        "fc1": 0.0,
        "fc2": 0.0,
        "fc3": 0.0
      },
      "critic_per_layer": {
        "fc1": 1006977.7237039715,
        "fc2": 658751.1259249006,
        "fc3": 14508781.000342473
      }
    },
    {
      "episode": 220,
      "actor_grad": 0.0,
      "critic_grad": 26820533.457579117,
      "actor_per_layer": {
        "fc1": 0.0,
        "fc2": 0.0,
        "fc3": 0.0
      },
      "critic_per_layer": {
        "fc1": 1744777.1889830045,
        "fc2": 1212313.251468728,
        "fc3": 26736250.000518747
      }
    },
    {
      "episode": 230,
      "actor_grad": 0.0,
      "critic_grad": 12937301.479228798,
      "actor_per_layer": {
        "fc1": 0.0,
        "fc2": 0.0,
        "fc3": 0.0
      },
      "critic_per_layer": {
        "fc1": 864933.4673033167,
        "fc2": 584921.3757042479,
        "fc3": 12895097.000249302
      }
    },
    {
      "episode": 240,
      "actor_grad": 0.0,
      "critic_grad": 8433776.187531108,
      "actor_per_layer": {
        "fc1": 0.0,
        "fc2": 0.0,
        "fc3": 0.0
      },
      "critic_per_layer": {
        "fc1": 575864.208509417,
        "fc2": 381386.34426452115,
        "fc3": 8405445.000184886
      }
    },
    {
      "episode": 250,
      "actor_grad": 0.0,
      "critic_grad": 30870483.78209378,
      "actor_per_layer": {
        "fc1": 0.0,
        "fc2": 0.0,
        "fc3": 0.0
      },
      "critic_per_layer": {
        "fc1": 2033052.0841615384,
        "fc2": 1394806.3768442767,
        "fc3": 30771870.000614457
      }
    },
    {
      "episode": 260,
      "actor_grad": 0.0,
      "critic_grad": 60641300.0662571,
      "actor_per_layer": {
        "fc1": 0.0,
        "fc2": 0.0,
        "fc3": 0.0
      },
      "critic_per_layer": {
        "fc1": 3982261.134216364,
        "fc2": 2736634.5026643416,
        "fc3": 60448488.00080586
      }
    },
    {
      "episode": 270,
      "actor_grad": 0.0,
      "critic_grad": 13424495.008121341,
      "actor_per_layer": {
        "fc1": 0.0,
        "fc2": 0.0,
        "fc3": 0.0
      },
      "critic_per_layer": {
        "fc1": 958719.3320343491,
        "fc2": 606145.1879285647,
        "fc3": 13376491.00013189
      }
    },
    {
      "episode": 280,
      "actor_grad": 0.0,
      "critic_grad": 35499956.54181469,
      "actor_per_layer": {
        "fc1": 0.0,
        "fc2": 0.0,
        "fc3": 0.0
      },
      "critic_per_layer": {
        "fc1": 2333214.599953618,
        "fc2": 1601900.7519410546,
        "fc3": 35386960.00057402
      }
    },
    {
      "episode": 290,
      "actor_grad": 0.0,
      "critic_grad": 62567363.266239904,
      "actor_per_layer": {
        "fc1": 0.0,
        "fc2": 0.0,
        "fc3": 0.0
      },
      "critic_per_layer": {
        "fc1": 4036927.156274424,
        "fc2": 2821982.2529187948,
        "fc3": 62373188.00084514
      }
    },
    {
      "episode": 300,
      "actor_grad": 0.0,
      "critic_grad": 54953931.077430986,
      "actor_per_layer": {
        "fc1": 0.0,
        "fc2": 0.0,
        "fc3": 0.0
      },
      "critic_per_layer": {
        "fc1": 3539216.636516421,
        "fc2": 2477685.00245488,
        "fc3": 54783844.00068556
      }
    },
    {
      "episode": 310,
      "actor_grad": 0.0,
      "critic_grad": 12614912.014695067,
      "actor_per_layer": {
        "fc1": 0.0,
        "fc2": 0.0,
        "fc3": 0.0
      },
      "critic_per_layer": {
        "fc1": 879990.6517126258,
        "fc2": 568425.562984765,
        "fc3": 12571337.00012619
      }
    },
    {
      "episode": 320,
      "actor_grad": 0.0,
      "critic_grad": 31705619.127266224,
      "actor_per_layer": {
        "fc1": 0.0,
        "fc2": 0.0,
        "fc3": 0.0
      },
      "critic_per_layer": {
        "fc1": 2050403.453095859,
        "fc2": 1427199.8762066755,
        "fc3": 31607044.00028826
      }
    },
    {
      "episode": 330,
      "actor_grad": 0.0,
      "critic_grad": 7212939.232482627,
      "actor_per_layer": {
        "fc1": 0.0,
        "fc2": 0.0,
        "fc3": 0.0
      },
      "critic_per_layer": {
        "fc1": 504477.48909855547,
        "fc2": 324872.50033858535,
        "fc3": 7187938.000080666
      }
    },
    {
      "episode": 340,
      "actor_grad": 0.0,
      "critic_grad": 65839227.37897445,
      "actor_per_layer": {
        "fc1": 0.0,
        "fc2": 0.0,
        "fc3": 0.0
      },
      "critic_per_layer": {
        "fc1": 4244900.661548261,
        "fc2": 2964434.7525441535,
        "fc3": 65635332.00062139
      }
    },
    {
      "episode": 350,
      "actor_grad": 0.0,
      "critic_grad": 17373347.034971114,
      "actor_per_layer": {
        "fc1": 0.0,
        "fc2": 0.0,
        "fc3": 0.0
      },
      "critic_per_layer": {
        "fc1": 1263305.918924152,
        "fc2": 781694.6882046754,
        "fc3": 17309714.00015562
      }
    },
    {
      "episode": 360,
      "actor_grad": 0.0,
      "critic_grad": 13323151.62839532,
      "actor_per_layer": {
        "fc1": 0.0,
        "fc2": 0.0,
        "fc3": 0.0
      },
      "critic_per_layer": {
        "fc1": 1007448.769244467,
        "fc2": 598963.3752969286,
        "fc3": 13271498.000060642
      }
    },
    {
      "episode": 370,
      "actor_grad": 0.0,
      "critic_grad": 23362985.90404586,
      "actor_per_layer": {
        "fc1": 0.0,
        "fc2": 0.0,
        "fc3": 0.0
      },
      "critic_per_layer": {
        "fc1": 1540416.0475431315,
        "fc2": 1051046.125705417,
        "fc3": 23288442.000158723
      }
    },
    {
      "episode": 380,
      "actor_grad": 0.0,
      "critic_grad": 4588932.372860658,
      "actor_per_layer": {
        "fc1": 0.0,
        "fc2": 0.0,
        "fc3": 0.0
      },
      "critic_per_layer": {
        "fc1": 767579.0091851854,
        "fc2": 208729.34414431112,
        "fc3": 4519464.000104429
      }
    }
  ],
  "asymmetry_history": [
    {
      "episode": 10,
      "ratio": 1.30161375441985e-06,
      "actor_grad": 68.5675437179593,
      "critic_grad": 52678871.50479671
    },
    {
      "episode": 20,
      "ratio": 7.728318268593744e-09,
      "actor_grad": 0.784255049457864,
      "critic_grad": 101478099.40034574
    },
    {
      "episode": 30,
      "ratio": 0.0,
      "actor_grad": 0.0,
      "critic_grad": 26225960.35265041
    },
    {
      "episode": 40,
      "ratio": 0.0,
      "actor_grad": 0.0,
      "critic_grad": 73108370.31054628
    },
    {
      "episode": 50,
      "ratio": 0.0,
      "actor_grad": 0.0,
      "critic_grad": 28995583.01265593
    },
    {
      "episode": 60,
      "ratio": 0.0,
      "actor_grad": 0.0,
      "critic_grad": 9651092.214304673
    },
    {
      "episode": 70,
      "ratio": 0.0,
      "actor_grad": 0.0,
      "critic_grad": 34711101.15485579
    },
    {
      "episode": 80,
      "ratio": 0.0,
      "actor_grad": 0.0,
      "critic_grad": 15617021.991909238
    },
    {
      "episode": 90,
      "ratio": 0.0,
      "actor_grad": 0.0,
      "critic_grad": 31345090.126320235
    },
    {
      "episode": 100,
      "ratio": 0.0,
      "actor_grad": 0.0,
      "critic_grad": 2768449.800216992
    },
    {
      "episode": 110,
      "ratio": 0.0,
      "actor_grad": 0.0,
      "critic_grad": 10784783.666020859
    },
    {
      "episode": 120,
      "ratio": 0.0,
      "actor_grad": 0.0,
      "critic_grad": 1101011.1177311172
    },
    {
      "episode": 130,
      "ratio": 0.0,
      "actor_grad": 0.0,
      "critic_grad": 44803900.98663373
    },
    {
      "episode": 140,
      "ratio": 0.0,
      "actor_grad": 0.0,
      "critic_grad": 9523607.398066757
    },
    {
      "episode": 150,
      "ratio": 0.0,
      "actor_grad": 0.0,
      "critic_grad": 6798520.340197584
    },
    {
      "episode": 160,
      "ratio": 0.0,
      "actor_grad": 0.0,
      "critic_grad": 2637707.555058604
    },
    {
      "episode": 170,
      "ratio": 0.0,
      "actor_grad": 0.0,
      "critic_grad": 6599596.310894885
    },
    {
      "episode": 180,
      "ratio": 0.0,
      "actor_grad": 0.0,
      "critic_grad": 14563751.836773438
    },
    {
      "episode": 190,
      "ratio": 0.0,
      "actor_grad": 0.0,
      "critic_grad": 5158033.665737188
    },
    {
      "episode": 200,
      "ratio": 0.0,
      "actor_grad": 0.0,
      "critic_grad": 17422099.072768643
    },
    {
      "episode": 210,
      "ratio": 0.0,
      "actor_grad": 0.0,
      "critic_grad": 14558594.825663708
    },
    {
      "episode": 220,
      "ratio": 0.0,
      "actor_grad": 0.0,
      "critic_grad": 26820533.457579117
    },
    {
      "episode": 230,
      "ratio": 0.0,
      "actor_grad": 0.0,
      "critic_grad": 12937301.479228798
    },
    {
      "episode": 240,
      "ratio": 0.0,
      "actor_grad": 0.0,
      "critic_grad": 8433776.187531108
    },
    {
      "episode": 250,
      "ratio": 0.0,
      "actor_grad": 0.0,
      "critic_grad": 30870483.78209378
    },
    {
      "episode": 260,
      "ratio": 0.0,
      "actor_grad": 0.0,
      "critic_grad": 60641300.0662571
    },
    {
      "episode": 270,
      "ratio": 0.0,
      "actor_grad": 0.0,
      "critic_grad": 13424495.008121341
    },
    {
      "episode": 280,
      "ratio": 0.0,
      "actor_grad": 0.0,
      "critic_grad": 35499956.54181469
    },
    {
      "episode": 290,
      "ratio": 0.0,
      "actor_grad": 0.0,
      "critic_grad": 62567363.266239904
    },
    {
      "episode": 300,
      "ratio": 0.0,
      "actor_grad": 0.0,
      "critic_grad": 54953931.077430986
    },
    {
      "episode": 310,
      "ratio": 0.0,
      "actor_grad": 0.0,
      "critic_grad": 12614912.014695067
    },
    {
      "episode": 320,
      "ratio": 0.0,
      "actor_grad": 0.0,
      "critic_grad": 31705619.127266224
    },
    {
      "episode": 330,
      "ratio": 0.0,
      "actor_grad": 0.0,
      "critic_grad": 7212939.232482627
    },
    {
      "episode": 340,
      "ratio": 0.0,
      "actor_grad": 0.0,
      "critic_grad": 65839227.37897445
    },
    {
      "episode": 350,
      "ratio": 0.0,
      "actor_grad": 0.0,
      "critic_grad": 17373347.034971114
    },
    {
      "episode": 360,
      "ratio": 0.0,
      "actor_grad": 0.0,
      "critic_grad": 13323151.62839532
    },
    {
      "episode": 370,
      "ratio": 0.0,
      "actor_grad": 0.0,
      "critic_grad": 23362985.90404586
    },
    {
      "episode": 380,
      "ratio": 0.0,
      "actor_grad": 0.0,
      "critic_grad": 4588932.372860658
    }
  ],
  "activation_history": [
    {
      "episode": 10,
      "mean_preact": -97.2168197631836,
      "std_preact": 1156.893310546875,
      "min_preact": -11884.982421875,
      "max_preact": 10490.7705078125,
      "avg_actor_output_saturation": 0.9533820069204152,
      "actor_activations_sample": {
        "fc3": {
          "min": -1.0,
          "max": 1.0,
          "mean": -0.0004034755693282932,
          "saturation": 0.9533820069204152
        }
      }
    },
    {
      "episode": 20,
      "mean_preact": -600.2190551757812,
      "std_preact": 4257.1494140625,
      "min_preact": -24816.98828125,
      "max_preact": 20511.962890625,
      "avg_actor_output_saturation": 0.9993815160955348,
      "actor_activations_sample": {
        "fc3": {
          "min": -1.0,
          "max": 1.0,
          "mean": -0.06625717878341675,
          "saturation": 0.9993815160955348
        }
      }
    },
    {
      "episode": 30,
      "mean_preact": -1090.06396484375,
      "std_preact": 7312.29833984375,
      "min_preact": -36546.98828125,
      "max_preact": 36040.7578125,
      "avg_actor_output_saturation": 1.0,
      "actor_activations_sample": {
        "fc3": {
          "min": -1.0,
          "max": 1.0,
          "mean": -0.07506131380796432,
          "saturation": 1.0
        }
      }
    },
    {
      "episode": 40,
      "mean_preact": -1323.9332275390625,
      "std_preact": 9326.1845703125,
      "min_preact": -43361.4375,
      "max_preact": 46788.265625,
      "avg_actor_output_saturation": 1.0,
      "actor_activations_sample": {
        "fc3": {
          "min": -1.0,
          "max": 1.0,
          "mean": -0.07999999821186066,
          "saturation": 1.0
        }
      }
    },
    {
      "episode": 50,
      "mean_preact": -1421.3607177734375,
      "std_preact": 10246.6025390625,
      "min_preact": -45801.671875,
      "max_preact": 53156.91796875,
      "avg_actor_output_saturation": 1.0,
      "actor_activations_sample": {
        "fc3": {
          "min": -1.0,
          "max": 1.0,
          "mean": -0.07999999821186066,
          "saturation": 1.0
        }
      }
    },
    {
      "episode": 60,
      "mean_preact": -1463.953369140625,
      "std_preact": 10648.4892578125,
      "min_preact": -46784.06640625,
      "max_preact": 55141.48046875,
      "avg_actor_output_saturation": 1.0,
      "actor_activations_sample": {
        "fc3": {
          "min": -1.0,
          "max": 1.0,
          "mean": -0.07999999821186066,
          "saturation": 1.0
        }
      }
    },
    {
      "episode": 70,
      "mean_preact": -1478.421142578125,
      "std_preact": 10746.8798828125,
      "min_preact": -47387.2578125,
      "max_preact": 56094.82421875,
      "avg_actor_output_saturation": 1.0,
      "actor_activations_sample": {
        "fc3": {
          "min": -1.0,
          "max": 1.0,
          "mean": -0.07999999821186066,
          "saturation": 1.0
        }
      }
    },
    {
      "episode": 80,
      "mean_preact": -1497.9150390625,
      "std_preact": 10853.2958984375,
      "min_preact": -47704.63671875,
      "max_preact": 56347.77734375,
      "avg_actor_output_saturation": 1.0,
      "actor_activations_sample": {
        "fc3": {
          "min": -1.0,
          "max": 1.0,
          "mean": -0.07999999821186066,
          "saturation": 1.0
        }
      }
    },
    {
      "episode": 90,
      "mean_preact": -1511.1990966796875,
      "std_preact": 10896.796875,
      "min_preact": -47759.16796875,
      "max_preact": 56548.1015625,
      "avg_actor_output_saturation": 1.0,
      "actor_activations_sample": {
        "fc3": {
          "min": -1.0,
          "max": 1.0,
          "mean": -0.07999999821186066,
          "saturation": 1.0
        }
      }
    },
    {
      "episode": 100,
      "mean_preact": -1513.319580078125,
      "std_preact": 10933.712890625,
      "min_preact": -47778.09765625,
      "max_preact": 56530.33203125,
      "avg_actor_output_saturation": 1.0,
      "actor_activations_sample": {
        "fc3": {
          "min": -1.0,
          "max": 1.0,
          "mean": -0.07999999821186066,
          "saturation": 1.0
        }
      }
    },
    {
      "episode": 110,
      "mean_preact": -1491.2298583984375,
      "std_preact": 10947.966796875,
      "min_preact": -47786.75390625,
      "max_preact": 56421.375,
      "avg_actor_output_saturation": 1.0,
      "actor_activations_sample": {
        "fc3": {
          "min": -1.0,
          "max": 1.0,
          "mean": -0.07999999821186066,
          "saturation": 1.0
        }
      }
    },
    {
      "episode": 120,
      "mean_preact": -1513.9918212890625,
      "std_preact": 10941.478515625,
      "min_preact": -47849.65625,
      "max_preact": 56576.01171875,
      "avg_actor_output_saturation": 1.0,
      "actor_activations_sample": {
        "fc3": {
          "min": -1.0,
          "max": 1.0,
          "mean": -0.07999999821186066,
          "saturation": 1.0
        }
      }
    },
    {
      "episode": 130,
      "mean_preact": -1508.9185791015625,
      "std_preact": 10915.7822265625,
      "min_preact": -47796.87109375,
      "max_preact": 56652.5078125,
      "avg_actor_output_saturation": 1.0,
      "actor_activations_sample": {
        "fc3": {
          "min": -1.0,
          "max": 1.0,
          "mean": -0.07999999821186066,
          "saturation": 1.0
        }
      }
    },
    {
      "episode": 140,
      "mean_preact": -1501.2606201171875,
      "std_preact": 10985.59765625,
      "min_preact": -47797.3125,
      "max_preact": 56654.58984375,
      "avg_actor_output_saturation": 1.0,
      "actor_activations_sample": {
        "fc3": {
          "min": -1.0,
          "max": 1.0,
          "mean": -0.07999999821186066,
          "saturation": 1.0
        }
      }
    },
    {
      "episode": 150,
      "mean_preact": -1500.87841796875,
      "std_preact": 10930.7431640625,
      "min_preact": -47797.48046875,
      "max_preact": 56492.51953125,
      "avg_actor_output_saturation": 1.0,
      "actor_activations_sample": {
        "fc3": {
          "min": -1.0,
          "max": 1.0,
          "mean": -0.07999999821186066,
          "saturation": 1.0
        }
      }
    },
    {
      "episode": 160,
      "mean_preact": -1494.07763671875,
      "std_preact": 10936.0966796875,
      "min_preact": -47809.03125,
      "max_preact": 56432.15625,
      "avg_actor_output_saturation": 1.0,
      "actor_activations_sample": {
        "fc3": {
          "min": -1.0,
          "max": 1.0,
          "mean": -0.07999999821186066,
          "saturation": 1.0
        }
      }
    },
    {
      "episode": 170,
      "mean_preact": -1479.7685546875,
      "std_preact": 10940.6787109375,
      "min_preact": -47809.04296875,
      "max_preact": 56552.53515625,
      "avg_actor_output_saturation": 1.0,
      "actor_activations_sample": {
        "fc3": {
          "min": -1.0,
          "max": 1.0,
          "mean": -0.07999999821186066,
          "saturation": 1.0
        }
      }
    },
    {
      "episode": 180,
      "mean_preact": -1490.3267822265625,
      "std_preact": 10907.4248046875,
      "min_preact": -47809.0390625,
      "max_preact": 56606.90234375,
      "avg_actor_output_saturation": 1.0,
      "actor_activations_sample": {
        "fc3": {
          "min": -1.0,
          "max": 1.0,
          "mean": -0.07999999821186066,
          "saturation": 1.0
        }
      }
    },
    {
      "episode": 190,
      "mean_preact": -1484.176513671875,
      "std_preact": 10869.1689453125,
      "min_preact": -47809.0390625,
      "max_preact": 56655.1328125,
      "avg_actor_output_saturation": 1.0,
      "actor_activations_sample": {
        "fc3": {
          "min": -1.0,
          "max": 1.0,
          "mean": -0.07999999821186066,
          "saturation": 1.0
        }
      }
    },
    {
      "episode": 200,
      "mean_preact": -1489.7122802734375,
      "std_preact": 10886.3759765625,
      "min_preact": -47851.5390625,
      "max_preact": 56606.90234375,
      "avg_actor_output_saturation": 1.0,
      "actor_activations_sample": {
        "fc3": {
          "min": -1.0,
          "max": 1.0,
          "mean": -0.07999999821186066,
          "saturation": 1.0
        }
      }
    },
    {
      "episode": 210,
      "mean_preact": -1495.2183837890625,
      "std_preact": 10848.373046875,
      "min_preact": -47809.0390625,
      "max_preact": 56606.90234375,
      "avg_actor_output_saturation": 1.0,
      "actor_activations_sample": {
        "fc3": {
          "min": -1.0,
          "max": 1.0,
          "mean": -0.07999999821186066,
          "saturation": 1.0
        }
      }
    },
    {
      "episode": 220,
      "mean_preact": -1486.1065673828125,
      "std_preact": 10901.4345703125,
      "min_preact": -47847.72265625,
      "max_preact": 56606.90234375,
      "avg_actor_output_saturation": 1.0,
      "actor_activations_sample": {
        "fc3": {
          "min": -1.0,
          "max": 1.0,
          "mean": -0.07999999821186066,
          "saturation": 1.0
        }
      }
    },
    {
      "episode": 230,
      "mean_preact": -1510.5638427734375,
      "std_preact": 10959.23046875,
      "min_preact": -47809.0390625,
      "max_preact": 56606.90234375,
      "avg_actor_output_saturation": 1.0,
      "actor_activations_sample": {
        "fc3": {
          "min": -1.0,
          "max": 1.0,
          "mean": -0.07999999821186066,
          "saturation": 1.0
        }
      }
    },
    {
      "episode": 240,
      "mean_preact": -1504.46728515625,
      "std_preact": 10913.5712890625,
      "min_preact": -47809.0390625,
      "max_preact": 56606.90234375,
      "avg_actor_output_saturation": 1.0,
      "actor_activations_sample": {
        "fc3": {
          "min": -1.0,
          "max": 1.0,
          "mean": -0.07999999821186066,
          "saturation": 1.0
        }
      }
    },
    {
      "episode": 250,
      "mean_preact": -1500.209228515625,
      "std_preact": 10870.17578125,
      "min_preact": -47809.0390625,
      "max_preact": 56606.90234375,
      "avg_actor_output_saturation": 1.0,
      "actor_activations_sample": {
        "fc3": {
          "min": -1.0,
          "max": 1.0,
          "mean": -0.07999999821186066,
          "saturation": 1.0
        }
      }
    },
    {
      "episode": 260,
      "mean_preact": -1491.4945068359375,
      "std_preact": 10879.275390625,
      "min_preact": -47809.0390625,
      "max_preact": 56606.90234375,
      "avg_actor_output_saturation": 1.0,
      "actor_activations_sample": {
        "fc3": {
          "min": -1.0,
          "max": 1.0,
          "mean": -0.07999999821186066,
          "saturation": 1.0
        }
      }
    },
    {
      "episode": 270,
      "mean_preact": -1498.0455322265625,
      "std_preact": 10956.5048828125,
      "min_preact": -47809.0390625,
      "max_preact": 56655.1328125,
      "avg_actor_output_saturation": 1.0,
      "actor_activations_sample": {
        "fc3": {
          "min": -1.0,
          "max": 1.0,
          "mean": -0.07999999821186066,
          "saturation": 1.0
        }
      }
    },
    {
      "episode": 280,
      "mean_preact": -1503.053955078125,
      "std_preact": 10883.36328125,
      "min_preact": -47809.0390625,
      "max_preact": 56655.1328125,
      "avg_actor_output_saturation": 1.0,
      "actor_activations_sample": {
        "fc3": {
          "min": -1.0,
          "max": 1.0,
          "mean": -0.07999999821186066,
          "saturation": 1.0
        }
      }
    },
    {
      "episode": 290,
      "mean_preact": -1508.2056884765625,
      "std_preact": 10936.248046875,
      "min_preact": -47809.0390625,
      "max_preact": 56606.90234375,
      "avg_actor_output_saturation": 1.0,
      "actor_activations_sample": {
        "fc3": {
          "min": -1.0,
          "max": 1.0,
          "mean": -0.07999999821186066,
          "saturation": 1.0
        }
      }
    },
    {
      "episode": 300,
      "mean_preact": -1522.0216064453125,
      "std_preact": 10919.4033203125,
      "min_preact": -47809.0390625,
      "max_preact": 56606.90234375,
      "avg_actor_output_saturation": 1.0,
      "actor_activations_sample": {
        "fc3": {
          "min": -1.0,
          "max": 1.0,
          "mean": -0.07999999821186066,
          "saturation": 1.0
        }
      }
    },
    {
      "episode": 310,
      "mean_preact": -1503.65673828125,
      "std_preact": 10875.3857421875,
      "min_preact": -47809.0390625,
      "max_preact": 56658.5859375,
      "avg_actor_output_saturation": 1.0,
      "actor_activations_sample": {
        "fc3": {
          "min": -1.0,
          "max": 1.0,
          "mean": -0.07999999821186066,
          "saturation": 1.0
        }
      }
    },
    {
      "episode": 320,
      "mean_preact": -1516.3121337890625,
      "std_preact": 10956.763671875,
      "min_preact": -47809.0390625,
      "max_preact": 56606.90234375,
      "avg_actor_output_saturation": 1.0,
      "actor_activations_sample": {
        "fc3": {
          "min": -1.0,
          "max": 1.0,
          "mean": -0.07999999821186066,
          "saturation": 1.0
        }
      }
    },
    {
      "episode": 330,
      "mean_preact": -1512.2301025390625,
      "std_preact": 10951.1923828125,
      "min_preact": -47809.0390625,
      "max_preact": 56587.60546875,
      "avg_actor_output_saturation": 1.0,
      "actor_activations_sample": {
        "fc3": {
          "min": -1.0,
          "max": 1.0,
          "mean": -0.07999999821186066,
          "saturation": 1.0
        }
      }
    },
    {
      "episode": 340,
      "mean_preact": -1497.58984375,
      "std_preact": 10948.9453125,
      "min_preact": -47809.0390625,
      "max_preact": 56606.90234375,
      "avg_actor_output_saturation": 1.0,
      "actor_activations_sample": {
        "fc3": {
          "min": -1.0,
          "max": 1.0,
          "mean": -0.07999999821186066,
          "saturation": 1.0
        }
      }
    },
    {
      "episode": 350,
      "mean_preact": -1517.3155517578125,
      "std_preact": 10964.0126953125,
      "min_preact": -47852.16796875,
      "max_preact": 56606.90234375,
      "avg_actor_output_saturation": 1.0,
      "actor_activations_sample": {
        "fc3": {
          "min": -1.0,
          "max": 1.0,
          "mean": -0.07999999821186066,
          "saturation": 1.0
        }
      }
    },
    {
      "episode": 360,
      "mean_preact": -1508.96484375,
      "std_preact": 10969.1005859375,
      "min_preact": -47809.0390625,
      "max_preact": 56606.90234375,
      "avg_actor_output_saturation": 1.0,
      "actor_activations_sample": {
        "fc3": {
          "min": -1.0,
          "max": 1.0,
          "mean": -0.07999999821186066,
          "saturation": 1.0
        }
      }
    },
    {
      "episode": 370,
      "mean_preact": -1516.5587158203125,
      "std_preact": 10991.369140625,
      "min_preact": -47809.0390625,
      "max_preact": 56606.90234375,
      "avg_actor_output_saturation": 1.0,
      "actor_activations_sample": {
        "fc3": {
          "min": -1.0,
          "max": 1.0,
          "mean": -0.07999999821186066,
          "saturation": 1.0
        }
      }
    },
    {
      "episode": 380,
      "mean_preact": -1516.2308349609375,
      "std_preact": 10962.0380859375,
      "min_preact": -47809.0390625,
      "max_preact": 56606.90234375,
      "avg_actor_output_saturation": 1.0,
      "actor_activations_sample": {
        "fc3": {
          "min": -1.0,
          "max": 1.0,
          "mean": -0.07999999821186066,
          "saturation": 1.0
        }
      }
    }
  ]
}