{
  "gradient_history": [
    {
      "episode": 10,
      "actor_grad": 0.0,
      "critic_grad": 3187217.9933798434,
      "actor_per_layer": {
        "fc1": 0.0,
        "fc2": 0.0,
        "fc3": 0.0
      },
      "critic_per_layer": {
        "fc1": 1487962.048608504,
        "fc2": 1810441.1327569168,
        "fc3": 2160238.5016582934
      }
    },
    {
      "episode": 20,
      "actor_grad": 0.0,
      "critic_grad": 151377182.8889064,
      "actor_per_layer": {
        "fc1": 0.0,
        "fc2": 0.0,
        "fc3": 0.0
      },
      "critic_per_layer": {
        "fc1": 5965752.7142071575,
        "fc2": 62551000.20984316,
        "fc3": 137720128.03756225
      }
    },
    {
      "episode": 30,
      "actor_grad": 0.0,
      "critic_grad": 28687401.834488332,
      "actor_per_layer": {
        "fc1": 0.0,
        "fc2": 0.0,
        "fc3": 0.0
      },
      "critic_per_layer": {
        "fc1": 14023953.410625754,
        "fc2": 15962549.079661509,
        "fc3": 19274148.01306144
      }
    },
    {
      "episode": 40,
      "actor_grad": 0.0,
      "critic_grad": 38643136.37277358,
      "actor_per_layer": {
        "fc1": 0.0,
        "fc2": 0.0,
        "fc3": 0.0
      },
      "critic_per_layer": {
        "fc1": 10057161.370256552,
        "fc2": 24856906.150960006,
        "fc3": 27825882.02554885
      }
    },
    {
      "episode": 50,
      "actor_grad": 0.0,
      "critic_grad": 16438206.453382362,
      "actor_per_layer": {
        "fc1": 0.0,
        "fc2": 0.0,
        "fc3": 0.0
      },
      "critic_per_layer": {
        "fc1": 7824904.276403752,
        "fc2": 9347002.10129173,
        "fc3": 11028103.018542571
      }
    },
    {
      "episode": 60,
      "actor_grad": 0.0,
      "critic_grad": 6916459.199507446,
      "actor_per_layer": {
        "fc1": 0.0,
        "fc2": 0.0,
        "fc3": 0.0
      },
      "critic_per_layer": {
        "fc1": 3306214.8562010964,
        "fc2": 2765093.764015853,
        "fc3": 5409307.50274811
      }
    },
    {
      "episode": 70,
      "actor_grad": 0.0,
      "critic_grad": 28584141.767493345,
      "actor_per_layer": {
        "fc1": 0.0,
        "fc2": 0.0,
        "fc3": 0.0
      },
      "critic_per_layer": {
        "fc1": 15608384.60112009,
        "fc2": 9909109.110409882,
        "fc3": 21800024.022135086
      }
    },
    {
      "episode": 80,
      "actor_grad": 0.0,
      "critic_grad": 27228551.558489308,
      "actor_per_layer": {
        "fc1": 0.0,
        "fc2": 0.0,
        "fc3": 0.0
      },
      "critic_per_layer": {
        "fc1": 16466161.613895545,
        "fc2": 12217113.079374954,
        "fc3": 17916520.021593165
      }
    },
    {
      "episode": 90,
      "actor_grad": 0.0,
      "critic_grad": 11009247.559739765,
      "actor_per_layer": {
        "fc1": 0.0,
        "fc2": 0.0,
        "fc3": 0.0
      },
      "critic_per_layer": {
        "fc1": 5799955.700124854,
        "fc2": 3847492.275100145,
        "fc3": 8529997.004763244
      }
    },
    {
      "episode": 100,
      "actor_grad": 0.0,
      "critic_grad": 13564169.923148565,
      "actor_per_layer": {
        "fc1": 0.0,
        "fc2": 0.0,
        "fc3": 0.0
      },
      "critic_per_layer": {
        "fc1": 6909903.237369187,
        "fc2": 3766497.03207385,
        "fc3": 11047780.006029349
      }
    },
    {
      "episode": 110,
      "actor_grad": 0.0,
      "critic_grad": 2769354.4268248337,
      "actor_per_layer": {
        "fc1": 0.0,
        "fc2": 0.0,
        "fc3": 0.0
      },
      "critic_per_layer": {
        "fc1": 1505305.1473406658,
        "fc2": 824972.6902525829,
        "fc3": 2173200.5004374115
      }
    },
    {
      "episode": 120,
      "actor_grad": 0.0,
      "critic_grad": 109000155.54883136,
      "actor_per_layer": {
        "fc1": 0.0,
        "fc2": 0.0,
        "fc3": 0.0
      },
      "critic_per_layer": {
        "fc1": 28479432.996663775,
        "fc2": 31595630.07381025,
        "fc3": 100357720.012448
      }
    },
    {
      "episode": 130,
      "actor_grad": 0.0,
      "critic_grad": 160252285.7650406,
      "actor_per_layer": {
        "fc1": 0.0,
        "fc2": 0.0,
        "fc3": 0.0
      },
      "critic_per_layer": {
        "fc1": 29464179.00979184,
        "fc2": 40272692.04884334,
        "fc3": 152285152.0120665
      }
    },
    {
      "episode": 140,
      "actor_grad": 0.0,
      "critic_grad": 19191071.604323298,
      "actor_per_layer": {
        "fc1": 0.0,
        "fc2": 0.0,
        "fc3": 0.0
      },
      "critic_per_layer": {
        "fc1": 5370817.174479917,
        "fc2": 6997977.016812696,
        "fc3": 17043470.006801337
      }
    },
    {
      "episode": 150,
      "actor_grad": 0.0,
      "critic_grad": 14498154.805414548,
      "actor_per_layer": {
        "fc1": 0.0,
        "fc2": 0.0,
        "fc3": 0.0
      },
      "critic_per_layer": {
        "fc1": 8912796.31606591,
        "fc2": 6110908.067188763,
        "fc3": 9665162.036119942
      }
    },
    {
      "episode": 160,
      "actor_grad": 0.0,
      "critic_grad": 34139534.45767006,
      "actor_per_layer": {
        "fc1": 0.0,
        "fc2": 0.0,
        "fc3": 0.0
      },
      "critic_per_layer": {
        "fc1": 9410480.360365553,
        "fc2": 14748432.05395621,
        "fc3": 29316112.02604215
      }
    },
    {
      "episode": 170,
      "actor_grad": 0.0,
      "critic_grad": 178614591.1474102,
      "actor_per_layer": {
        "fc1": 0.0,
        "fc2": 0.0,
        "fc3": 0.0
      },
      "critic_per_layer": {
        "fc1": 40652597.496764466,
        "fc2": 86330776.06725089,
        "fc3": 150988528.01172927
      }
    },
    {
      "episode": 180,
      "actor_grad": 0.0,
      "critic_grad": 22706463.091625452,
      "actor_per_layer": {
        "fc1": 0.0,
        "fc2": 0.0,
        "fc3": 0.0
      },
      "critic_per_layer": {
        "fc1": 4874235.692492955,
        "fc2": 11176083.00754161,
        "fc3": 19155168.00119269
      }
    },
    {
      "episode": 190,
      "actor_grad": 0.0,
      "critic_grad": 8841492.225763915,
      "actor_per_layer": {
        "fc1": 0.0,
        "fc2": 0.0,
        "fc3": 0.0
      },
      "critic_per_layer": {
        "fc1": 2324315.083943154,
        "fc2": 4682657.533379774,
        "fc3": 7130376.048560114
      }
    },
    {
      "episode": 200,
      "actor_grad": 0.0,
      "critic_grad": 1077216.192756431,
      "actor_per_layer": {
        "fc1": 0.0,
        "fc2": 0.0,
        "fc3": 0.0
      },
      "critic_per_layer": {
        "fc1": 612487.458965686,
        "fc2": 543784.5293446599,
        "fc3": 699680.0870339415
      }
    },
    {
      "episode": 210,
      "actor_grad": 0.0,
      "critic_grad": 2084965.0031018516,
      "actor_per_layer": {
        "fc1": 0.0,
        "fc2": 0.0,
        "fc3": 0.0
      },
      "critic_per_layer": {
        "fc1": 1725576.8124658251,
        "fc2": 665158.3881192018,
        "fc3": 962822.9573262426
      }
    },
    {
      "episode": 220,
      "actor_grad": 0.0,
      "critic_grad": 19701596.566817977,
      "actor_per_layer": {
        "fc1": 0.0,
        "fc2": 0.0,
        "fc3": 0.0
      },
      "critic_per_layer": {
        "fc1": 13118060.475301456,
        "fc2": 6869372.1038921485,
        "fc3": 12995427.024390386
      }
    },
    {
      "episode": 230,
      "actor_grad": 0.0,
      "critic_grad": 14812890.372760275,
      "actor_per_layer": {
        "fc1": 0.0,
        "fc2": 0.0,
        "fc3": 0.0
      },
      "critic_per_layer": {
        "fc1": 6713799.231374182,
        "fc2": 3188832.7954161074,
        "fc3": 12813195.014479885
      }
    },
    {
      "episode": 240,
      "actor_grad": 0.0,
      "critic_grad": 48829544.404950514,
      "actor_per_layer": {
        "fc1": 0.0,
        "fc2": 0.0,
        "fc3": 0.0
      },
      "critic_per_layer": {
        "fc1": 25586274.97255745,
        "fc2": 17930828.089983955,
        "fc3": 37525356.01205079
      }
    },
    {
      "episode": 250,
      "actor_grad": 0.0,
      "critic_grad": 16862031.94908674,
      "actor_per_layer": {
        "fc1": 0.0,
        "fc2": 0.0,
        "fc3": 0.0
      },
      "critic_per_layer": {
        "fc1": 12046177.430866899,
        "fc2": 4533652.648039383,
        "fc3": 10893288.044618133
      }
    },
    {
      "episode": 260,
      "actor_grad": 0.0,
      "critic_grad": 3454.118692148492,
      "actor_per_layer": {
        "fc1": 0.0,
        "fc2": 0.0,
        "fc3": 0.0
      },
      "critic_per_layer": {
        "fc1": 0.0,
        "fc2": 778.81640625,
        "fc3": 3365.1717556174517
      }
    }
  ],
  "asymmetry_history": [
    {
      "episode": 10,
      "ratio": 0.0,
      "actor_grad": 0.0,
      "critic_grad": 3187217.9933798434
    },
    {
      "episode": 20,
      "ratio": 0.0,
      "actor_grad": 0.0,
      "critic_grad": 151377182.8889064
    },
    {
      "episode": 30,
      "ratio": 0.0,
      "actor_grad": 0.0,
      "critic_grad": 28687401.834488332
    },
    {
      "episode": 40,
      "ratio": 0.0,
      "actor_grad": 0.0,
      "critic_grad": 38643136.37277358
    },
    {
      "episode": 50,
      "ratio": 0.0,
      "actor_grad": 0.0,
      "critic_grad": 16438206.453382362
    },
    {
      "episode": 60,
      "ratio": 0.0,
      "actor_grad": 0.0,
      "critic_grad": 6916459.199507446
    },
    {
      "episode": 70,
      "ratio": 0.0,
      "actor_grad": 0.0,
      "critic_grad": 28584141.767493345
    },
    {
      "episode": 80,
      "ratio": 0.0,
      "actor_grad": 0.0,
      "critic_grad": 27228551.558489308
    },
    {
      "episode": 90,
      "ratio": 0.0,
      "actor_grad": 0.0,
      "critic_grad": 11009247.559739765
    },
    {
      "episode": 100,
      "ratio": 0.0,
      "actor_grad": 0.0,
      "critic_grad": 13564169.923148565
    },
    {
      "episode": 110,
      "ratio": 0.0,
      "actor_grad": 0.0,
      "critic_grad": 2769354.4268248337
    },
    {
      "episode": 120,
      "ratio": 0.0,
      "actor_grad": 0.0,
      "critic_grad": 109000155.54883136
    },
    {
      "episode": 130,
      "ratio": 0.0,
      "actor_grad": 0.0,
      "critic_grad": 160252285.7650406
    },
    {
      "episode": 140,
      "ratio": 0.0,
      "actor_grad": 0.0,
      "critic_grad": 19191071.604323298
    },
    {
      "episode": 150,
      "ratio": 0.0,
      "actor_grad": 0.0,
      "critic_grad": 14498154.805414548
    },
    {
      "episode": 160,
      "ratio": 0.0,
      "actor_grad": 0.0,
      "critic_grad": 34139534.45767006
    },
    {
      "episode": 170,
      "ratio": 0.0,
      "actor_grad": 0.0,
      "critic_grad": 178614591.1474102
    },
    {
      "episode": 180,
      "ratio": 0.0,
      "actor_grad": 0.0,
      "critic_grad": 22706463.091625452
    },
    {
      "episode": 190,
      "ratio": 0.0,
      "actor_grad": 0.0,
      "critic_grad": 8841492.225763915
    },
    {
      "episode": 200,
      "ratio": 0.0,
      "actor_grad": 0.0,
      "critic_grad": 1077216.192756431
    },
    {
      "episode": 210,
      "ratio": 0.0,
      "actor_grad": 0.0,
      "critic_grad": 2084965.0031018516
    },
    {
      "episode": 220,
      "ratio": 0.0,
      "actor_grad": 0.0,
      "critic_grad": 19701596.566817977
    },
    {
      "episode": 230,
      "ratio": 0.0,
      "actor_grad": 0.0,
      "critic_grad": 14812890.372760275
    },
    {
      "episode": 240,
      "ratio": 0.0,
      "actor_grad": 0.0,
      "critic_grad": 48829544.404950514
    },
    {
      "episode": 250,
      "ratio": 0.0,
      "actor_grad": 0.0,
      "critic_grad": 16862031.94908674
    },
    {
      "episode": 260,
      "ratio": 0.0,
      "actor_grad": 0.0,
      "critic_grad": 3454.118692148492
    }
  ],
  "activation_history": [
    {
      "episode": 10,
      "mean_preact": -150.39840698242188,
      "std_preact": 3024.248779296875,
      "min_preact": -13648.9853515625,
      "max_preact": 13647.328125,
      "avg_actor_output_saturation": 0.9428878892733564,
      "actor_activations_sample": {
        "fc3": {
          "min": -1.0,
          "max": 1.0,
          "mean": -0.012188714928925037,
          "saturation": 0.9428878892733564
        }
      }
    },
    {
      "episode": 20,
      "mean_preact": -556.0950927734375,
      "std_preact": 9078.6943359375,
      "min_preact": -29260.662109375,
      "max_preact": 29257.923828125,
      "avg_actor_output_saturation": 1.0,
      "actor_activations_sample": {
        "fc3": {
          "min": -1.0,
          "max": 1.0,
          "mean": -0.013333333656191826,
          "saturation": 1.0
        }
      }
    },
    {
      "episode": 30,
      "mean_preact": -828.762939453125,
      "std_preact": 13340.8603515625,
      "min_preact": -36880.4609375,
      "max_preact": 36877.26171875,
      "avg_actor_output_saturation": 1.0,
      "actor_activations_sample": {
        "fc3": {
          "min": -1.0,
          "max": 1.0,
          "mean": -0.013333333656191826,
          "saturation": 1.0
        }
      }
    },
    {
      "episode": 40,
      "mean_preact": -944.9446411132812,
      "std_preact": 15419.291015625,
      "min_preact": -40905.27734375,
      "max_preact": 40901.8359375,
      "avg_actor_output_saturation": 1.0,
      "actor_activations_sample": {
        "fc3": {
          "min": -1.0,
          "max": 1.0,
          "mean": -0.013333333656191826,
          "saturation": 1.0
        }
      }
    },
    {
      "episode": 50,
      "mean_preact": -1001.7470703125,
      "std_preact": 16329.7666015625,
      "min_preact": -42325.41015625,
      "max_preact": 42321.890625,
      "avg_actor_output_saturation": 1.0,
      "actor_activations_sample": {
        "fc3": {
          "min": -1.0,
          "max": 1.0,
          "mean": -0.013333333656191826,
          "saturation": 1.0
        }
      }
    },
    {
      "episode": 60,
      "mean_preact": -1021.7774047851562,
      "std_preact": 16654.48828125,
      "min_preact": -43118.13671875,
      "max_preact": 43114.5703125,
      "avg_actor_output_saturation": 1.0,
      "actor_activations_sample": {
        "fc3": {
          "min": -1.0,
          "max": 1.0,
          "mean": -0.013333333656191826,
          "saturation": 1.0
        }
      }
    },
    {
      "episode": 70,
      "mean_preact": -1004.967529296875,
      "std_preact": 16812.140625,
      "min_preact": -43404.8046875,
      "max_preact": 43401.21484375,
      "avg_actor_output_saturation": 1.0,
      "actor_activations_sample": {
        "fc3": {
          "min": -1.0,
          "max": 1.0,
          "mean": -0.013333333656191826,
          "saturation": 1.0
        }
      }
    },
    {
      "episode": 80,
      "mean_preact": -1014.6622314453125,
      "std_preact": 16841.107421875,
      "min_preact": -43285.328125,
      "max_preact": 43281.75390625,
      "avg_actor_output_saturation": 1.0,
      "actor_activations_sample": {
        "fc3": {
          "min": -1.0,
          "max": 1.0,
          "mean": -0.013333333656191826,
          "saturation": 1.0
        }
      }
    },
    {
      "episode": 90,
      "mean_preact": -1014.4021606445312,
      "std_preact": 16867.03125,
      "min_preact": -43712.65234375,
      "max_preact": 43709.03515625,
      "avg_actor_output_saturation": 1.0,
      "actor_activations_sample": {
        "fc3": {
          "min": -1.0,
          "max": 1.0,
          "mean": -0.013333333656191826,
          "saturation": 1.0
        }
      }
    },
    {
      "episode": 100,
      "mean_preact": -1017.5910034179688,
      "std_preact": 16844.462890625,
      "min_preact": -43729.9296875,
      "max_preact": 43726.3125,
      "avg_actor_output_saturation": 1.0,
      "actor_activations_sample": {
        "fc3": {
          "min": -1.0,
          "max": 1.0,
          "mean": -0.013333333656191826,
          "saturation": 1.0
        }
      }
    },
    {
      "episode": 110,
      "mean_preact": -1014.96435546875,
      "std_preact": 16851.88671875,
      "min_preact": -43884.671875,
      "max_preact": 43881.03515625,
      "avg_actor_output_saturation": 1.0,
      "actor_activations_sample": {
        "fc3": {
          "min": -1.0,
          "max": 1.0,
          "mean": -0.013333333656191826,
          "saturation": 1.0
        }
      }
    },
    {
      "episode": 120,
      "mean_preact": -1029.462890625,
      "std_preact": 16915.603515625,
      "min_preact": -43886.1484375,
      "max_preact": 43882.515625,
      "avg_actor_output_saturation": 1.0,
      "actor_activations_sample": {
        "fc3": {
          "min": -1.0,
          "max": 1.0,
          "mean": -0.013333333656191826,
          "saturation": 1.0
        }
      }
    },
    {
      "episode": 130,
      "mean_preact": -1036.893310546875,
      "std_preact": 16882.482421875,
      "min_preact": -43886.3046875,
      "max_preact": 43882.671875,
      "avg_actor_output_saturation": 1.0,
      "actor_activations_sample": {
        "fc3": {
          "min": -1.0,
          "max": 1.0,
          "mean": -0.013333333656191826,
          "saturation": 1.0
        }
      }
    },
    {
      "episode": 140,
      "mean_preact": -1035.9613037109375,
      "std_preact": 16818.99609375,
      "min_preact": -43738.28515625,
      "max_preact": 43734.6640625,
      "avg_actor_output_saturation": 1.0,
      "actor_activations_sample": {
        "fc3": {
          "min": -1.0,
          "max": 1.0,
          "mean": -0.013333333656191826,
          "saturation": 1.0
        }
      }
    },
    {
      "episode": 150,
      "mean_preact": -1040.12841796875,
      "std_preact": 16863.10546875,
      "min_preact": -43886.95703125,
      "max_preact": 43883.328125,
      "avg_actor_output_saturation": 1.0,
      "actor_activations_sample": {
        "fc3": {
          "min": -1.0,
          "max": 1.0,
          "mean": -0.013333333656191826,
          "saturation": 1.0
        }
      }
    },
    {
      "episode": 160,
      "mean_preact": -1014.6249389648438,
      "std_preact": 16814.482421875,
      "min_preact": -43886.95703125,
      "max_preact": 43883.328125,
      "avg_actor_output_saturation": 1.0,
      "actor_activations_sample": {
        "fc3": {
          "min": -1.0,
          "max": 1.0,
          "mean": -0.013333333656191826,
          "saturation": 1.0
        }
      }
    },
    {
      "episode": 170,
      "mean_preact": -1045.438720703125,
      "std_preact": 16844.171875,
      "min_preact": -43738.515625,
      "max_preact": 43734.89453125,
      "avg_actor_output_saturation": 1.0,
      "actor_activations_sample": {
        "fc3": {
          "min": -1.0,
          "max": 1.0,
          "mean": -0.013333333656191826,
          "saturation": 1.0
        }
      }
    },
    {
      "episode": 180,
      "mean_preact": -1038.5068359375,
      "std_preact": 16852.626953125,
      "min_preact": -43296.7421875,
      "max_preact": 43293.1640625,
      "avg_actor_output_saturation": 1.0,
      "actor_activations_sample": {
        "fc3": {
          "min": -1.0,
          "max": 1.0,
          "mean": -0.013333333656191826,
          "saturation": 1.0
        }
      }
    },
    {
      "episode": 190,
      "mean_preact": -1039.3807373046875,
      "std_preact": 16807.275390625,
      "min_preact": -43364.66796875,
      "max_preact": 43361.078125,
      "avg_actor_output_saturation": 1.0,
      "actor_activations_sample": {
        "fc3": {
          "min": -1.0,
          "max": 1.0,
          "mean": -0.013333333656191826,
          "saturation": 1.0
        }
      }
    },
    {
      "episode": 200,
      "mean_preact": -1029.1119384765625,
      "std_preact": 16840.076171875,
      "min_preact": -43738.515625,
      "max_preact": 43734.89453125,
      "avg_actor_output_saturation": 1.0,
      "actor_activations_sample": {
        "fc3": {
          "min": -1.0,
          "max": 1.0,
          "mean": -0.013333333656191826,
          "saturation": 1.0
        }
      }
    },
    {
      "episode": 210,
      "mean_preact": -1030.5611572265625,
      "std_preact": 16898.005859375,
      "min_preact": -43418.6328125,
      "max_preact": 43415.046875,
      "avg_actor_output_saturation": 1.0,
      "actor_activations_sample": {
        "fc3": {
          "min": -1.0,
          "max": 1.0,
          "mean": -0.013333333656191826,
          "saturation": 1.0
        }
      }
    },
    {
      "episode": 220,
      "mean_preact": -1035.8321533203125,
      "std_preact": 16897.564453125,
      "min_preact": -43445.93359375,
      "max_preact": 43442.34765625,
      "avg_actor_output_saturation": 1.0,
      "actor_activations_sample": {
        "fc3": {
          "min": -1.0,
          "max": 1.0,
          "mean": -0.013333333656191826,
          "saturation": 1.0
        }
      }
    },
    {
      "episode": 230,
      "mean_preact": -1049.1727294921875,
      "std_preact": 16881.19921875,
      "min_preact": -43886.95703125,
      "max_preact": 43883.328125,
      "avg_actor_output_saturation": 1.0,
      "actor_activations_sample": {
        "fc3": {
          "min": -1.0,
          "max": 1.0,
          "mean": -0.013333333656191826,
          "saturation": 1.0
        }
      }
    },
    {
      "episode": 240,
      "mean_preact": -1049.4464111328125,
      "std_preact": 16925.91015625,
      "min_preact": -43886.95703125,
      "max_preact": 43883.328125,
      "avg_actor_output_saturation": 1.0,
      "actor_activations_sample": {
        "fc3": {
          "min": -1.0,
          "max": 1.0,
          "mean": -0.013333333656191826,
          "saturation": 1.0
        }
      }
    },
    {
      "episode": 250,
      "mean_preact": -1040.60400390625,
      "std_preact": 16963.27734375,
      "min_preact": -43886.95703125,
      "max_preact": 43883.328125,
      "avg_actor_output_saturation": 1.0,
      "actor_activations_sample": {
        "fc3": {
          "min": -1.0,
          "max": 1.0,
          "mean": -0.013333333656191826,
          "saturation": 1.0
        }
      }
    },
    {
      "episode": 260,
      "mean_preact": -1034.6619873046875,
      "std_preact": 16868.228515625,
      "min_preact": -43886.95703125,
      "max_preact": 43883.328125,
      "avg_actor_output_saturation": 1.0,
      "actor_activations_sample": {
        "fc3": {
          "min": -1.0,
          "max": 1.0,
          "mean": -0.013333333656191826,
          "saturation": 1.0
        }
      }
    }
  ]
}