{
  "gradient_history": [
    {
      "episode": 10,
      "actor_grad": 0.1220630408894412,
      "critic_grad": 5769964.19473041,
      "actor_per_layer": {
        "fc1": 0.0011010160366310825,
        "fc2": 0.015780640336462714,
        "fc3": 0.12103365278068609
      },
      "critic_per_layer": {
        "fc1": 291479.97912916477,
        "fc2": 282376.2135324065,
        "fc3": 5755674.582902417
      }
    },
    {
      "episode": 20,
      "actor_grad": 0.0,
      "critic_grad": 8660992.509931896,
      "actor_per_layer": {
        "fc1": 0.0,
        "fc2": 0.0,
        "fc3": 0.0
      },
      "critic_per_layer": {
        "fc1": 438579.45322915266,
        "fc2": 393028.11987556046,
        "fc3": 8640947.182878083
      }
    },
    {
      "episode": 30,
      "actor_grad": 0.0,
      "critic_grad": 14418537.106937045,
      "actor_per_layer": {
        "fc1": 0.0,
        "fc2": 0.0,
        "fc3": 0.0
      },
      "critic_per_layer": {
        "fc1": 763820.4023176556,
        "fc2": 652874.5913771045,
        "fc3": 14383481.687861878
      }
    },
    {
      "episode": 40,
      "actor_grad": 0.0,
      "critic_grad": 22032418.109319597,
      "actor_per_layer": {
        "fc1": 0.0,
        "fc2": 0.0,
        "fc3": 0.0
      },
      "critic_per_layer": {
        "fc1": 1212065.2936866153,
        "fc2": 1000766.1544953065,
        "fc3": 21976278.405856874
      }
    },
    {
      "episode": 50,
      "actor_grad": 0.0,
      "critic_grad": 37567544.05305139,
      "actor_per_layer": {
        "fc1": 0.0,
        "fc2": 0.0,
        "fc3": 0.0
      },
      "critic_per_layer": {
        "fc1": 2125948.326367211,
        "fc2": 1702470.90925945,
        "fc3": 37468684.29361643
      }
    },
    {
      "episode": 60,
      "actor_grad": 0.0,
      "critic_grad": 49440713.6763906,
      "actor_per_layer": {
        "fc1": 0.0,
        "fc2": 0.0,
        "fc3": 0.0
      },
      "critic_per_layer": {
        "fc1": 2849589.1043098373,
        "fc2": 2231768.2822161317,
        "fc3": 49308044.182485364
      }
    },
    {
      "episode": 70,
      "actor_grad": 0.0,
      "critic_grad": 79098729.3965854,
      "actor_per_layer": {
        "fc1": 0.0,
        "fc2": 0.0,
        "fc3": 0.0
      },
      "critic_per_layer": {
        "fc1": 4633016.16694811,
        "fc2": 3556756.7869163672,
        "fc3": 78882784.1452732
      }
    },
    {
      "episode": 80,
      "actor_grad": 0.0,
      "critic_grad": 106655235.88293837,
      "actor_per_layer": {
        "fc1": 0.0,
        "fc2": 0.0,
        "fc3": 0.0
      },
      "critic_per_layer": {
        "fc1": 6311867.726338234,
        "fc2": 4778307.037118577,
        "fc3": 106361024.10615206
      }
    },
    {
      "episode": 90,
      "actor_grad": 0.0,
      "critic_grad": 61142670.44669429,
      "actor_per_layer": {
        "fc1": 0.0,
        "fc2": 0.0,
        "fc3": 0.0
      },
      "critic_per_layer": {
        "fc1": 3640588.131279875,
        "fc2": 2731688.0167741557,
        "fc3": 60973028.03691531
      }
    },
    {
      "episode": 100,
      "actor_grad": 0.0,
      "critic_grad": 85829722.89009516,
      "actor_per_layer": {
        "fc1": 0.0,
        "fc2": 0.0,
        "fc3": 0.0
      },
      "critic_per_layer": {
        "fc1": 5136546.683156377,
        "fc2": 3825772.268759236,
        "fc3": 85590424.03277293
      }
    },
    {
      "episode": 110,
      "actor_grad": 0.0,
      "critic_grad": 122738294.88694146,
      "actor_per_layer": {
        "fc1": 0.0,
        "fc2": 0.0,
        "fc3": 0.0
      },
      "critic_per_layer": {
        "fc1": 7377140.268400077,
        "fc2": 5460850.0225243475,
        "fc3": 122394632.03198761
      }
    },
    {
      "episode": 120,
      "actor_grad": 0.0,
      "critic_grad": 86680721.49812774,
      "actor_per_layer": {
        "fc1": 0.0,
        "fc2": 0.0,
        "fc3": 0.0
      },
      "critic_per_layer": {
        "fc1": 5233396.188130963,
        "fc2": 3851198.763163197,
        "fc3": 86436840.01547402
      }
    },
    {
      "episode": 130,
      "actor_grad": 0.0,
      "critic_grad": 44789832.503874965,
      "actor_per_layer": {
        "fc1": 0.0,
        "fc2": 0.0,
        "fc3": 0.0
      },
      "critic_per_layer": {
        "fc1": 2725884.0954367826,
        "fc2": 1988204.255695824,
        "fc3": 44662576.00565659
      }
    },
    {
      "episode": 140,
      "actor_grad": 0.0,
      "critic_grad": 123555004.88789696,
      "actor_per_layer": {
        "fc1": 0.0,
        "fc2": 0.0,
        "fc3": 0.0
      },
      "critic_per_layer": {
        "fc1": 7494869.27186972,
        "fc2": 5478752.014311374,
        "fc3": 123205720.01255259
      }
    },
    {
      "episode": 150,
      "actor_grad": 0.0,
      "critic_grad": 89859157.36478597,
      "actor_per_layer": {
        "fc1": 0.0,
        "fc2": 0.0,
        "fc3": 0.0
      },
      "critic_per_layer": {
        "fc1": 5476726.205633537,
        "fc2": 3982268.509594142,
        "fc3": 89603656.0074163
      }
    },
    {
      "episode": 160,
      "actor_grad": 0.0,
      "critic_grad": 74332068.63100809,
      "actor_per_layer": {
        "fc1": 0.0,
        "fc2": 0.0,
        "fc3": 0.0
      },
      "critic_per_layer": {
        "fc1": 4639069.15883322,
        "fc2": 3292564.5067010387,
        "fc3": 74114064.00457117
      }
    },
    {
      "episode": 170,
      "actor_grad": 0.0,
      "critic_grad": 38950916.590019345,
      "actor_per_layer": {
        "fc1": 0.0,
        "fc2": 0.0,
        "fc3": 0.0
      },
      "critic_per_layer": {
        "fc1": 2390437.586114538,
        "fc2": 1724101.503189967,
        "fc3": 38839248.00194042
      }
    },
    {
      "episode": 180,
      "actor_grad": 0.0,
      "critic_grad": 111489255.77761583,
      "actor_per_layer": {
        "fc1": 0.0,
        "fc2": 0.0,
        "fc3": 0.0
      },
      "critic_per_layer": {
        "fc1": 6839236.751316172,
        "fc2": 4931969.508422601,
        "fc3": 111169936.00463249
      }
    },
    {
      "episode": 190,
      "actor_grad": 0.0,
      "critic_grad": 108843358.08708681,
      "actor_per_layer": {
        "fc1": 0.0,
        "fc2": 0.0,
        "fc3": 0.0
      },
      "critic_per_layer": {
        "fc1": 6681242.245606471,
        "fc2": 4813815.007621727,
        "fc3": 108531400.0038778
      }
    },
    {
      "episode": 200,
      "actor_grad": 0.0,
      "critic_grad": 45665728.24890223,
      "actor_per_layer": {
        "fc1": 0.0,
        "fc2": 0.0,
        "fc3": 0.0
      },
      "critic_per_layer": {
        "fc1": 2806551.6086545708,
        "fc2": 2019094.6281653477,
        "fc3": 45534660.00150939
      }
    },
    {
      "episode": 210,
      "actor_grad": 0.0,
      "critic_grad": 14232235.29473463,
      "actor_per_layer": {
        "fc1": 0.0,
        "fc2": 0.0,
        "fc3": 0.0
      },
      "critic_per_layer": {
        "fc1": 878685.6586342296,
        "fc2": 629178.0009492177,
        "fc3": 14191144.000436405
      }
    },
    {
      "episode": 220,
      "actor_grad": 0.0,
      "critic_grad": 28392882.224131584,
      "actor_per_layer": {
        "fc1": 0.0,
        "fc2": 0.0,
        "fc3": 0.0
      },
      "critic_per_layer": {
        "fc1": 1763810.0632578128,
        "fc2": 1255188.876743079,
        "fc3": 28310232.000777707
      }
    },
    {
      "episode": 230,
      "actor_grad": 0.0,
      "critic_grad": 57244079.78385732,
      "actor_per_layer": {
        "fc1": 0.0,
        "fc2": 0.0,
        "fc3": 0.0
      },
      "critic_per_layer": {
        "fc1": 3509551.1302450765,
        "fc2": 2529956.5034274524,
        "fc3": 57080356.00147903
      }
    },
    {
      "episode": 240,
      "actor_grad": 0.0,
      "critic_grad": 87697589.6367451,
      "actor_per_layer": {
        "fc1": 0.0,
        "fc2": 0.0,
        "fc3": 0.0
      },
      "critic_per_layer": {
        "fc1": 5378489.702970051,
        "fc2": 3875207.505183099,
        "fc3": 87446680.00216909
      }
    },
    {
      "episode": 250,
      "actor_grad": 0.0,
      "critic_grad": 5843869.738520309,
      "actor_per_layer": {
        "fc1": 0.0,
        "fc2": 0.0,
        "fc3": 0.0
      },
      "critic_per_layer": {
        "fc1": 360320.6393868248,
        "fc2": 258225.9222325733,
        "fc3": 5827032.00014488
      }
    },
    {
      "episode": 260,
      "actor_grad": 0.0,
      "critic_grad": 131788407.28376068,
      "actor_per_layer": {
        "fc1": 0.0,
        "fc2": 0.0,
        "fc3": 0.0
      },
      "critic_per_layer": {
        "fc1": 8413095.281433405,
        "fc2": 5822339.507048223,
        "fc3": 131390656.00277887
      }
    },
    {
      "episode": 270,
      "actor_grad": 0.0,
      "critic_grad": 16151189.643000703,
      "actor_per_layer": {
        "fc1": 0.0,
        "fc2": 0.0,
        "fc3": 0.0
      },
      "critic_per_layer": {
        "fc1": 999964.9177754938,
        "fc2": 713605.8135192617,
        "fc3": 16104402.00039427
      }
    },
    {
      "episode": 280,
      "actor_grad": 0.0,
      "critic_grad": 240586242.61577117,
      "actor_per_layer": {
        "fc1": 0.0,
        "fc2": 0.0,
        "fc3": 0.0
      },
      "critic_per_layer": {
        "fc1": 15107285.505505446,
        "fc2": 10628670.012045255,
        "fc3": 239876096.0045934
      }
    },
    {
      "episode": 290,
      "actor_grad": 0.0,
      "critic_grad": 22068315.612547595,
      "actor_per_layer": {
        "fc1": 0.0,
        "fc2": 0.0,
        "fc3": 0.0
      },
      "critic_per_layer": {
        "fc1": 1406182.3010990086,
        "fc2": 975197.313741204,
        "fc3": 22001868.00047577
      }
    },
    {
      "episode": 300,
      "actor_grad": 0.0,
      "critic_grad": 3363457.733037972,
      "actor_per_layer": {
        "fc1": 0.0,
        "fc2": 0.0,
        "fc3": 0.0
      },
      "critic_per_layer": {
        "fc1": 218915.25669062926,
        "fc2": 148600.1251636896,
        "fc3": 3353034.7500618515
      }
    },
    {
      "episode": 310,
      "actor_grad": 0.0,
      "critic_grad": 24544941.119975735,
      "actor_per_layer": {
        "fc1": 0.0,
        "fc2": 0.0,
        "fc3": 0.0
      },
      "critic_per_layer": {
        "fc1": 1546184.437235642,
        "fc2": 1084277.8764378845,
        "fc3": 24472184.000529937
      }
    },
    {
      "episode": 320,
      "actor_grad": 0.0,
      "critic_grad": 32248222.828214247,
      "actor_per_layer": {
        "fc1": 0.0,
        "fc2": 0.0,
        "fc3": 0.0
      },
      "critic_per_layer": {
        "fc1": 2004087.3238797735,
        "fc2": 1424349.3766334564,
        "fc3": 32154358.00058379
      }
    },
    {
      "episode": 330,
      "actor_grad": 0.0,
      "critic_grad": 60825346.77513956,
      "actor_per_layer": {
        "fc1": 0.0,
        "fc2": 0.0,
        "fc3": 0.0
      },
      "critic_per_layer": {
        "fc1": 3754061.144048128,
        "fc2": 2686093.5030951896,
        "fc3": 60649936.00108214
      }
    },
    {
      "episode": 340,
      "actor_grad": 0.0,
      "critic_grad": 10874795.748621607,
      "actor_per_layer": {
        "fc1": 0.0,
        "fc2": 0.0,
        "fc3": 0.0
      },
      "critic_per_layer": {
        "fc1": 685958.5834977765,
        "fc2": 480319.7191964974,
        "fc3": 10842506.000151224
      }
    },
    {
      "episode": 350,
      "actor_grad": 0.0,
      "critic_grad": 68396470.19310918,
      "actor_per_layer": {
        "fc1": 0.0,
        "fc2": 0.0,
        "fc3": 0.0
      },
      "critic_per_layer": {
        "fc1": 4213981.668544158,
        "fc2": 3020092.5034007854,
        "fc3": 68199696.00111829
      }
    },
    {
      "episode": 360,
      "actor_grad": 0.0,
      "critic_grad": 2490703.047214853,
      "actor_per_layer": {
        "fc1": 0.0,
        "fc2": 0.0,
        "fc3": 0.0
      },
      "critic_per_layer": {
        "fc1": 174402.6453278843,
        "fc2": 110064.89854230186,
        "fc3": 2482150.500033562
      }
    },
    {
      "episode": 370,
      "actor_grad": 0.0,
      "critic_grad": 14268958.892959405,
      "actor_per_layer": {
        "fc1": 0.0,
        "fc2": 0.0,
        "fc3": 0.0
      },
      "critic_per_layer": {
        "fc1": 880862.2824848697,
        "fc2": 629947.9381209941,
        "fc3": 14227805.000193035
      }
    }
  ],
  "asymmetry_history": [
    {
      "episode": 10,
      "ratio": 2.1154904392806956e-08,
      "actor_grad": 0.1220630408894412,
      "critic_grad": 5769964.19473041
    },
    {
      "episode": 20,
      "ratio": 0.0,
      "actor_grad": 0.0,
      "critic_grad": 8660992.509931896
    },
    {
      "episode": 30,
      "ratio": 0.0,
      "actor_grad": 0.0,
      "critic_grad": 14418537.106937045
    },
    {
      "episode": 40,
      "ratio": 0.0,
      "actor_grad": 0.0,
      "critic_grad": 22032418.109319597
    },
    {
      "episode": 50,
      "ratio": 0.0,
      "actor_grad": 0.0,
      "critic_grad": 37567544.05305139
    },
    {
      "episode": 60,
      "ratio": 0.0,
      "actor_grad": 0.0,
      "critic_grad": 49440713.6763906
    },
    {
      "episode": 70,
      "ratio": 0.0,
      "actor_grad": 0.0,
      "critic_grad": 79098729.3965854
    },
    {
      "episode": 80,
      "ratio": 0.0,
      "actor_grad": 0.0,
      "critic_grad": 106655235.88293837
    },
    {
      "episode": 90,
      "ratio": 0.0,
      "actor_grad": 0.0,
      "critic_grad": 61142670.44669429
    },
    {
      "episode": 100,
      "ratio": 0.0,
      "actor_grad": 0.0,
      "critic_grad": 85829722.89009516
    },
    {
      "episode": 110,
      "ratio": 0.0,
      "actor_grad": 0.0,
      "critic_grad": 122738294.88694146
    },
    {
      "episode": 120,
      "ratio": 0.0,
      "actor_grad": 0.0,
      "critic_grad": 86680721.49812774
    },
    {
      "episode": 130,
      "ratio": 0.0,
      "actor_grad": 0.0,
      "critic_grad": 44789832.503874965
    },
    {
      "episode": 140,
      "ratio": 0.0,
      "actor_grad": 0.0,
      "critic_grad": 123555004.88789696
    },
    {
      "episode": 150,
      "ratio": 0.0,
      "actor_grad": 0.0,
      "critic_grad": 89859157.36478597
    },
    {
      "episode": 160,
      "ratio": 0.0,
      "actor_grad": 0.0,
      "critic_grad": 74332068.63100809
    },
    {
      "episode": 170,
      "ratio": 0.0,
      "actor_grad": 0.0,
      "critic_grad": 38950916.590019345
    },
    {
      "episode": 180,
      "ratio": 0.0,
      "actor_grad": 0.0,
      "critic_grad": 111489255.77761583
    },
    {
      "episode": 190,
      "ratio": 0.0,
      "actor_grad": 0.0,
      "critic_grad": 108843358.08708681
    },
    {
      "episode": 200,
      "ratio": 0.0,
      "actor_grad": 0.0,
      "critic_grad": 45665728.24890223
    },
    {
      "episode": 210,
      "ratio": 0.0,
      "actor_grad": 0.0,
      "critic_grad": 14232235.29473463
    },
    {
      "episode": 220,
      "ratio": 0.0,
      "actor_grad": 0.0,
      "critic_grad": 28392882.224131584
    },
    {
      "episode": 230,
      "ratio": 0.0,
      "actor_grad": 0.0,
      "critic_grad": 57244079.78385732
    },
    {
      "episode": 240,
      "ratio": 0.0,
      "actor_grad": 0.0,
      "critic_grad": 87697589.6367451
    },
    {
      "episode": 250,
      "ratio": 0.0,
      "actor_grad": 0.0,
      "critic_grad": 5843869.738520309
    },
    {
      "episode": 260,
      "ratio": 0.0,
      "actor_grad": 0.0,
      "critic_grad": 131788407.28376068
    },
    {
      "episode": 270,
      "ratio": 0.0,
      "actor_grad": 0.0,
      "critic_grad": 16151189.643000703
    },
    {
      "episode": 280,
      "ratio": 0.0,
      "actor_grad": 0.0,
      "critic_grad": 240586242.61577117
    },
    {
      "episode": 290,
      "ratio": 0.0,
      "actor_grad": 0.0,
      "critic_grad": 22068315.612547595
    },
    {
      "episode": 300,
      "ratio": 0.0,
      "actor_grad": 0.0,
      "critic_grad": 3363457.733037972
    },
    {
      "episode": 310,
      "ratio": 0.0,
      "actor_grad": 0.0,
      "critic_grad": 24544941.119975735
    },
    {
      "episode": 320,
      "ratio": 0.0,
      "actor_grad": 0.0,
      "critic_grad": 32248222.828214247
    },
    {
      "episode": 330,
      "ratio": 0.0,
      "actor_grad": 0.0,
      "critic_grad": 60825346.77513956
    },
    {
      "episode": 340,
      "ratio": 0.0,
      "actor_grad": 0.0,
      "critic_grad": 10874795.748621607
    },
    {
      "episode": 350,
      "ratio": 0.0,
      "actor_grad": 0.0,
      "critic_grad": 68396470.19310918
    },
    {
      "episode": 360,
      "ratio": 0.0,
      "actor_grad": 0.0,
      "critic_grad": 2490703.047214853
    },
    {
      "episode": 370,
      "ratio": 0.0,
      "actor_grad": 0.0,
      "critic_grad": 14268958.892959405
    }
  ],
  "activation_history": [
    {
      "episode": 10,
      "mean_preact": 1492.111328125,
      "std_preact": 56245.24609375,
      "min_preact": -1098377.25,
      "max_preact": 628301.75,
      "avg_actor_output_saturation": 0.9555515570934257,
      "actor_activations_sample": {
        "fc3": {
          "min": -1.0,
          "max": 1.0,
          "mean": 0.010394259355962276,
          "saturation": 0.9555515570934257
        }
      }
    },
    {
      "episode": 20,
      "mean_preact": -241.5535430908203,
      "std_preact": 281908.53125,
      "min_preact": -3180569.0,
      "max_preact": 2387812.25,
      "avg_actor_output_saturation": 0.9999970924195223,
      "actor_activations_sample": {
        "fc3": {
          "min": -1.0,
          "max": 1.0,
          "mean": 0.00039379828376695514,
          "saturation": 0.9999970924195223
        }
      }
    },
    {
      "episode": 30,
      "mean_preact": -3261.91748046875,
      "std_preact": 516493.25,
      "min_preact": -4684786.5,
      "max_preact": 3926146.25,
      "avg_actor_output_saturation": 1.0,
      "actor_activations_sample": {
        "fc3": {
          "min": -1.0,
          "max": 1.0,
          "mean": 0.0,
          "saturation": 1.0
        }
      }
    },
    {
      "episode": 40,
      "mean_preact": -4247.1513671875,
      "std_preact": 640314.125,
      "min_preact": -5358156.0,
      "max_preact": 4619807.5,
      "avg_actor_output_saturation": 1.0,
      "actor_activations_sample": {
        "fc3": {
          "min": -1.0,
          "max": 1.0,
          "mean": 0.0,
          "saturation": 1.0
        }
      }
    },
    {
      "episode": 50,
      "mean_preact": -4400.58154296875,
      "std_preact": 695001.125,
      "min_preact": -5634449.5,
      "max_preact": 4915703.5,
      "avg_actor_output_saturation": 1.0,
      "actor_activations_sample": {
        "fc3": {
          "min": -1.0,
          "max": 1.0,
          "mean": 0.0,
          "saturation": 1.0
        }
      }
    },
    {
      "episode": 60,
      "mean_preact": -4559.36279296875,
      "std_preact": 716159.6875,
      "min_preact": -5725688.5,
      "max_preact": 5013987.5,
      "avg_actor_output_saturation": 1.0,
      "actor_activations_sample": {
        "fc3": {
          "min": -1.0,
          "max": 1.0,
          "mean": 0.0,
          "saturation": 1.0
        }
      }
    },
    {
      "episode": 70,
      "mean_preact": -4591.67236328125,
      "std_preact": 729003.4375,
      "min_preact": -5741000.0,
      "max_preact": 5039721.5,
      "avg_actor_output_saturation": 1.0,
      "actor_activations_sample": {
        "fc3": {
          "min": -1.0,
          "max": 1.0,
          "mean": 0.0,
          "saturation": 1.0
        }
      }
    },
    {
      "episode": 80,
      "mean_preact": -4148.87646484375,
      "std_preact": 730819.4375,
      "min_preact": -5794670.5,
      "max_preact": 5088586.0,
      "avg_actor_output_saturation": 1.0,
      "actor_activations_sample": {
        "fc3": {
          "min": -1.0,
          "max": 1.0,
          "mean": 0.0,
          "saturation": 1.0
        }
      }
    },
    {
      "episode": 90,
      "mean_preact": -4689.27685546875,
      "std_preact": 730561.5625,
      "min_preact": -5798677.5,
      "max_preact": 5092926.5,
      "avg_actor_output_saturation": 1.0,
      "actor_activations_sample": {
        "fc3": {
          "min": -1.0,
          "max": 1.0,
          "mean": 0.0,
          "saturation": 1.0
        }
      }
    },
    {
      "episode": 100,
      "mean_preact": -4729.01025390625,
      "std_preact": 731819.4375,
      "min_preact": -5802242.0,
      "max_preact": 5096787.5,
      "avg_actor_output_saturation": 1.0,
      "actor_activations_sample": {
        "fc3": {
          "min": -1.0,
          "max": 1.0,
          "mean": 0.0,
          "saturation": 1.0
        }
      }
    },
    {
      "episode": 110,
      "mean_preact": -4474.3076171875,
      "std_preact": 730792.75,
      "min_preact": -5802768.5,
      "max_preact": 5097358.5,
      "avg_actor_output_saturation": 1.0,
      "actor_activations_sample": {
        "fc3": {
          "min": -1.0,
          "max": 1.0,
          "mean": 0.0,
          "saturation": 1.0
        }
      }
    },
    {
      "episode": 120,
      "mean_preact": -4874.76171875,
      "std_preact": 736677.625,
      "min_preact": -5788466.5,
      "max_preact": 5088980.0,
      "avg_actor_output_saturation": 1.0,
      "actor_activations_sample": {
        "fc3": {
          "min": -1.0,
          "max": 1.0,
          "mean": 0.0,
          "saturation": 1.0
        }
      }
    },
    {
      "episode": 130,
      "mean_preact": -4733.76953125,
      "std_preact": 730184.875,
      "min_preact": -5788572.5,
      "max_preact": 5089095.0,
      "avg_actor_output_saturation": 1.0,
      "actor_activations_sample": {
        "fc3": {
          "min": -1.0,
          "max": 1.0,
          "mean": 0.0,
          "saturation": 1.0
        }
      }
    },
    {
      "episode": 140,
      "mean_preact": -4980.76953125,
      "std_preact": 727824.9375,
      "min_preact": -5803549.5,
      "max_preact": 5098205.0,
      "avg_actor_output_saturation": 1.0,
      "actor_activations_sample": {
        "fc3": {
          "min": -1.0,
          "max": 1.0,
          "mean": 0.0,
          "saturation": 1.0
        }
      }
    },
    {
      "episode": 150,
      "mean_preact": -4832.41748046875,
      "std_preact": 723179.5625,
      "min_preact": -5803564.0,
      "max_preact": 5098221.0,
      "avg_actor_output_saturation": 1.0,
      "actor_activations_sample": {
        "fc3": {
          "min": -1.0,
          "max": 1.0,
          "mean": 0.0,
          "saturation": 1.0
        }
      }
    },
    {
      "episode": 160,
      "mean_preact": -5095.4853515625,
      "std_preact": 730017.75,
      "min_preact": -5803568.5,
      "max_preact": 5098225.5,
      "avg_actor_output_saturation": 1.0,
      "actor_activations_sample": {
        "fc3": {
          "min": -1.0,
          "max": 1.0,
          "mean": 0.0,
          "saturation": 1.0
        }
      }
    },
    {
      "episode": 170,
      "mean_preact": -4739.109375,
      "std_preact": 727135.75,
      "min_preact": -5803568.5,
      "max_preact": 5098225.5,
      "avg_actor_output_saturation": 1.0,
      "actor_activations_sample": {
        "fc3": {
          "min": -1.0,
          "max": 1.0,
          "mean": 0.0,
          "saturation": 1.0
        }
      }
    },
    {
      "episode": 180,
      "mean_preact": -4446.25927734375,
      "std_preact": 720275.0625,
      "min_preact": -5800821.0,
      "max_preact": 5087413.0,
      "avg_actor_output_saturation": 1.0,
      "actor_activations_sample": {
        "fc3": {
          "min": -1.0,
          "max": 1.0,
          "mean": 0.0,
          "saturation": 1.0
        }
      }
    },
    {
      "episode": 190,
      "mean_preact": -4804.94677734375,
      "std_preact": 724646.875,
      "min_preact": -5746970.5,
      "max_preact": 5040145.0,
      "avg_actor_output_saturation": 1.0,
      "actor_activations_sample": {
        "fc3": {
          "min": -1.0,
          "max": 1.0,
          "mean": 0.0,
          "saturation": 1.0
        }
      }
    },
    {
      "episode": 200,
      "mean_preact": -5054.53662109375,
      "std_preact": 728365.4375,
      "min_preact": -5740169.5,
      "max_preact": 5053866.5,
      "avg_actor_output_saturation": 1.0,
      "actor_activations_sample": {
        "fc3": {
          "min": -1.0,
          "max": 1.0,
          "mean": 0.0,
          "saturation": 1.0
        }
      }
    },
    {
      "episode": 210,
      "mean_preact": -5238.1396484375,
      "std_preact": 724716.0,
      "min_preact": -5757472.0,
      "max_preact": 5063382.0,
      "avg_actor_output_saturation": 1.0,
      "actor_activations_sample": {
        "fc3": {
          "min": -1.0,
          "max": 1.0,
          "mean": 0.0,
          "saturation": 1.0
        }
      }
    },
    {
      "episode": 220,
      "mean_preact": -5370.72119140625,
      "std_preact": 722493.375,
      "min_preact": -5800821.0,
      "max_preact": 5087413.0,
      "avg_actor_output_saturation": 1.0,
      "actor_activations_sample": {
        "fc3": {
          "min": -1.0,
          "max": 1.0,
          "mean": 0.0,
          "saturation": 1.0
        }
      }
    },
    {
      "episode": 230,
      "mean_preact": -5240.88916015625,
      "std_preact": 727062.8125,
      "min_preact": -5767046.5,
      "max_preact": 5072096.0,
      "avg_actor_output_saturation": 1.0,
      "actor_activations_sample": {
        "fc3": {
          "min": -1.0,
          "max": 1.0,
          "mean": 0.0,
          "saturation": 1.0
        }
      }
    },
    {
      "episode": 240,
      "mean_preact": -5164.67724609375,
      "std_preact": 723091.0625,
      "min_preact": -5758258.0,
      "max_preact": 5063382.5,
      "avg_actor_output_saturation": 1.0,
      "actor_activations_sample": {
        "fc3": {
          "min": -1.0,
          "max": 1.0,
          "mean": 0.0,
          "saturation": 1.0
        }
      }
    },
    {
      "episode": 250,
      "mean_preact": -4456.1083984375,
      "std_preact": 721753.6875,
      "min_preact": -5788639.5,
      "max_preact": 5089166.5,
      "avg_actor_output_saturation": 1.0,
      "actor_activations_sample": {
        "fc3": {
          "min": -1.0,
          "max": 1.0,
          "mean": 0.0,
          "saturation": 1.0
        }
      }
    },
    {
      "episode": 260,
      "mean_preact": -5133.16845703125,
      "std_preact": 722998.75,
      "min_preact": -5788639.5,
      "max_preact": 5089166.5,
      "avg_actor_output_saturation": 1.0,
      "actor_activations_sample": {
        "fc3": {
          "min": -1.0,
          "max": 1.0,
          "mean": 0.0,
          "saturation": 1.0
        }
      }
    },
    {
      "episode": 270,
      "mean_preact": -4281.95751953125,
      "std_preact": 725155.75,
      "min_preact": -5808597.5,
      "max_preact": 5107038.5,
      "avg_actor_output_saturation": 1.0,
      "actor_activations_sample": {
        "fc3": {
          "min": -1.0,
          "max": 1.0,
          "mean": 0.0,
          "saturation": 1.0
        }
      }
    },
    {
      "episode": 280,
      "mean_preact": -4982.35107421875,
      "std_preact": 724919.125,
      "min_preact": -5767046.5,
      "max_preact": 5072096.0,
      "avg_actor_output_saturation": 1.0,
      "actor_activations_sample": {
        "fc3": {
          "min": -1.0,
          "max": 1.0,
          "mean": 0.0,
          "saturation": 1.0
        }
      }
    },
    {
      "episode": 290,
      "mean_preact": -4825.6142578125,
      "std_preact": 716830.875,
      "min_preact": -5777861.0,
      "max_preact": 5075891.5,
      "avg_actor_output_saturation": 1.0,
      "actor_activations_sample": {
        "fc3": {
          "min": -1.0,
          "max": 1.0,
          "mean": 0.0,
          "saturation": 1.0
        }
      }
    },
    {
      "episode": 300,
      "mean_preact": -4958.01220703125,
      "std_preact": 725881.5625,
      "min_preact": -5796266.0,
      "max_preact": 5083777.0,
      "avg_actor_output_saturation": 1.0,
      "actor_activations_sample": {
        "fc3": {
          "min": -1.0,
          "max": 1.0,
          "mean": 0.0,
          "saturation": 1.0
        }
      }
    },
    {
      "episode": 310,
      "mean_preact": -4911.3759765625,
      "std_preact": 722522.4375,
      "min_preact": -5741383.5,
      "max_preact": 5035766.5,
      "avg_actor_output_saturation": 1.0,
      "actor_activations_sample": {
        "fc3": {
          "min": -1.0,
          "max": 1.0,
          "mean": 0.0,
          "saturation": 1.0
        }
      }
    },
    {
      "episode": 320,
      "mean_preact": -5136.97998046875,
      "std_preact": 725991.625,
      "min_preact": -5808597.0,
      "max_preact": 5107039.0,
      "avg_actor_output_saturation": 1.0,
      "actor_activations_sample": {
        "fc3": {
          "min": -1.0,
          "max": 1.0,
          "mean": 0.0,
          "saturation": 1.0
        }
      }
    },
    {
      "episode": 330,
      "mean_preact": -5188.90966796875,
      "std_preact": 725584.8125,
      "min_preact": -5767046.5,
      "max_preact": 5072096.0,
      "avg_actor_output_saturation": 1.0,
      "actor_activations_sample": {
        "fc3": {
          "min": -1.0,
          "max": 1.0,
          "mean": 0.0,
          "saturation": 1.0
        }
      }
    },
    {
      "episode": 340,
      "mean_preact": -4684.60595703125,
      "std_preact": 719240.25,
      "min_preact": -5788639.5,
      "max_preact": 5089166.5,
      "avg_actor_output_saturation": 1.0,
      "actor_activations_sample": {
        "fc3": {
          "min": -1.0,
          "max": 1.0,
          "mean": 0.0,
          "saturation": 1.0
        }
      }
    },
    {
      "episode": 350,
      "mean_preact": -5520.6484375,
      "std_preact": 729935.375,
      "min_preact": -5747482.0,
      "max_preact": 5039246.5,
      "avg_actor_output_saturation": 1.0,
      "actor_activations_sample": {
        "fc3": {
          "min": -1.0,
          "max": 1.0,
          "mean": 0.0,
          "saturation": 1.0
        }
      }
    },
    {
      "episode": 360,
      "mean_preact": -4959.14306640625,
      "std_preact": 717943.1875,
      "min_preact": -5736418.5,
      "max_preact": 5020699.0,
      "avg_actor_output_saturation": 1.0,
      "actor_activations_sample": {
        "fc3": {
          "min": -1.0,
          "max": 1.0,
          "mean": 0.0,
          "saturation": 1.0
        }
      }
    },
    {
      "episode": 370,
      "mean_preact": -5034.76123046875,
      "std_preact": 722772.9375,
      "min_preact": -5738401.0,
      "max_preact": 5022739.5,
      "avg_actor_output_saturation": 1.0,
      "actor_activations_sample": {
        "fc3": {
          "min": -1.0,
          "max": 1.0,
          "mean": 0.0,
          "saturation": 1.0
        }
      }
    }
  ]
}