{
  "gradient_history": [
    {
      "episode": 10,
      "actor_grad": 0.2939041398918278,
      "critic_grad": 20350974.054775342,
      "actor_per_layer": {
        "fc1": 0.008409542391980754,
        "fc2": 0.028611536507009108,
        "fc3": 0.2923872483899061
      },
      "critic_per_layer": {
        "fc1": 1298480.0469271597,
        "fc2": 1228689.666451309,
        "fc3": 20272306.633667193
      }
    },
    {
      "episode": 20,
      "actor_grad": 0.0,
      "critic_grad": 84331000.38394573,
      "actor_per_layer": {
        "fc1": 0.0,
        "fc2": 0.0,
        "fc3": 0.0
      },
      "critic_per_layer": {
        "fc1": 5097505.183480686,
        "fc2": 5121144.034875298,
        "fc3": 84020872.11184792
      }
    },
    {
      "episode": 30,
      "actor_grad": 0.0,
      "critic_grad": 137167226.52069834,
      "actor_per_layer": {
        "fc1": 0.0,
        "fc2": 0.0,
        "fc3": 0.0
      },
      "critic_per_layer": {
        "fc1": 8094659.297190433,
        "fc2": 8284211.021285903,
        "fc3": 136677344.0259862
      }
    },
    {
      "episode": 40,
      "actor_grad": 0.0,
      "critic_grad": 154461402.49390322,
      "actor_per_layer": {
        "fc1": 0.0,
        "fc2": 0.0,
        "fc3": 0.0
      },
      "critic_per_layer": {
        "fc1": 9004323.350859767,
        "fc2": 9286824.012349775,
        "fc3": 153918816.00746667
      }
    },
    {
      "episode": 50,
      "actor_grad": 0.0,
      "critic_grad": 88568961.85563385,
      "actor_per_layer": {
        "fc1": 0.0,
        "fc2": 0.0,
        "fc3": 0.0
      },
      "critic_per_layer": {
        "fc1": 5174268.68169473,
        "fc2": 5314816.504600168,
        "fc3": 88257808.00199372
      }
    },
    {
      "episode": 60,
      "actor_grad": 0.0,
      "critic_grad": 65325989.90589612,
      "actor_per_layer": {
        "fc1": 0.0,
        "fc2": 0.0,
        "fc3": 0.0
      },
      "critic_per_layer": {
        "fc1": 3846119.6257390375,
        "fc2": 3922883.7534045265,
        "fc3": 65094572.0015657
      }
    },
    {
      "episode": 70,
      "actor_grad": 0.0,
      "critic_grad": 4418418.587225738,
      "actor_per_layer": {
        "fc1": 0.0,
        "fc2": 0.0,
        "fc3": 0.0
      },
      "critic_per_layer": {
        "fc1": 657609.5044381645,
        "fc2": 267082.75035947777,
        "fc3": 4361036.500199797
      }
    },
    {
      "episode": 80,
      "actor_grad": 0.0,
      "critic_grad": 88016172.82827415,
      "actor_per_layer": {
        "fc1": 0.0,
        "fc2": 0.0,
        "fc3": 0.0
      },
      "critic_per_layer": {
        "fc1": 5371823.66612424,
        "fc2": 5292118.005774414,
        "fc3": 87692552.0032896
      }
    },
    {
      "episode": 90,
      "actor_grad": 0.0,
      "critic_grad": 2235289.4693027604,
      "actor_per_layer": {
        "fc1": 0.0,
        "fc2": 0.0,
        "fc3": 0.0
      },
      "critic_per_layer": {
        "fc1": 323640.9089211777,
        "fc2": 135460.54709477967,
        "fc3": 2207583.7501280154
      }
    },
    {
      "episode": 100,
      "actor_grad": 0.0,
      "critic_grad": 15518687.079971131,
      "actor_per_layer": {
        "fc1": 0.0,
        "fc2": 0.0,
        "fc3": 0.0
      },
      "critic_per_layer": {
        "fc1": 979008.4065642797,
        "fc2": 933108.4386019879,
        "fc3": 15459641.000610238
      }
    },
    {
      "episode": 110,
      "actor_grad": 0.0,
      "critic_grad": 17363410.924696714,
      "actor_per_layer": {
        "fc1": 0.0,
        "fc2": 0.0,
        "fc3": 0.0
      },
      "critic_per_layer": {
        "fc1": 1042930.1615542483,
        "fc2": 1043396.1886180608,
        "fc3": 17300626.000569314
      }
    },
    {
      "episode": 120,
      "actor_grad": 0.0,
      "critic_grad": 9828052.955738017,
      "actor_per_layer": {
        "fc1": 0.0,
        "fc2": 0.0,
        "fc3": 0.0
      },
      "critic_per_layer": {
        "fc1": 588359.7133514821,
        "fc2": 590457.4382555508,
        "fc3": 9792641.00036882
      }
    },
    {
      "episode": 130,
      "actor_grad": 0.0,
      "critic_grad": 20397097.762759317,
      "actor_per_layer": {
        "fc1": 0.0,
        "fc2": 0.0,
        "fc3": 0.0
      },
      "critic_per_layer": {
        "fc1": 1264383.9183119843,
        "fc2": 1225462.7513035717,
        "fc3": 20320954.000633005
      }
    },
    {
      "episode": 140,
      "actor_grad": 0.0,
      "critic_grad": 5403808.208052761,
      "actor_per_layer": {
        "fc1": 0.0,
        "fc2": 0.0,
        "fc3": 0.0
      },
      "critic_per_layer": {
        "fc1": 544092.3772313491,
        "fc2": 325129.59386203525,
        "fc3": 5366507.000056204
      }
    },
    {
      "episode": 150,
      "actor_grad": 0.0,
      "critic_grad": 728283.7571344895,
      "actor_per_layer": {
        "fc1": 0.0,
        "fc2": 0.0,
        "fc3": 0.0
      },
      "critic_per_layer": {
        "fc1": 439927.875095261,
        "fc2": 48013.69533931031,
        "fc3": 578407.6250188618
      }
    },
    {
      "episode": 160,
      "actor_grad": 0.0,
      "critic_grad": 51082558.88441946,
      "actor_per_layer": {
        "fc1": 0.0,
        "fc2": 0.0,
        "fc3": 0.0
      },
      "critic_per_layer": {
        "fc1": 2994661.105558128,
        "fc2": 3069360.7530887094,
        "fc3": 50902248.001541525
      }
    },
    {
      "episode": 170,
      "actor_grad": 0.0,
      "critic_grad": 57785313.30127758,
      "actor_per_layer": {
        "fc1": 0.0,
        "fc2": 0.0,
        "fc3": 0.0
      },
      "critic_per_layer": {
        "fc1": 3354836.1287835683,
        "fc2": 3470735.003502947,
        "fc3": 57583344.00164057
      }
    },
    {
      "episode": 180,
      "actor_grad": 0.0,
      "critic_grad": 58956052.41420291,
      "actor_per_layer": {
        "fc1": 0.0,
        "fc2": 0.0,
        "fc3": 0.0
      },
      "critic_per_layer": {
        "fc1": 3526710.6075344975,
        "fc2": 3539483.252738462,
        "fc3": 58743940.00116547
      }
    },
    {
      "episode": 190,
      "actor_grad": 0.0,
      "critic_grad": 7867343.410968623,
      "actor_per_layer": {
        "fc1": 0.0,
        "fc2": 0.0,
        "fc3": 0.0
      },
      "critic_per_layer": {
        "fc1": 544790.9492180998,
        "fc2": 472314.1253407377,
        "fc3": 7834233.5001431415
      }
    },
    {
      "episode": 200,
      "actor_grad": 0.0,
      "critic_grad": 3410536.9126642337,
      "actor_per_layer": {
        "fc1": 0.0,
        "fc2": 0.0,
        "fc3": 0.0
      },
      "critic_per_layer": {
        "fc1": 239140.0998328369,
        "fc2": 204837.51580970973,
        "fc3": 3395970.5000800774
      }
    },
    {
      "episode": 210,
      "actor_grad": 0.0,
      "critic_grad": 2298621.9576128335,
      "actor_per_layer": {
        "fc1": 0.0,
        "fc2": 0.0,
        "fc3": 0.0
      },
      "critic_per_layer": {
        "fc1": 307513.8443477957,
        "fc2": 138514.8437847332,
        "fc3": 2273744.0000153016
      }
    },
    {
      "episode": 220,
      "actor_grad": 0.0,
      "critic_grad": 28459232.09837574,
      "actor_per_layer": {
        "fc1": 0.0,
        "fc2": 0.0,
        "fc3": 0.0
      },
      "critic_per_layer": {
        "fc1": 1705925.3169815992,
        "fc2": 1709210.5018439635,
        "fc3": 28356592.00084678
      }
    },
    {
      "episode": 230,
      "actor_grad": 0.0,
      "critic_grad": 2212363.0151010468,
      "actor_per_layer": {
        "fc1": 0.0,
        "fc2": 0.0,
        "fc3": 0.0
      },
      "critic_per_layer": {
        "fc1": 217839.42623550966,
        "fc2": 133106.57830742063,
        "fc3": 2197584.750078065
      }
    },
    {
      "episode": 240,
      "actor_grad": 0.0,
      "critic_grad": 2024356.4676504682,
      "actor_per_layer": {
        "fc1": 0.0,
        "fc2": 0.0,
        "fc3": 0.0
      },
      "critic_per_layer": {
        "fc1": 125683.90164538813,
        "fc2": 121503.5547683832,
        "fc3": 2016794.375032844
      }
    },
    {
      "episode": 250,
      "actor_grad": 0.0,
      "critic_grad": 88616199.29599462,
      "actor_per_layer": {
        "fc1": 0.0,
        "fc2": 0.0,
        "fc3": 0.0
      },
      "critic_per_layer": {
        "fc1": 5192991.2036169935,
        "fc2": 5317222.504634774,
        "fc3": 88303968.00179933
      }
    },
    {
      "episode": 260,
      "actor_grad": 0.0,
      "critic_grad": 1254259.769615974,
      "actor_per_layer": {
        "fc1": 0.0,
        "fc2": 0.0,
        "fc3": 0.0
      },
      "critic_per_layer": {
        "fc1": 282784.4062792899,
        "fc2": 75122.89843987502,
        "fc3": 1219654.5000008724
      }
    },
    {
      "episode": 270,
      "actor_grad": 0.0,
      "critic_grad": 77412314.35388502,
      "actor_per_layer": {
        "fc1": 0.0,
        "fc2": 0.0,
        "fc3": 0.0
      },
      "critic_per_layer": {
        "fc1": 4512739.674299412,
        "fc2": 4642111.503547406,
        "fc3": 77141120.00123768
      }
    },
    {
      "episode": 280,
      "actor_grad": 0.0,
      "critic_grad": 15880075.506866433,
      "actor_per_layer": {
        "fc1": 0.0,
        "fc2": 0.0,
        "fc3": 0.0
      },
      "critic_per_layer": {
        "fc1": 938096.7203095724,
        "fc2": 952468.3757084555,
        "fc3": 15823703.000258787
      }
    },
    {
      "episode": 290,
      "actor_grad": 0.0,
      "critic_grad": 36506194.92145519,
      "actor_per_layer": {
        "fc1": 0.0,
        "fc2": 0.0,
        "fc3": 0.0
      },
      "critic_per_layer": {
        "fc1": 2167087.8449639194,
        "fc2": 2188607.5018672654,
        "fc3": 36376036.00061805
      }
    },
    {
      "episode": 300,
      "actor_grad": 0.0,
      "critic_grad": 4987508.888206622,
      "actor_per_layer": {
        "fc1": 0.0,
        "fc2": 0.0,
        "fc3": 0.0
      },
      "critic_per_layer": {
        "fc1": 415560.66187550436,
        "fc2": 298800.90639225894,
        "fc3": 4961176.500043191
      }
    },
    {
      "episode": 310,
      "actor_grad": 0.0,
      "critic_grad": 7075424.847146555,
      "actor_per_layer": {
        "fc1": 0.0,
        "fc2": 0.0,
        "fc3": 0.0
      },
      "critic_per_layer": {
        "fc1": 490781.2248805889,
        "fc2": 423718.4376206191,
        "fc3": 7045653.5000341805
      }
    },
    {
      "episode": 320,
      "actor_grad": 0.0,
      "critic_grad": 9125018.114529226,
      "actor_per_layer": {
        "fc1": 0.0,
        "fc2": 0.0,
        "fc3": 0.0
      },
      "critic_per_layer": {
        "fc1": 622337.7082060496,
        "fc2": 546653.812889168,
        "fc3": 9087344.000107242
      }
    },
    {
      "episode": 330,
      "actor_grad": 0.0,
      "critic_grad": 60149248.29360684,
      "actor_per_layer": {
        "fc1": 0.0,
        "fc2": 0.0,
        "fc3": 0.0
      },
      "critic_per_layer": {
        "fc1": 3587997.136629744,
        "fc2": 3601277.002118188,
        "fc3": 59934040.00054991
      }
    }
  ],
  "asymmetry_history": [
    {
      "episode": 10,
      "ratio": 1.444177261986452e-08,
      "actor_grad": 0.2939041398918278,
      "critic_grad": 20350974.054775342
    },
    {
      "episode": 20,
      "ratio": 0.0,
      "actor_grad": 0.0,
      "critic_grad": 84331000.38394573
    },
    {
      "episode": 30,
      "ratio": 0.0,
      "actor_grad": 0.0,
      "critic_grad": 137167226.52069834
    },
    {
      "episode": 40,
      "ratio": 0.0,
      "actor_grad": 0.0,
      "critic_grad": 154461402.49390322
    },
    {
      "episode": 50,
      "ratio": 0.0,
      "actor_grad": 0.0,
      "critic_grad": 88568961.85563385
    },
    {
      "episode": 60,
      "ratio": 0.0,
      "actor_grad": 0.0,
      "critic_grad": 65325989.90589612
    },
    {
      "episode": 70,
      "ratio": 0.0,
      "actor_grad": 0.0,
      "critic_grad": 4418418.587225738
    },
    {
      "episode": 80,
      "ratio": 0.0,
      "actor_grad": 0.0,
      "critic_grad": 88016172.82827415
    },
    {
      "episode": 90,
      "ratio": 0.0,
      "actor_grad": 0.0,
      "critic_grad": 2235289.4693027604
    },
    {
      "episode": 100,
      "ratio": 0.0,
      "actor_grad": 0.0,
      "critic_grad": 15518687.079971131
    },
    {
      "episode": 110,
      "ratio": 0.0,
      "actor_grad": 0.0,
      "critic_grad": 17363410.924696714
    },
    {
      "episode": 120,
      "ratio": 0.0,
      "actor_grad": 0.0,
      "critic_grad": 9828052.955738017
    },
    {
      "episode": 130,
      "ratio": 0.0,
      "actor_grad": 0.0,
      "critic_grad": 20397097.762759317
    },
    {
      "episode": 140,
      "ratio": 0.0,
      "actor_grad": 0.0,
      "critic_grad": 5403808.208052761
    },
    {
      "episode": 150,
      "ratio": 0.0,
      "actor_grad": 0.0,
      "critic_grad": 728283.7571344895
    },
    {
      "episode": 160,
      "ratio": 0.0,
      "actor_grad": 0.0,
      "critic_grad": 51082558.88441946
    },
    {
      "episode": 170,
      "ratio": 0.0,
      "actor_grad": 0.0,
      "critic_grad": 57785313.30127758
    },
    {
      "episode": 180,
      "ratio": 0.0,
      "actor_grad": 0.0,
      "critic_grad": 58956052.41420291
    },
    {
      "episode": 190,
      "ratio": 0.0,
      "actor_grad": 0.0,
      "critic_grad": 7867343.410968623
    },
    {
      "episode": 200,
      "ratio": 0.0,
      "actor_grad": 0.0,
      "critic_grad": 3410536.9126642337
    },
    {
      "episode": 210,
      "ratio": 0.0,
      "actor_grad": 0.0,
      "critic_grad": 2298621.9576128335
    },
    {
      "episode": 220,
      "ratio": 0.0,
      "actor_grad": 0.0,
      "critic_grad": 28459232.09837574
    },
    {
      "episode": 230,
      "ratio": 0.0,
      "actor_grad": 0.0,
      "critic_grad": 2212363.0151010468
    },
    {
      "episode": 240,
      "ratio": 0.0,
      "actor_grad": 0.0,
      "critic_grad": 2024356.4676504682
    },
    {
      "episode": 250,
      "ratio": 0.0,
      "actor_grad": 0.0,
      "critic_grad": 88616199.29599462
    },
    {
      "episode": 260,
      "ratio": 0.0,
      "actor_grad": 0.0,
      "critic_grad": 1254259.769615974
    },
    {
      "episode": 270,
      "ratio": 0.0,
      "actor_grad": 0.0,
      "critic_grad": 77412314.35388502
    },
    {
      "episode": 280,
      "ratio": 0.0,
      "actor_grad": 0.0,
      "critic_grad": 15880075.506866433
    },
    {
      "episode": 290,
      "ratio": 0.0,
      "actor_grad": 0.0,
      "critic_grad": 36506194.92145519
    },
    {
      "episode": 300,
      "ratio": 0.0,
      "actor_grad": 0.0,
      "critic_grad": 4987508.888206622
    },
    {
      "episode": 310,
      "ratio": 0.0,
      "actor_grad": 0.0,
      "critic_grad": 7075424.847146555
    },
    {
      "episode": 320,
      "ratio": 0.0,
      "actor_grad": 0.0,
      "critic_grad": 9125018.114529226
    },
    {
      "episode": 330,
      "ratio": 0.0,
      "actor_grad": 0.0,
      "critic_grad": 60149248.29360684
    }
  ],
  "activation_history": [
    {
      "episode": 10,
      "mean_preact": 0.5728002786636353,
      "std_preact": 37.711421966552734,
      "min_preact": -136.30943298339844,
      "max_preact": 138.47518920898438,
      "avg_actor_output_saturation": 0.9425900807381776,
      "actor_activations_sample": {
        "fc3": {
          "min": -1.0,
          "max": 1.0,
          "mean": 0.02662578970193863,
          "saturation": 0.9425900807381776
        }
      }
    },
    {
      "episode": 20,
      "mean_preact": 0.7625546455383301,
      "std_preact": 85.55640411376953,
      "min_preact": -224.21226501464844,
      "max_preact": 226.949462890625,
      "avg_actor_output_saturation": 1.0,
      "actor_activations_sample": {
        "fc3": {
          "min": -1.0,
          "max": 1.0,
          "mean": 0.013472236692905426,
          "saturation": 1.0
        }
      }
    },
    {
      "episode": 30,
      "mean_preact": 0.48011910915374756,
      "std_preact": 112.17703247070312,
      "min_preact": -265.261962890625,
      "max_preact": 268.2516784667969,
      "avg_actor_output_saturation": 1.0,
      "actor_activations_sample": {
        "fc3": {
          "min": -1.0,
          "max": 1.0,
          "mean": 0.013333333656191826,
          "saturation": 1.0
        }
      }
    },
    {
      "episode": 40,
      "mean_preact": 0.5464963316917419,
      "std_preact": 123.33060455322266,
      "min_preact": -280.9742431640625,
      "max_preact": 284.0429382324219,
      "avg_actor_output_saturation": 1.0,
      "actor_activations_sample": {
        "fc3": {
          "min": -1.0,
          "max": 1.0,
          "mean": 0.013333333656191826,
          "saturation": 1.0
        }
      }
    },
    {
      "episode": 50,
      "mean_preact": 0.7272546887397766,
      "std_preact": 127.96761322021484,
      "min_preact": -287.3357849121094,
      "max_preact": 290.4308166503906,
      "avg_actor_output_saturation": 1.0,
      "actor_activations_sample": {
        "fc3": {
          "min": -1.0,
          "max": 1.0,
          "mean": 0.013333333656191826,
          "saturation": 1.0
        }
      }
    },
    {
      "episode": 60,
      "mean_preact": 0.8521478176116943,
      "std_preact": 129.87474060058594,
      "min_preact": -290.0933532714844,
      "max_preact": 293.20184326171875,
      "avg_actor_output_saturation": 1.0,
      "actor_activations_sample": {
        "fc3": {
          "min": -1.0,
          "max": 1.0,
          "mean": 0.013333333656191826,
          "saturation": 1.0
        }
      }
    },
    {
      "episode": 70,
      "mean_preact": 0.8707355260848999,
      "std_preact": 130.3468475341797,
      "min_preact": -290.7859191894531,
      "max_preact": 293.895751953125,
      "avg_actor_output_saturation": 1.0,
      "actor_activations_sample": {
        "fc3": {
          "min": -1.0,
          "max": 1.0,
          "mean": 0.013333333656191826,
          "saturation": 1.0
        }
      }
    },
    {
      "episode": 80,
      "mean_preact": 0.8690975308418274,
      "std_preact": 130.67630004882812,
      "min_preact": -291.738037109375,
      "max_preact": 294.8545837402344,
      "avg_actor_output_saturation": 1.0,
      "actor_activations_sample": {
        "fc3": {
          "min": -1.0,
          "max": 1.0,
          "mean": 0.013333333656191826,
          "saturation": 1.0
        }
      }
    },
    {
      "episode": 90,
      "mean_preact": 0.8980529308319092,
      "std_preact": 131.1929473876953,
      "min_preact": -291.92315673828125,
      "max_preact": 295.0406188964844,
      "avg_actor_output_saturation": 1.0,
      "actor_activations_sample": {
        "fc3": {
          "min": -1.0,
          "max": 1.0,
          "mean": 0.013333333656191826,
          "saturation": 1.0
        }
      }
    },
    {
      "episode": 100,
      "mean_preact": 0.7436590790748596,
      "std_preact": 130.7296905517578,
      "min_preact": -292.0248107910156,
      "max_preact": 295.14276123046875,
      "avg_actor_output_saturation": 1.0,
      "actor_activations_sample": {
        "fc3": {
          "min": -1.0,
          "max": 1.0,
          "mean": 0.013333333656191826,
          "saturation": 1.0
        }
      }
    },
    {
      "episode": 110,
      "mean_preact": 0.6016820073127747,
      "std_preact": 131.15150451660156,
      "min_preact": -291.9029541015625,
      "max_preact": 295.03106689453125,
      "avg_actor_output_saturation": 1.0,
      "actor_activations_sample": {
        "fc3": {
          "min": -1.0,
          "max": 1.0,
          "mean": 0.013333333656191826,
          "saturation": 1.0
        }
      }
    },
    {
      "episode": 120,
      "mean_preact": 0.5826165080070496,
      "std_preact": 130.79388427734375,
      "min_preact": -291.8368225097656,
      "max_preact": 294.95751953125,
      "avg_actor_output_saturation": 1.0,
      "actor_activations_sample": {
        "fc3": {
          "min": -1.0,
          "max": 1.0,
          "mean": 0.013333333656191826,
          "saturation": 1.0
        }
      }
    },
    {
      "episode": 130,
      "mean_preact": 0.8632941246032715,
      "std_preact": 130.76687622070312,
      "min_preact": -291.7897033691406,
      "max_preact": 294.9052734375,
      "avg_actor_output_saturation": 1.0,
      "actor_activations_sample": {
        "fc3": {
          "min": -1.0,
          "max": 1.0,
          "mean": 0.013333333656191826,
          "saturation": 1.0
        }
      }
    },
    {
      "episode": 140,
      "mean_preact": 0.6408153772354126,
      "std_preact": 130.85752868652344,
      "min_preact": -291.2395935058594,
      "max_preact": 294.33935546875,
      "avg_actor_output_saturation": 1.0,
      "actor_activations_sample": {
        "fc3": {
          "min": -1.0,
          "max": 1.0,
          "mean": 0.013333333656191826,
          "saturation": 1.0
        }
      }
    },
    {
      "episode": 150,
      "mean_preact": 0.7291145324707031,
      "std_preact": 130.68234252929688,
      "min_preact": -291.8455505371094,
      "max_preact": 294.96630859375,
      "avg_actor_output_saturation": 1.0,
      "actor_activations_sample": {
        "fc3": {
          "min": -1.0,
          "max": 1.0,
          "mean": 0.013333333656191826,
          "saturation": 1.0
        }
      }
    },
    {
      "episode": 160,
      "mean_preact": 0.48341044783592224,
      "std_preact": 130.70242309570312,
      "min_preact": -291.23992919921875,
      "max_preact": 294.3396911621094,
      "avg_actor_output_saturation": 1.0,
      "actor_activations_sample": {
        "fc3": {
          "min": -1.0,
          "max": 1.0,
          "mean": 0.013333333656191826,
          "saturation": 1.0
        }
      }
    },
    {
      "episode": 170,
      "mean_preact": 0.7710808515548706,
      "std_preact": 130.52822875976562,
      "min_preact": -291.8457946777344,
      "max_preact": 294.96649169921875,
      "avg_actor_output_saturation": 1.0,
      "actor_activations_sample": {
        "fc3": {
          "min": -1.0,
          "max": 1.0,
          "mean": 0.013333333656191826,
          "saturation": 1.0
        }
      }
    },
    {
      "episode": 180,
      "mean_preact": 0.780670702457428,
      "std_preact": 130.22084045410156,
      "min_preact": -291.8457946777344,
      "max_preact": 294.96649169921875,
      "avg_actor_output_saturation": 1.0,
      "actor_activations_sample": {
        "fc3": {
          "min": -1.0,
          "max": 1.0,
          "mean": 0.013333333656191826,
          "saturation": 1.0
        }
      }
    },
    {
      "episode": 190,
      "mean_preact": 0.6567996740341187,
      "std_preact": 130.73548889160156,
      "min_preact": -292.05120849609375,
      "max_preact": 295.1829528808594,
      "avg_actor_output_saturation": 1.0,
      "actor_activations_sample": {
        "fc3": {
          "min": -1.0,
          "max": 1.0,
          "mean": 0.013333333656191826,
          "saturation": 1.0
        }
      }
    },
    {
      "episode": 200,
      "mean_preact": 0.5370696187019348,
      "std_preact": 130.78167724609375,
      "min_preact": -291.1210021972656,
      "max_preact": 294.23944091796875,
      "avg_actor_output_saturation": 1.0,
      "actor_activations_sample": {
        "fc3": {
          "min": -1.0,
          "max": 1.0,
          "mean": 0.013333333656191826,
          "saturation": 1.0
        }
      }
    },
    {
      "episode": 210,
      "mean_preact": 0.6359940767288208,
      "std_preact": 130.65257263183594,
      "min_preact": -291.9739074707031,
      "max_preact": 295.1036071777344,
      "avg_actor_output_saturation": 1.0,
      "actor_activations_sample": {
        "fc3": {
          "min": -1.0,
          "max": 1.0,
          "mean": 0.013333333656191826,
          "saturation": 1.0
        }
      }
    },
    {
      "episode": 220,
      "mean_preact": 0.6475557684898376,
      "std_preact": 130.81239318847656,
      "min_preact": -291.7925109863281,
      "max_preact": 294.9080810546875,
      "avg_actor_output_saturation": 1.0,
      "actor_activations_sample": {
        "fc3": {
          "min": -1.0,
          "max": 1.0,
          "mean": 0.013333333656191826,
          "saturation": 1.0
        }
      }
    },
    {
      "episode": 230,
      "mean_preact": 0.6935423016548157,
      "std_preact": 131.11248779296875,
      "min_preact": -292.0752868652344,
      "max_preact": 295.1934814453125,
      "avg_actor_output_saturation": 1.0,
      "actor_activations_sample": {
        "fc3": {
          "min": -1.0,
          "max": 1.0,
          "mean": 0.013333333656191826,
          "saturation": 1.0
        }
      }
    },
    {
      "episode": 240,
      "mean_preact": 0.5690468549728394,
      "std_preact": 130.70855712890625,
      "min_preact": -291.9195556640625,
      "max_preact": 295.0477600097656,
      "avg_actor_output_saturation": 1.0,
      "actor_activations_sample": {
        "fc3": {
          "min": -1.0,
          "max": 1.0,
          "mean": 0.013333333656191826,
          "saturation": 1.0
        }
      }
    },
    {
      "episode": 250,
      "mean_preact": 0.4924468994140625,
      "std_preact": 130.55307006835938,
      "min_preact": -291.3951416015625,
      "max_preact": 294.5079650878906,
      "avg_actor_output_saturation": 1.0,
      "actor_activations_sample": {
        "fc3": {
          "min": -1.0,
          "max": 1.0,
          "mean": 0.013333333656191826,
          "saturation": 1.0
        }
      }
    },
    {
      "episode": 260,
      "mean_preact": 0.4370158910751343,
      "std_preact": 130.29161071777344,
      "min_preact": -292.0271911621094,
      "max_preact": 295.1556396484375,
      "avg_actor_output_saturation": 1.0,
      "actor_activations_sample": {
        "fc3": {
          "min": -1.0,
          "max": 1.0,
          "mean": 0.013333333656191826,
          "saturation": 1.0
        }
      }
    },
    {
      "episode": 270,
      "mean_preact": 0.6915162801742554,
      "std_preact": 130.33433532714844,
      "min_preact": -292.0881042480469,
      "max_preact": 295.20477294921875,
      "avg_actor_output_saturation": 1.0,
      "actor_activations_sample": {
        "fc3": {
          "min": -1.0,
          "max": 1.0,
          "mean": 0.013333333656191826,
          "saturation": 1.0
        }
      }
    },
    {
      "episode": 280,
      "mean_preact": 0.3448162376880646,
      "std_preact": 130.35267639160156,
      "min_preact": -292.0752868652344,
      "max_preact": 295.1934814453125,
      "avg_actor_output_saturation": 1.0,
      "actor_activations_sample": {
        "fc3": {
          "min": -1.0,
          "max": 1.0,
          "mean": 0.013333333656191826,
          "saturation": 1.0
        }
      }
    },
    {
      "episode": 290,
      "mean_preact": 0.6928779482841492,
      "std_preact": 130.18936157226562,
      "min_preact": -291.6289367675781,
      "max_preact": 294.74444580078125,
      "avg_actor_output_saturation": 1.0,
      "actor_activations_sample": {
        "fc3": {
          "min": -1.0,
          "max": 1.0,
          "mean": 0.013333333656191826,
          "saturation": 1.0
        }
      }
    },
    {
      "episode": 300,
      "mean_preact": 0.6591576933860779,
      "std_preact": 130.46829223632812,
      "min_preact": -292.0752868652344,
      "max_preact": 295.1934814453125,
      "avg_actor_output_saturation": 1.0,
      "actor_activations_sample": {
        "fc3": {
          "min": -1.0,
          "max": 1.0,
          "mean": 0.013333333656191826,
          "saturation": 1.0
        }
      }
    },
    {
      "episode": 310,
      "mean_preact": 0.6758401989936829,
      "std_preact": 130.79440307617188,
      "min_preact": -292.0402526855469,
      "max_preact": 295.1705017089844,
      "avg_actor_output_saturation": 1.0,
      "actor_activations_sample": {
        "fc3": {
          "min": -1.0,
          "max": 1.0,
          "mean": 0.013333333656191826,
          "saturation": 1.0
        }
      }
    },
    {
      "episode": 320,
      "mean_preact": 0.5282514095306396,
      "std_preact": 130.48512268066406,
      "min_preact": -291.8457946777344,
      "max_preact": 294.96649169921875,
      "avg_actor_output_saturation": 1.0,
      "actor_activations_sample": {
        "fc3": {
          "min": -1.0,
          "max": 1.0,
          "mean": 0.013333333656191826,
          "saturation": 1.0
        }
      }
    },
    {
      "episode": 330,
      "mean_preact": 0.646437406539917,
      "std_preact": 130.71942138671875,
      "min_preact": -291.7642517089844,
      "max_preact": 294.87255859375,
      "avg_actor_output_saturation": 1.0,
      "actor_activations_sample": {
        "fc3": {
          "min": -1.0,
          "max": 1.0,
          "mean": 0.013333333656191826,
          "saturation": 1.0
        }
      }
    }
  ]
}