{
  "gradient_history": [
    {
      "episode": 10,
      "actor_grad": 6.981547318570512,
      "critic_grad": 265640715.31821504,
      "actor_per_layer": {
        "fc1": 0.11900298647303562,
        "fc2": 0.7693135872345486,
        "fc3": 6.938011087851181
      },
      "critic_per_layer": {
        "fc1": 17557814.600409202,
        "fc2": 15040590.01259617,
        "fc3": 264632752.00417578
      }
    },
    {
      "episode": 20,
      "actor_grad": 0.0,
      "critic_grad": 103557992.05339272,
      "actor_per_layer": {
        "fc1": 0.0,
        "fc2": 0.0,
        "fc3": 0.0
      },
      "critic_per_layer": {
        "fc1": 8007884.781004632,
        "fc2": 5313043.50695438,
        "fc3": 103111120.00244161
      }
    },
    {
      "episode": 30,
      "actor_grad": 0.0,
      "critic_grad": 24770114.86577646,
      "actor_per_layer": {
        "fc1": 0.0,
        "fc2": 0.0,
        "fc3": 0.0
      },
      "critic_per_layer": {
        "fc1": 3384727.3126478572,
        "fc2": 1349316.5022302363,
        "fc3": 24500644.000915255
      }
    },
    {
      "episode": 40,
      "actor_grad": 0.0,
      "critic_grad": 125400451.37345932,
      "actor_per_layer": {
        "fc1": 0.0,
        "fc2": 0.0,
        "fc3": 0.0
      },
      "critic_per_layer": {
        "fc1": 10909608.411479387,
        "fc2": 4987700.513903037,
        "fc3": 124825384.00725682
      }
    },
    {
      "episode": 50,
      "actor_grad": 0.0,
      "critic_grad": 45295047.448999956,
      "actor_per_layer": {
        "fc1": 0.0,
        "fc2": 0.0,
        "fc3": 0.0
      },
      "critic_per_layer": {
        "fc1": 4080408.155085087,
        "fc2": 1766208.3799947498,
        "fc3": 45076292.0020437
      }
    },
    {
      "episode": 60,
      "actor_grad": 0.0,
      "critic_grad": 14724907.81314674,
      "actor_per_layer": {
        "fc1": 0.0,
        "fc2": 0.0,
        "fc3": 0.0
      },
      "critic_per_layer": {
        "fc1": 2497246.267116474,
        "fc2": 633877.0634701506,
        "fc3": 14497754.000377065
      }
    },
    {
      "episode": 70,
      "actor_grad": 0.0,
      "critic_grad": 83362576.39131305,
      "actor_per_layer": {
        "fc1": 0.0,
        "fc2": 0.0,
        "fc3": 0.0
      },
      "critic_per_layer": {
        "fc1": 7507341.778179917,
        "fc2": 3616348.0129559906,
        "fc3": 82945048.00813782
      }
    },
    {
      "episode": 80,
      "actor_grad": 0.0,
      "critic_grad": 420476261.2017187,
      "actor_per_layer": {
        "fc1": 0.0,
        "fc2": 0.0,
        "fc3": 0.0
      },
      "critic_per_layer": {
        "fc1": 34943789.22135307,
        "fc2": 20867868.025531285,
        "fc3": 418501792.0070338
      }
    },
    {
      "episode": 90,
      "actor_grad": 0.0,
      "critic_grad": 73675544.452428,
      "actor_per_layer": {
        "fc1": 0.0,
        "fc2": 0.0,
        "fc3": 0.0
      },
      "critic_per_layer": {
        "fc1": 5622437.206455615,
        "fc2": 3704499.7564147087,
        "fc3": 73367232.00295812
      }
    },
    {
      "episode": 100,
      "actor_grad": 0.0,
      "critic_grad": 64078610.948306926,
      "actor_per_layer": {
        "fc1": 0.0,
        "fc2": 0.0,
        "fc3": 0.0
      },
      "critic_per_layer": {
        "fc1": 4826554.671817325,
        "fc2": 3151829.2560304245,
        "fc3": 63818796.00403998
      }
    },
    {
      "episode": 110,
      "actor_grad": 0.0,
      "critic_grad": 48034423.65667077,
      "actor_per_layer": {
        "fc1": 0.0,
        "fc2": 0.0,
        "fc3": 0.0
      },
      "critic_per_layer": {
        "fc1": 3740364.872225492,
        "fc2": 2257212.5029609064,
        "fc3": 47835348.00090443
      }
    },
    {
      "episode": 120,
      "actor_grad": 0.0,
      "critic_grad": 70925366.31244045,
      "actor_per_layer": {
        "fc1": 0.0,
        "fc2": 0.0,
        "fc3": 0.0
      },
      "critic_per_layer": {
        "fc1": 5427263.208445564,
        "fc2": 3795425.5060774386,
        "fc3": 70615488.00261833
      }
    },
    {
      "episode": 130,
      "actor_grad": 0.0,
      "critic_grad": 41057212.96898144,
      "actor_per_layer": {
        "fc1": 0.0,
        "fc2": 0.0,
        "fc3": 0.0
      },
      "critic_per_layer": {
        "fc1": 2973305.0893304707,
        "fc2": 1857050.5022219273,
        "fc3": 40907280.0007316
      }
    },
    {
      "episode": 140,
      "actor_grad": 0.0,
      "critic_grad": 4866937.032868891,
      "actor_per_layer": {
        "fc1": 0.0,
        "fc2": 0.0,
        "fc3": 0.0
      },
      "critic_per_layer": {
        "fc1": 344464.82426585635,
        "fc2": 215856.9221807828,
        "fc3": 4849930.500110365
      }
    },
    {
      "episode": 150,
      "actor_grad": 0.0,
      "critic_grad": 27678152.177956484,
      "actor_per_layer": {
        "fc1": 0.0,
        "fc2": 0.0,
        "fc3": 0.0
      },
      "critic_per_layer": {
        "fc1": 2129186.3249326344,
        "fc2": 1227982.1269428488,
        "fc3": 27568800.000648305
      }
    },
    {
      "episode": 160,
      "actor_grad": 0.0,
      "critic_grad": 20103117.406253472,
      "actor_per_layer": {
        "fc1": 0.0,
        "fc2": 0.0,
        "fc3": 0.0
      },
      "critic_per_layer": {
        "fc1": 1598974.1749338428,
        "fc2": 878205.0014958668,
        "fc3": 20020174.00056387
      }
    },
    {
      "episode": 170,
      "actor_grad": 0.0,
      "critic_grad": 19851382.64328235,
      "actor_per_layer": {
        "fc1": 0.0,
        "fc2": 0.0,
        "fc3": 0.0
      },
      "critic_per_layer": {
        "fc1": 2199687.790929343,
        "fc2": 894338.0014345148,
        "fc3": 19708854.000464823
      }
    },
    {
      "episode": 180,
      "actor_grad": 0.0,
      "critic_grad": 33450882.954259742,
      "actor_per_layer": {
        "fc1": 0.0,
        "fc2": 0.0,
        "fc3": 0.0
      },
      "critic_per_layer": {
        "fc1": 2596752.085538405,
        "fc2": 1536231.376719859,
        "fc3": 33314538.000443865
      }
    },
    {
      "episode": 190,
      "actor_grad": 0.0,
      "critic_grad": 16444755.5190922,
      "actor_per_layer": {
        "fc1": 0.0,
        "fc2": 0.0,
        "fc3": 0.0
      },
      "critic_per_layer": {
        "fc1": 1309813.0439082654,
        "fc2": 753995.2509608538,
        "fc3": 16375160.000264108
      }
    },
    {
      "episode": 200,
      "actor_grad": 0.0,
      "critic_grad": 8853076.020974042,
      "actor_per_layer": {
        "fc1": 0.0,
        "fc2": 0.0,
        "fc3": 0.0
      },
      "critic_per_layer": {
        "fc1": 1193133.2682816316,
        "fc2": 403156.9383102684,
        "fc3": 8763039.000275958
      }
    },
    {
      "episode": 210,
      "actor_grad": 0.0,
      "critic_grad": 24510333.84862498,
      "actor_per_layer": {
        "fc1": 0.0,
        "fc2": 0.0,
        "fc3": 0.0
      },
      "critic_per_layer": {
        "fc1": 2299805.8262381162,
        "fc2": 1162246.0017154694,
        "fc3": 24374506.00041258
      }
    },
    {
      "episode": 220,
      "actor_grad": 0.0,
      "critic_grad": 62130276.45002283,
      "actor_per_layer": {
        "fc1": 0.0,
        "fc2": 0.0,
        "fc3": 0.0
      },
      "critic_per_layer": {
        "fc1": 4893687.179764211,
        "fc2": 2907044.2541585467,
        "fc3": 61868992.00122172
      }
    },
    {
      "episode": 230,
      "actor_grad": 0.0,
      "critic_grad": 16782841.53184722,
      "actor_per_layer": {
        "fc1": 0.0,
        "fc2": 0.0,
        "fc3": 0.0
      },
      "critic_per_layer": {
        "fc1": 1473692.169789456,
        "fc2": 807712.563550643,
        "fc3": 16698491.000281423
      }
    },
    {
      "episode": 240,
      "actor_grad": 0.0,
      "critic_grad": 5841867.058727987,
      "actor_per_layer": {
        "fc1": 0.0,
        "fc2": 0.0,
        "fc3": 0.0
      },
      "critic_per_layer": {
        "fc1": 481477.5137218704,
        "fc2": 281438.68784049543,
        "fc3": 5815185.500103846
      }
    },
    {
      "episode": 250,
      "actor_grad": 0.0,
      "critic_grad": 20425013.18288088,
      "actor_per_layer": {
        "fc1": 0.0,
        "fc2": 0.0,
        "fc3": 0.0
      },
      "critic_per_layer": {
        "fc1": 1540314.9299818473,
        "fc2": 988127.6887010558,
        "fc3": 20342866.00034899
      }
    },
    {
      "episode": 260,
      "actor_grad": 0.0,
      "critic_grad": 25375186.154188838,
      "actor_per_layer": {
        "fc1": 0.0,
        "fc2": 0.0,
        "fc3": 0.0
      },
      "critic_per_layer": {
        "fc1": 2094312.8034535921,
        "fc2": 1259668.2509427273,
        "fc3": 25257220.000201806
      }
    },
    {
      "episode": 270,
      "actor_grad": 0.0,
      "critic_grad": 130917350.423261,
      "actor_per_layer": {
        "fc1": 0.0,
        "fc2": 0.0,
        "fc3": 0.0
      },
      "critic_per_layer": {
        "fc1": 10235800.356998347,
        "fc2": 6557733.505876361,
        "fc3": 130351744.00123881
      }
    },
    {
      "episode": 280,
      "actor_grad": 0.0,
      "critic_grad": 92600023.3603193,
      "actor_per_layer": {
        "fc1": 0.0,
        "fc2": 0.0,
        "fc3": 0.0
      },
      "critic_per_layer": {
        "fc1": 7412760.803791849,
        "fc2": 4611362.006152298,
        "fc3": 92187584.0015653
      }
    },
    {
      "episode": 290,
      "actor_grad": 0.0,
      "critic_grad": 3209596.5114485878,
      "actor_per_layer": {
        "fc1": 0.0,
        "fc2": 0.0,
        "fc3": 0.0
      },
      "critic_per_layer": {
        "fc1": 578191.2555076742,
        "fc2": 163354.71895352975,
        "fc3": 3152859.000043138
      }
    },
    {
      "episode": 300,
      "actor_grad": 0.0,
      "critic_grad": 3161630.598951292,
      "actor_per_layer": {
        "fc1": 0.0,
        "fc2": 0.0,
        "fc3": 0.0
      },
      "critic_per_layer": {
        "fc1": 255289.91457569168,
        "fc2": 159954.95328858987,
        "fc3": 3147244.7500408175
      }
    },
    {
      "episode": 310,
      "actor_grad": 0.0,
      "critic_grad": 20802197.006767213,
      "actor_per_layer": {
        "fc1": 0.0,
        "fc2": 0.0,
        "fc3": 0.0
      },
      "critic_per_layer": {
        "fc1": 1623684.7919790586,
        "fc2": 1059372.8756838385,
        "fc3": 20711658.000143692
      }
    },
    {
      "episode": 320,
      "actor_grad": 0.0,
      "critic_grad": 58035253.76541884,
      "actor_per_layer": {
        "fc1": 0.0,
        "fc2": 0.0,
        "fc3": 0.0
      },
      "critic_per_layer": {
        "fc1": 4156450.154752948,
        "fc2": 2963126.0025845985,
        "fc3": 57810332.00060715
      }
    },
    {
      "episode": 330,
      "actor_grad": 0.0,
      "critic_grad": 156472311.34520417,
      "actor_per_layer": {
        "fc1": 0.0,
        "fc2": 0.0,
        "fc3": 0.0
      },
      "critic_per_layer": {
        "fc1": 11215905.366443513,
        "fc2": 8092156.504622295,
        "fc3": 155859888.0008137
      }
    },
    {
      "episode": 340,
      "actor_grad": 0.0,
      "critic_grad": 57670713.956387185,
      "actor_per_layer": {
        "fc1": 0.0,
        "fc2": 0.0,
        "fc3": 0.0
      },
      "critic_per_layer": {
        "fc1": 5069441.093979417,
        "fc2": 2987695.5014806627,
        "fc3": 57369728.00026628
      }
    },
    {
      "episode": 350,
      "actor_grad": 0.0,
      "critic_grad": 21214790.61975464,
      "actor_per_layer": {
        "fc1": 0.0,
        "fc2": 0.0,
        "fc3": 0.0
      },
      "critic_per_layer": {
        "fc1": 1595931.432526918,
        "fc2": 1102655.0007563464,
        "fc3": 21125920.000132754
      }
    }
  ],
  "asymmetry_history": [
    {
      "episode": 10,
      "ratio": 2.6281917326593594e-08,
      "actor_grad": 6.981547318570512,
      "critic_grad": 265640715.31821504
    },
    {
      "episode": 20,
      "ratio": 0.0,
      "actor_grad": 0.0,
      "critic_grad": 103557992.05339272
    },
    {
      "episode": 30,
      "ratio": 0.0,
      "actor_grad": 0.0,
      "critic_grad": 24770114.86577646
    },
    {
      "episode": 40,
      "ratio": 0.0,
      "actor_grad": 0.0,
      "critic_grad": 125400451.37345932
    },
    {
      "episode": 50,
      "ratio": 0.0,
      "actor_grad": 0.0,
      "critic_grad": 45295047.448999956
    },
    {
      "episode": 60,
      "ratio": 0.0,
      "actor_grad": 0.0,
      "critic_grad": 14724907.81314674
    },
    {
      "episode": 70,
      "ratio": 0.0,
      "actor_grad": 0.0,
      "critic_grad": 83362576.39131305
    },
    {
      "episode": 80,
      "ratio": 0.0,
      "actor_grad": 0.0,
      "critic_grad": 420476261.2017187
    },
    {
      "episode": 90,
      "ratio": 0.0,
      "actor_grad": 0.0,
      "critic_grad": 73675544.452428
    },
    {
      "episode": 100,
      "ratio": 0.0,
      "actor_grad": 0.0,
      "critic_grad": 64078610.948306926
    },
    {
      "episode": 110,
      "ratio": 0.0,
      "actor_grad": 0.0,
      "critic_grad": 48034423.65667077
    },
    {
      "episode": 120,
      "ratio": 0.0,
      "actor_grad": 0.0,
      "critic_grad": 70925366.31244045
    },
    {
      "episode": 130,
      "ratio": 0.0,
      "actor_grad": 0.0,
      "critic_grad": 41057212.96898144
    },
    {
      "episode": 140,
      "ratio": 0.0,
      "actor_grad": 0.0,
      "critic_grad": 4866937.032868891
    },
    {
      "episode": 150,
      "ratio": 0.0,
      "actor_grad": 0.0,
      "critic_grad": 27678152.177956484
    },
    {
      "episode": 160,
      "ratio": 0.0,
      "actor_grad": 0.0,
      "critic_grad": 20103117.406253472
    },
    {
      "episode": 170,
      "ratio": 0.0,
      "actor_grad": 0.0,
      "critic_grad": 19851382.64328235
    },
    {
      "episode": 180,
      "ratio": 0.0,
      "actor_grad": 0.0,
      "critic_grad": 33450882.954259742
    },
    {
      "episode": 190,
      "ratio": 0.0,
      "actor_grad": 0.0,
      "critic_grad": 16444755.5190922
    },
    {
      "episode": 200,
      "ratio": 0.0,
      "actor_grad": 0.0,
      "critic_grad": 8853076.020974042
    },
    {
      "episode": 210,
      "ratio": 0.0,
      "actor_grad": 0.0,
      "critic_grad": 24510333.84862498
    },
    {
      "episode": 220,
      "ratio": 0.0,
      "actor_grad": 0.0,
      "critic_grad": 62130276.45002283
    },
    {
      "episode": 230,
      "ratio": 0.0,
      "actor_grad": 0.0,
      "critic_grad": 16782841.53184722
    },
    {
      "episode": 240,
      "ratio": 0.0,
      "actor_grad": 0.0,
      "critic_grad": 5841867.058727987
    },
    {
      "episode": 250,
      "ratio": 0.0,
      "actor_grad": 0.0,
      "critic_grad": 20425013.18288088
    },
    {
      "episode": 260,
      "ratio": 0.0,
      "actor_grad": 0.0,
      "critic_grad": 25375186.154188838
    },
    {
      "episode": 270,
      "ratio": 0.0,
      "actor_grad": 0.0,
      "critic_grad": 130917350.423261
    },
    {
      "episode": 280,
      "ratio": 0.0,
      "actor_grad": 0.0,
      "critic_grad": 92600023.3603193
    },
    {
      "episode": 290,
      "ratio": 0.0,
      "actor_grad": 0.0,
      "critic_grad": 3209596.5114485878
    },
    {
      "episode": 300,
      "ratio": 0.0,
      "actor_grad": 0.0,
      "critic_grad": 3161630.598951292
    },
    {
      "episode": 310,
      "ratio": 0.0,
      "actor_grad": 0.0,
      "critic_grad": 20802197.006767213
    },
    {
      "episode": 320,
      "ratio": 0.0,
      "actor_grad": 0.0,
      "critic_grad": 58035253.76541884
    },
    {
      "episode": 330,
      "ratio": 0.0,
      "actor_grad": 0.0,
      "critic_grad": 156472311.34520417
    },
    {
      "episode": 340,
      "ratio": 0.0,
      "actor_grad": 0.0,
      "critic_grad": 57670713.956387185
    },
    {
      "episode": 350,
      "ratio": 0.0,
      "actor_grad": 0.0,
      "critic_grad": 21214790.61975464
    }
  ],
  "activation_history": [
    {
      "episode": 10,
      "mean_preact": -4099.9794921875,
      "std_preact": 91865.796875,
      "min_preact": -1340860.0,
      "max_preact": 1339998.125,
      "avg_actor_output_saturation": 0.9544643598615917,
      "actor_activations_sample": {
        "fc3": {
          "min": -1.0,
          "max": 1.0,
          "mean": -0.014891381375491619,
          "saturation": 0.9544643598615917
        }
      }
    },
    {
      "episode": 20,
      "mean_preact": -42038.3515625,
      "std_preact": 343642.96875,
      "min_preact": -3877454.75,
      "max_preact": 2720050.25,
      "avg_actor_output_saturation": 1.0,
      "actor_activations_sample": {
        "fc3": {
          "min": -1.0,
          "max": 1.0,
          "mean": -0.013333333656191826,
          "saturation": 1.0
        }
      }
    },
    {
      "episode": 30,
      "mean_preact": -77631.484375,
      "std_preact": 565235.6875,
      "min_preact": -5382675.5,
      "max_preact": 3318037.5,
      "avg_actor_output_saturation": 1.0,
      "actor_activations_sample": {
        "fc3": {
          "min": -1.0,
          "max": 1.0,
          "mean": -0.013333333656191826,
          "saturation": 1.0
        }
      }
    },
    {
      "episode": 40,
      "mean_preact": -94286.6875,
      "std_preact": 676617.25,
      "min_preact": -6127113.5,
      "max_preact": 3635247.5,
      "avg_actor_output_saturation": 1.0,
      "actor_activations_sample": {
        "fc3": {
          "min": -1.0,
          "max": 1.0,
          "mean": -0.013333333656191826,
          "saturation": 1.0
        }
      }
    },
    {
      "episode": 50,
      "mean_preact": -102144.75,
      "std_preact": 726407.875,
      "min_preact": -6429283.0,
      "max_preact": 3749525.75,
      "avg_actor_output_saturation": 1.0,
      "actor_activations_sample": {
        "fc3": {
          "min": -1.0,
          "max": 1.0,
          "mean": -0.013333333656191826,
          "saturation": 1.0
        }
      }
    },
    {
      "episode": 60,
      "mean_preact": -103465.109375,
      "std_preact": 740175.6875,
      "min_preact": -6487374.0,
      "max_preact": 3790450.0,
      "avg_actor_output_saturation": 1.0,
      "actor_activations_sample": {
        "fc3": {
          "min": -1.0,
          "max": 1.0,
          "mean": -0.013333333656191826,
          "saturation": 1.0
        }
      }
    },
    {
      "episode": 70,
      "mean_preact": -104462.6328125,
      "std_preact": 746709.5625,
      "min_preact": -6589645.5,
      "max_preact": 3839900.5,
      "avg_actor_output_saturation": 1.0,
      "actor_activations_sample": {
        "fc3": {
          "min": -1.0,
          "max": 1.0,
          "mean": -0.013333333656191826,
          "saturation": 1.0
        }
      }
    },
    {
      "episode": 80,
      "mean_preact": -106464.6953125,
      "std_preact": 761789.3125,
      "min_preact": -6608381.5,
      "max_preact": 3859942.0,
      "avg_actor_output_saturation": 1.0,
      "actor_activations_sample": {
        "fc3": {
          "min": -1.0,
          "max": 1.0,
          "mean": -0.013333333656191826,
          "saturation": 1.0
        }
      }
    },
    {
      "episode": 90,
      "mean_preact": -104205.84375,
      "std_preact": 748053.625,
      "min_preact": -6615371.5,
      "max_preact": 3862255.25,
      "avg_actor_output_saturation": 1.0,
      "actor_activations_sample": {
        "fc3": {
          "min": -1.0,
          "max": 1.0,
          "mean": -0.013333333656191826,
          "saturation": 1.0
        }
      }
    },
    {
      "episode": 100,
      "mean_preact": -106666.6484375,
      "std_preact": 759687.375,
      "min_preact": -6617800.5,
      "max_preact": 3862606.0,
      "avg_actor_output_saturation": 1.0,
      "actor_activations_sample": {
        "fc3": {
          "min": -1.0,
          "max": 1.0,
          "mean": -0.013333333656191826,
          "saturation": 1.0
        }
      }
    },
    {
      "episode": 110,
      "mean_preact": -107454.59375,
      "std_preact": 766917.625,
      "min_preact": -6618552.0,
      "max_preact": 3863407.0,
      "avg_actor_output_saturation": 1.0,
      "actor_activations_sample": {
        "fc3": {
          "min": -1.0,
          "max": 1.0,
          "mean": -0.013333333656191826,
          "saturation": 1.0
        }
      }
    },
    {
      "episode": 120,
      "mean_preact": -105513.3671875,
      "std_preact": 752901.0625,
      "min_preact": -6619280.0,
      "max_preact": 3863474.0,
      "avg_actor_output_saturation": 1.0,
      "actor_activations_sample": {
        "fc3": {
          "min": -1.0,
          "max": 1.0,
          "mean": -0.013333333656191826,
          "saturation": 1.0
        }
      }
    },
    {
      "episode": 130,
      "mean_preact": -107209.765625,
      "std_preact": 765972.9375,
      "min_preact": -6619389.5,
      "max_preact": 3863578.75,
      "avg_actor_output_saturation": 1.0,
      "actor_activations_sample": {
        "fc3": {
          "min": -1.0,
          "max": 1.0,
          "mean": -0.013333333656191826,
          "saturation": 1.0
        }
      }
    },
    {
      "episode": 140,
      "mean_preact": -107070.8046875,
      "std_preact": 767947.125,
      "min_preact": -6619431.5,
      "max_preact": 3861651.5,
      "avg_actor_output_saturation": 1.0,
      "actor_activations_sample": {
        "fc3": {
          "min": -1.0,
          "max": 1.0,
          "mean": -0.013333333656191826,
          "saturation": 1.0
        }
      }
    },
    {
      "episode": 150,
      "mean_preact": -103402.3125,
      "std_preact": 741654.6875,
      "min_preact": -6619447.5,
      "max_preact": 3861659.25,
      "avg_actor_output_saturation": 1.0,
      "actor_activations_sample": {
        "fc3": {
          "min": -1.0,
          "max": 1.0,
          "mean": -0.013333333656191826,
          "saturation": 1.0
        }
      }
    },
    {
      "episode": 160,
      "mean_preact": -105710.59375,
      "std_preact": 757695.375,
      "min_preact": -6619455.5,
      "max_preact": 3861659.25,
      "avg_actor_output_saturation": 1.0,
      "actor_activations_sample": {
        "fc3": {
          "min": -1.0,
          "max": 1.0,
          "mean": -0.013333333656191826,
          "saturation": 1.0
        }
      }
    },
    {
      "episode": 170,
      "mean_preact": -107261.0390625,
      "std_preact": 763965.5,
      "min_preact": -6619455.5,
      "max_preact": 3863604.0,
      "avg_actor_output_saturation": 1.0,
      "actor_activations_sample": {
        "fc3": {
          "min": -1.0,
          "max": 1.0,
          "mean": -0.013333333656191826,
          "saturation": 1.0
        }
      }
    },
    {
      "episode": 180,
      "mean_preact": -105081.421875,
      "std_preact": 753206.5625,
      "min_preact": -6619455.5,
      "max_preact": 3861658.25,
      "avg_actor_output_saturation": 1.0,
      "actor_activations_sample": {
        "fc3": {
          "min": -1.0,
          "max": 1.0,
          "mean": -0.013333333656191826,
          "saturation": 1.0
        }
      }
    },
    {
      "episode": 190,
      "mean_preact": -106143.3828125,
      "std_preact": 758853.125,
      "min_preact": -6619455.5,
      "max_preact": 3861658.25,
      "avg_actor_output_saturation": 1.0,
      "actor_activations_sample": {
        "fc3": {
          "min": -1.0,
          "max": 1.0,
          "mean": -0.013333333656191826,
          "saturation": 1.0
        }
      }
    },
    {
      "episode": 200,
      "mean_preact": -105900.8828125,
      "std_preact": 756967.8125,
      "min_preact": -6619455.5,
      "max_preact": 3861658.25,
      "avg_actor_output_saturation": 1.0,
      "actor_activations_sample": {
        "fc3": {
          "min": -1.0,
          "max": 1.0,
          "mean": -0.013333333656191826,
          "saturation": 1.0
        }
      }
    },
    {
      "episode": 210,
      "mean_preact": -106126.6484375,
      "std_preact": 758483.5,
      "min_preact": -6583747.0,
      "max_preact": 3861658.25,
      "avg_actor_output_saturation": 1.0,
      "actor_activations_sample": {
        "fc3": {
          "min": -1.0,
          "max": 1.0,
          "mean": -0.013333333656191826,
          "saturation": 1.0
        }
      }
    },
    {
      "episode": 220,
      "mean_preact": -106781.7421875,
      "std_preact": 760429.375,
      "min_preact": -6619455.5,
      "max_preact": 3863604.0,
      "avg_actor_output_saturation": 1.0,
      "actor_activations_sample": {
        "fc3": {
          "min": -1.0,
          "max": 1.0,
          "mean": -0.013333333656191826,
          "saturation": 1.0
        }
      }
    },
    {
      "episode": 230,
      "mean_preact": -106291.40625,
      "std_preact": 760406.4375,
      "min_preact": -6619455.5,
      "max_preact": 3861658.25,
      "avg_actor_output_saturation": 1.0,
      "actor_activations_sample": {
        "fc3": {
          "min": -1.0,
          "max": 1.0,
          "mean": -0.013333333656191826,
          "saturation": 1.0
        }
      }
    },
    {
      "episode": 240,
      "mean_preact": -106173.2109375,
      "std_preact": 758306.0625,
      "min_preact": -6551660.5,
      "max_preact": 3863604.0,
      "avg_actor_output_saturation": 1.0,
      "actor_activations_sample": {
        "fc3": {
          "min": -1.0,
          "max": 1.0,
          "mean": -0.013333333656191826,
          "saturation": 1.0
        }
      }
    },
    {
      "episode": 250,
      "mean_preact": -106568.21875,
      "std_preact": 762046.0625,
      "min_preact": -6619455.5,
      "max_preact": 3863604.0,
      "avg_actor_output_saturation": 1.0,
      "actor_activations_sample": {
        "fc3": {
          "min": -1.0,
          "max": 1.0,
          "mean": -0.013333333656191826,
          "saturation": 1.0
        }
      }
    },
    {
      "episode": 260,
      "mean_preact": -105250.4921875,
      "std_preact": 753312.375,
      "min_preact": -6619455.5,
      "max_preact": 3861658.25,
      "avg_actor_output_saturation": 1.0,
      "actor_activations_sample": {
        "fc3": {
          "min": -1.0,
          "max": 1.0,
          "mean": -0.013333333656191826,
          "saturation": 1.0
        }
      }
    },
    {
      "episode": 270,
      "mean_preact": -104726.0625,
      "std_preact": 753123.625,
      "min_preact": -6619455.5,
      "max_preact": 3861658.25,
      "avg_actor_output_saturation": 1.0,
      "actor_activations_sample": {
        "fc3": {
          "min": -1.0,
          "max": 1.0,
          "mean": -0.013333333656191826,
          "saturation": 1.0
        }
      }
    },
    {
      "episode": 280,
      "mean_preact": -106586.40625,
      "std_preact": 763292.625,
      "min_preact": -6619455.5,
      "max_preact": 3861658.25,
      "avg_actor_output_saturation": 1.0,
      "actor_activations_sample": {
        "fc3": {
          "min": -1.0,
          "max": 1.0,
          "mean": -0.013333333656191826,
          "saturation": 1.0
        }
      }
    },
    {
      "episode": 290,
      "mean_preact": -106913.0546875,
      "std_preact": 765066.8125,
      "min_preact": -6570344.5,
      "max_preact": 3861658.25,
      "avg_actor_output_saturation": 1.0,
      "actor_activations_sample": {
        "fc3": {
          "min": -1.0,
          "max": 1.0,
          "mean": -0.013333333656191826,
          "saturation": 1.0
        }
      }
    },
    {
      "episode": 300,
      "mean_preact": -106873.2109375,
      "std_preact": 764221.5625,
      "min_preact": -6619455.5,
      "max_preact": 3861658.25,
      "avg_actor_output_saturation": 1.0,
      "actor_activations_sample": {
        "fc3": {
          "min": -1.0,
          "max": 1.0,
          "mean": -0.013333333656191826,
          "saturation": 1.0
        }
      }
    },
    {
      "episode": 310,
      "mean_preact": -106078.2890625,
      "std_preact": 759723.875,
      "min_preact": -6619455.5,
      "max_preact": 3861658.25,
      "avg_actor_output_saturation": 1.0,
      "actor_activations_sample": {
        "fc3": {
          "min": -1.0,
          "max": 1.0,
          "mean": -0.013333333656191826,
          "saturation": 1.0
        }
      }
    },
    {
      "episode": 320,
      "mean_preact": -106926.3515625,
      "std_preact": 764387.25,
      "min_preact": -6619455.5,
      "max_preact": 3861658.25,
      "avg_actor_output_saturation": 1.0,
      "actor_activations_sample": {
        "fc3": {
          "min": -1.0,
          "max": 1.0,
          "mean": -0.013333333656191826,
          "saturation": 1.0
        }
      }
    },
    {
      "episode": 330,
      "mean_preact": -106307.71875,
      "std_preact": 760131.3125,
      "min_preact": -6619455.5,
      "max_preact": 3863604.0,
      "avg_actor_output_saturation": 1.0,
      "actor_activations_sample": {
        "fc3": {
          "min": -1.0,
          "max": 1.0,
          "mean": -0.013333333656191826,
          "saturation": 1.0
        }
      }
    },
    {
      "episode": 340,
      "mean_preact": -107931.0859375,
      "std_preact": 768159.8125,
      "min_preact": -6619455.5,
      "max_preact": 3861658.25,
      "avg_actor_output_saturation": 1.0,
      "actor_activations_sample": {
        "fc3": {
          "min": -1.0,
          "max": 1.0,
          "mean": -0.013333333656191826,
          "saturation": 1.0
        }
      }
    },
    {
      "episode": 350,
      "mean_preact": -107564.015625,
      "std_preact": 765708.1875,
      "min_preact": -6619455.5,
      "max_preact": 3837010.0,
      "avg_actor_output_saturation": 1.0,
      "actor_activations_sample": {
        "fc3": {
          "min": -1.0,
          "max": 1.0,
          "mean": -0.013333333656191826,
          "saturation": 1.0
        }
      }
    }
  ]
}