{
  "gradient_history": [
    {
      "episode": 10,
      "actor_grad": 0.0,
      "critic_grad": 43686050.730899714,
      "actor_per_layer": {
        "fc1": 0.0,
        "fc2": 0.0,
        "fc3": 0.0
      },
      "critic_per_layer": {
        "fc1": 2496095.0897488096,
        "fc2": 1979551.4077902564,
        "fc3": 43569736.21666294
      }
    },
    {
      "episode": 20,
      "actor_grad": 0.0,
      "critic_grad": 158664006.72562525,
      "actor_per_layer": {
        "fc1": 0.0,
        "fc2": 0.0,
        "fc3": 0.0
      },
      "critic_per_layer": {
        "fc1": 9752565.356162926,
        "fc2": 7249998.027279737,
        "fc3": 158197952.03417605
      }
    },
    {
      "episode": 30,
      "actor_grad": 0.0,
      "critic_grad": 22257299.143744234,
      "actor_per_layer": {
        "fc1": 0.0,
        "fc2": 0.0,
        "fc3": 0.0
      },
      "critic_per_layer": {
        "fc1": 1569850.6750777005,
        "fc2": 1010803.6893242506,
        "fc3": 22178846.000947036
      }
    },
    {
      "episode": 40,
      "actor_grad": 0.0,
      "critic_grad": 287691.9841482204,
      "actor_per_layer": {
        "fc1": 0.0,
        "fc2": 0.0,
        "fc3": 0.0
      },
      "critic_per_layer": {
        "fc1": 206093.57882129287,
        "fc2": 20066.152499814987,
        "fc3": 199723.46891546223
      }
    },
    {
      "episode": 50,
      "actor_grad": 0.0,
      "critic_grad": 15903100.028378403,
      "actor_per_layer": {
        "fc1": 0.0,
        "fc2": 0.0,
        "fc3": 0.0
      },
      "critic_per_layer": {
        "fc1": 1011794.1656112322,
        "fc2": 725107.5015966685,
        "fc3": 15854308.00098738
      }
    },
    {
      "episode": 60,
      "actor_grad": 0.0,
      "critic_grad": 18310104.79781574,
      "actor_per_layer": {
        "fc1": 0.0,
        "fc2": 0.0,
        "fc3": 0.0
      },
      "critic_per_layer": {
        "fc1": 1325684.0365847105,
        "fc2": 836644.9391259059,
        "fc3": 18242876.00100309
      }
    },
    {
      "episode": 70,
      "actor_grad": 0.0,
      "critic_grad": 3262732.4730641553,
      "actor_per_layer": {
        "fc1": 0.0,
        "fc2": 0.0,
        "fc3": 0.0
      },
      "critic_per_layer": {
        "fc1": 448382.8182350989,
        "fc2": 152291.82854824443,
        "fc3": 3228185.7502405774
      }
    },
    {
      "episode": 80,
      "actor_grad": 0.0,
      "critic_grad": 26542125.12713241,
      "actor_per_layer": {
        "fc1": 0.0,
        "fc2": 0.0,
        "fc3": 0.0
      },
      "critic_per_layer": {
        "fc1": 1682875.5655769613,
        "fc2": 1209085.5022892817,
        "fc3": 26461112.001261234
      }
    },
    {
      "episode": 90,
      "actor_grad": 0.0,
      "critic_grad": 18417101.879213255,
      "actor_per_layer": {
        "fc1": 0.0,
        "fc2": 0.0,
        "fc3": 0.0
      },
      "critic_per_layer": {
        "fc1": 1237136.2882153532,
        "fc2": 840440.5015398281,
        "fc3": 18356274.00092602
      }
    },
    {
      "episode": 100,
      "actor_grad": 0.0,
      "critic_grad": 19340987.906575263,
      "actor_per_layer": {
        "fc1": 0.0,
        "fc2": 0.0,
        "fc3": 0.0
      },
      "critic_per_layer": {
        "fc1": 1231554.6688377794,
        "fc2": 880506.0639380742,
        "fc3": 19281644.000741296
      }
    },
    {
      "episode": 110,
      "actor_grad": 0.0,
      "critic_grad": 27853097.51781302,
      "actor_per_layer": {
        "fc1": 0.0,
        "fc2": 0.0,
        "fc3": 0.0
      },
      "critic_per_layer": {
        "fc1": 1902609.182676482,
        "fc2": 1267385.2518312717,
        "fc3": 27759122.000852935
      }
    },
    {
      "episode": 120,
      "actor_grad": 0.0,
      "critic_grad": 29168872.86731134,
      "actor_per_layer": {
        "fc1": 0.0,
        "fc2": 0.0,
        "fc3": 0.0
      },
      "critic_per_layer": {
        "fc1": 1924554.5697587861,
        "fc2": 1328972.3774414344,
        "fc3": 29074956.001297574
      }
    },
    {
      "episode": 130,
      "actor_grad": 0.0,
      "critic_grad": 39813263.52682635,
      "actor_per_layer": {
        "fc1": 0.0,
        "fc2": 0.0,
        "fc3": 0.0
      },
      "critic_per_layer": {
        "fc1": 2551056.5898506334,
        "fc2": 1813326.3781388781,
        "fc3": 39690048.00171255
      }
    },
    {
      "episode": 140,
      "actor_grad": 0.0,
      "critic_grad": 15025301.608836755,
      "actor_per_layer": {
        "fc1": 0.0,
        "fc2": 0.0,
        "fc3": 0.0
      },
      "critic_per_layer": {
        "fc1": 1038539.0922212653,
        "fc2": 683379.5009142326,
        "fc3": 14973781.000407707
      }
    },
    {
      "episode": 150,
      "actor_grad": 0.0,
      "critic_grad": 18864757.297622036,
      "actor_per_layer": {
        "fc1": 0.0,
        "fc2": 0.0,
        "fc3": 0.0
      },
      "critic_per_layer": {
        "fc1": 1219312.919474751,
        "fc2": 857574.3762929742,
        "fc3": 18805768.00058194
      }
    },
    {
      "episode": 160,
      "actor_grad": 0.0,
      "critic_grad": 566336.7551027637,
      "actor_per_layer": {
        "fc1": 0.0,
        "fc2": 0.0,
        "fc3": 0.0
      },
      "critic_per_layer": {
        "fc1": 372328.9688309511,
        "fc2": 35135.2070480283,
        "fc3": 425292.81251309725
      }
    },
    {
      "episode": 170,
      "actor_grad": 0.0,
      "critic_grad": 35407816.225775376,
      "actor_per_layer": {
        "fc1": 0.0,
        "fc2": 0.0,
        "fc3": 0.0
      },
      "critic_per_layer": {
        "fc1": 2313139.32978521,
        "fc2": 1607664.87712338,
        "fc3": 35295584.000865415
      }
    },
    {
      "episode": 180,
      "actor_grad": 0.0,
      "critic_grad": 23461815.16193157,
      "actor_per_layer": {
        "fc1": 0.0,
        "fc2": 0.0,
        "fc3": 0.0
      },
      "critic_per_layer": {
        "fc1": 1544629.3053715103,
        "fc2": 1065551.1265109668,
        "fc3": 23386652.000626788
      }
    },
    {
      "episode": 190,
      "actor_grad": 0.0,
      "critic_grad": 4227207.617684463,
      "actor_per_layer": {
        "fc1": 0.0,
        "fc2": 0.0,
        "fc3": 0.0
      },
      "critic_per_layer": {
        "fc1": 283076.75826407585,
        "fc2": 191942.6877245159,
        "fc3": 4213349.000091179
      }
    },
    {
      "episode": 200,
      "actor_grad": 0.0,
      "critic_grad": 1865988.5877566775,
      "actor_per_layer": {
        "fc1": 0.0,
        "fc2": 0.0,
        "fc3": 0.0
      },
      "critic_per_layer": {
        "fc1": 356922.75304833276,
        "fc2": 88079.67210417596,
        "fc3": 1829415.6250990587
      }
    },
    {
      "episode": 210,
      "actor_grad": 0.0,
      "critic_grad": 5184683.909009513,
      "actor_per_layer": {
        "fc1": 0.0,
        "fc2": 0.0,
        "fc3": 0.0
      },
      "critic_per_layer": {
        "fc1": 359230.60581707687,
        "fc2": 235463.04721149293,
        "fc3": 5166861.500135681
      }
    },
    {
      "episode": 220,
      "actor_grad": 0.0,
      "critic_grad": 31569586.706458285,
      "actor_per_layer": {
        "fc1": 0.0,
        "fc2": 0.0,
        "fc3": 0.0
      },
      "critic_per_layer": {
        "fc1": 2085598.3288187282,
        "fc2": 1434340.6272581236,
        "fc3": 31467948.000980504
      }
    },
    {
      "episode": 230,
      "actor_grad": 0.0,
      "critic_grad": 2589257.172830894,
      "actor_per_layer": {
        "fc1": 0.0,
        "fc2": 0.0,
        "fc3": 0.0
      },
      "critic_per_layer": {
        "fc1": 246754.2413347956,
        "fc2": 118100.2580631781,
        "fc3": 2574765.500096064
      }
    },
    {
      "episode": 240,
      "actor_grad": 0.0,
      "critic_grad": 2250437.2656188835,
      "actor_per_layer": {
        "fc1": 0.0,
        "fc2": 0.0,
        "fc3": 0.0
      },
      "critic_per_layer": {
        "fc1": 170205.02130713107,
        "fc2": 102152.06265331566,
        "fc3": 2241665.2500549024
      }
    },
    {
      "episode": 250,
      "actor_grad": 0.0,
      "critic_grad": 116274273.18041445,
      "actor_per_layer": {
        "fc1": 0.0,
        "fc2": 0.0,
        "fc3": 0.0
      },
      "critic_per_layer": {
        "fc1": 7683595.759873868,
        "fc2": 5269368.006021711,
        "fc3": 115900400.00211221
      }
    },
    {
      "episode": 260,
      "actor_grad": 0.0,
      "critic_grad": 102231597.93368192,
      "actor_per_layer": {
        "fc1": 0.0,
        "fc2": 0.0,
        "fc3": 0.0
      },
      "critic_per_layer": {
        "fc1": 6727021.262820348,
        "fc2": 4635854.506314126,
        "fc3": 101904640.00230728
      }
    },
    {
      "episode": 270,
      "actor_grad": 0.0,
      "critic_grad": 36098101.20156824,
      "actor_per_layer": {
        "fc1": 0.0,
        "fc2": 0.0,
        "fc3": 0.0
      },
      "critic_per_layer": {
        "fc1": 2410802.591032496,
        "fc2": 1633758.3768750909,
        "fc3": 35980436.00057848
      }
    },
    {
      "episode": 280,
      "actor_grad": 0.0,
      "critic_grad": 45354829.0262369,
      "actor_per_layer": {
        "fc1": 0.0,
        "fc2": 0.0,
        "fc3": 0.0
      },
      "critic_per_layer": {
        "fc1": 2984213.3609616305,
        "fc2": 2056709.8776874347,
        "fc3": 45209788.000990026
      }
    },
    {
      "episode": 290,
      "actor_grad": 0.0,
      "critic_grad": 533766.6758071685,
      "actor_per_layer": {
        "fc1": 0.0,
        "fc2": 0.0,
        "fc3": 0.0
      },
      "critic_per_layer": {
        "fc1": 92465.48547733857,
        "fc2": 24655.37116236356,
        "fc3": 525118.1875259331
      }
    },
    {
      "episode": 300,
      "actor_grad": 0.0,
      "critic_grad": 3001945.45702282,
      "actor_per_layer": {
        "fc1": 0.0,
        "fc2": 0.0,
        "fc3": 0.0
      },
      "critic_per_layer": {
        "fc1": 463326.62678331643,
        "fc2": 137432.84383544026,
        "fc3": 2962788.750027387
      }
    },
    {
      "episode": 310,
      "actor_grad": 0.0,
      "critic_grad": 10338229.6258986,
      "actor_per_layer": {
        "fc1": 0.0,
        "fc2": 0.0,
        "fc3": 0.0
      },
      "critic_per_layer": {
        "fc1": 800403.1436013042,
        "fc2": 467416.31286987016,
        "fc3": 10296595.000095118
      }
    },
    {
      "episode": 320,
      "actor_grad": 0.0,
      "critic_grad": 41607752.88570163,
      "actor_per_layer": {
        "fc1": 0.0,
        "fc2": 0.0,
        "fc3": 0.0
      },
      "critic_per_layer": {
        "fc1": 2753602.8422336318,
        "fc2": 1878678.2514446639,
        "fc3": 41474008.000341654
      }
    },
    {
      "episode": 330,
      "actor_grad": 0.0,
      "critic_grad": 103936476.29689653,
      "actor_per_layer": {
        "fc1": 0.0,
        "fc2": 0.0,
        "fc3": 0.0
      },
      "critic_per_layer": {
        "fc1": 6785105.273812586,
        "fc2": 4695169.004407657,
        "fc3": 103608440.00108613
      }
    },
    {
      "episode": 340,
      "actor_grad": 0.0,
      "critic_grad": 38279691.72525865,
      "actor_per_layer": {
        "fc1": 0.0,
        "fc2": 0.0,
        "fc3": 0.0
      },
      "critic_per_layer": {
        "fc1": 2515126.097583919,
        "fc2": 1727488.7514242036,
        "fc3": 38157892.00031614
      }
    },
    {
      "episode": 350,
      "actor_grad": 0.0,
      "critic_grad": 20749215.83287991,
      "actor_per_layer": {
        "fc1": 0.0,
        "fc2": 0.0,
        "fc3": 0.0
      },
      "critic_per_layer": {
        "fc1": 1414654.4262435436,
        "fc2": 935986.8757405434,
        "fc3": 20679764.000156898
      }
    }
  ],
  "asymmetry_history": [
    {
      "episode": 10,
      "ratio": 0.0,
      "actor_grad": 0.0,
      "critic_grad": 43686050.730899714
    },
    {
      "episode": 20,
      "ratio": 0.0,
      "actor_grad": 0.0,
      "critic_grad": 158664006.72562525
    },
    {
      "episode": 30,
      "ratio": 0.0,
      "actor_grad": 0.0,
      "critic_grad": 22257299.143744234
    },
    {
      "episode": 40,
      "ratio": 0.0,
      "actor_grad": 0.0,
      "critic_grad": 287691.9841482204
    },
    {
      "episode": 50,
      "ratio": 0.0,
      "actor_grad": 0.0,
      "critic_grad": 15903100.028378403
    },
    {
      "episode": 60,
      "ratio": 0.0,
      "actor_grad": 0.0,
      "critic_grad": 18310104.79781574
    },
    {
      "episode": 70,
      "ratio": 0.0,
      "actor_grad": 0.0,
      "critic_grad": 3262732.4730641553
    },
    {
      "episode": 80,
      "ratio": 0.0,
      "actor_grad": 0.0,
      "critic_grad": 26542125.12713241
    },
    {
      "episode": 90,
      "ratio": 0.0,
      "actor_grad": 0.0,
      "critic_grad": 18417101.879213255
    },
    {
      "episode": 100,
      "ratio": 0.0,
      "actor_grad": 0.0,
      "critic_grad": 19340987.906575263
    },
    {
      "episode": 110,
      "ratio": 0.0,
      "actor_grad": 0.0,
      "critic_grad": 27853097.51781302
    },
    {
      "episode": 120,
      "ratio": 0.0,
      "actor_grad": 0.0,
      "critic_grad": 29168872.86731134
    },
    {
      "episode": 130,
      "ratio": 0.0,
      "actor_grad": 0.0,
      "critic_grad": 39813263.52682635
    },
    {
      "episode": 140,
      "ratio": 0.0,
      "actor_grad": 0.0,
      "critic_grad": 15025301.608836755
    },
    {
      "episode": 150,
      "ratio": 0.0,
      "actor_grad": 0.0,
      "critic_grad": 18864757.297622036
    },
    {
      "episode": 160,
      "ratio": 0.0,
      "actor_grad": 0.0,
      "critic_grad": 566336.7551027637
    },
    {
      "episode": 170,
      "ratio": 0.0,
      "actor_grad": 0.0,
      "critic_grad": 35407816.225775376
    },
    {
      "episode": 180,
      "ratio": 0.0,
      "actor_grad": 0.0,
      "critic_grad": 23461815.16193157
    },
    {
      "episode": 190,
      "ratio": 0.0,
      "actor_grad": 0.0,
      "critic_grad": 4227207.617684463
    },
    {
      "episode": 200,
      "ratio": 0.0,
      "actor_grad": 0.0,
      "critic_grad": 1865988.5877566775
    },
    {
      "episode": 210,
      "ratio": 0.0,
      "actor_grad": 0.0,
      "critic_grad": 5184683.909009513
    },
    {
      "episode": 220,
      "ratio": 0.0,
      "actor_grad": 0.0,
      "critic_grad": 31569586.706458285
    },
    {
      "episode": 230,
      "ratio": 0.0,
      "actor_grad": 0.0,
      "critic_grad": 2589257.172830894
    },
    {
      "episode": 240,
      "ratio": 0.0,
      "actor_grad": 0.0,
      "critic_grad": 2250437.2656188835
    },
    {
      "episode": 250,
      "ratio": 0.0,
      "actor_grad": 0.0,
      "critic_grad": 116274273.18041445
    },
    {
      "episode": 260,
      "ratio": 0.0,
      "actor_grad": 0.0,
      "critic_grad": 102231597.93368192
    },
    {
      "episode": 270,
      "ratio": 0.0,
      "actor_grad": 0.0,
      "critic_grad": 36098101.20156824
    },
    {
      "episode": 280,
      "ratio": 0.0,
      "actor_grad": 0.0,
      "critic_grad": 45354829.0262369
    },
    {
      "episode": 290,
      "ratio": 0.0,
      "actor_grad": 0.0,
      "critic_grad": 533766.6758071685
    },
    {
      "episode": 300,
      "ratio": 0.0,
      "actor_grad": 0.0,
      "critic_grad": 3001945.45702282
    },
    {
      "episode": 310,
      "ratio": 0.0,
      "actor_grad": 0.0,
      "critic_grad": 10338229.6258986
    },
    {
      "episode": 320,
      "ratio": 0.0,
      "actor_grad": 0.0,
      "critic_grad": 41607752.88570163
    },
    {
      "episode": 330,
      "ratio": 0.0,
      "actor_grad": 0.0,
      "critic_grad": 103936476.29689653
    },
    {
      "episode": 340,
      "ratio": 0.0,
      "actor_grad": 0.0,
      "critic_grad": 38279691.72525865
    },
    {
      "episode": 350,
      "ratio": 0.0,
      "actor_grad": 0.0,
      "critic_grad": 20749215.83287991
    }
  ],
  "activation_history": [
    {
      "episode": 10,
      "mean_preact": -13658.1953125,
      "std_preact": 96252.4453125,
      "min_preact": -1359215.75,
      "max_preact": 1209432.125,
      "avg_actor_output_saturation": 0.958596770472895,
      "actor_activations_sample": {
        "fc3": {
          "min": -1.0,
          "max": 1.0,
          "mean": -0.07981756329536438,
          "saturation": 0.958596770472895
        }
      }
    },
    {
      "episode": 20,
      "mean_preact": -48431.73828125,
      "std_preact": 353066.09375,
      "min_preact": -4052639.25,
      "max_preact": 4053073.75,
      "avg_actor_output_saturation": 1.0,
      "actor_activations_sample": {
        "fc3": {
          "min": -1.0,
          "max": 1.0,
          "mean": -0.09333333373069763,
          "saturation": 1.0
        }
      }
    },
    {
      "episode": 30,
      "mean_preact": -66886.28125,
      "std_preact": 553544.0,
      "min_preact": -5602901.0,
      "max_preact": 5603158.0,
      "avg_actor_output_saturation": 1.0,
      "actor_activations_sample": {
        "fc3": {
          "min": -1.0,
          "max": 1.0,
          "mean": -0.09333333373069763,
          "saturation": 1.0
        }
      }
    },
    {
      "episode": 40,
      "mean_preact": -74411.9453125,
      "std_preact": 652021.6875,
      "min_preact": -6292540.5,
      "max_preact": 6292729.0,
      "avg_actor_output_saturation": 1.0,
      "actor_activations_sample": {
        "fc3": {
          "min": -1.0,
          "max": 1.0,
          "mean": -0.09333333373069763,
          "saturation": 1.0
        }
      }
    },
    {
      "episode": 50,
      "mean_preact": -77588.75,
      "std_preact": 694866.5625,
      "min_preact": -6574530.0,
      "max_preact": 6574691.5,
      "avg_actor_output_saturation": 1.0,
      "actor_activations_sample": {
        "fc3": {
          "min": -1.0,
          "max": 1.0,
          "mean": -0.09333333373069763,
          "saturation": 1.0
        }
      }
    },
    {
      "episode": 60,
      "mean_preact": -78606.171875,
      "std_preact": 710294.875,
      "min_preact": -6685016.0,
      "max_preact": 6685167.0,
      "avg_actor_output_saturation": 1.0,
      "actor_activations_sample": {
        "fc3": {
          "min": -1.0,
          "max": 1.0,
          "mean": -0.09333333373069763,
          "saturation": 1.0
        }
      }
    },
    {
      "episode": 70,
      "mean_preact": -78585.453125,
      "std_preact": 703860.375,
      "min_preact": -6721751.0,
      "max_preact": 6721899.5,
      "avg_actor_output_saturation": 1.0,
      "actor_activations_sample": {
        "fc3": {
          "min": -1.0,
          "max": 1.0,
          "mean": -0.09333333373069763,
          "saturation": 1.0
        }
      }
    },
    {
      "episode": 80,
      "mean_preact": -79464.40625,
      "std_preact": 711641.5625,
      "min_preact": -6743183.0,
      "max_preact": 6743329.5,
      "avg_actor_output_saturation": 1.0,
      "actor_activations_sample": {
        "fc3": {
          "min": -1.0,
          "max": 1.0,
          "mean": -0.09333333373069763,
          "saturation": 1.0
        }
      }
    },
    {
      "episode": 90,
      "mean_preact": -80092.671875,
      "std_preact": 718598.125,
      "min_preact": -6799768.5,
      "max_preact": 6799913.0,
      "avg_actor_output_saturation": 1.0,
      "actor_activations_sample": {
        "fc3": {
          "min": -1.0,
          "max": 1.0,
          "mean": -0.09333333373069763,
          "saturation": 1.0
        }
      }
    },
    {
      "episode": 100,
      "mean_preact": -79749.9140625,
      "std_preact": 720779.5625,
      "min_preact": -6803202.5,
      "max_preact": 6803346.5,
      "avg_actor_output_saturation": 1.0,
      "actor_activations_sample": {
        "fc3": {
          "min": -1.0,
          "max": 1.0,
          "mean": -0.09333333373069763,
          "saturation": 1.0
        }
      }
    },
    {
      "episode": 110,
      "mean_preact": -79995.8515625,
      "std_preact": 716668.375,
      "min_preact": -6816619.5,
      "max_preact": 6816762.0,
      "avg_actor_output_saturation": 1.0,
      "actor_activations_sample": {
        "fc3": {
          "min": -1.0,
          "max": 1.0,
          "mean": -0.09333333373069763,
          "saturation": 1.0
        }
      }
    },
    {
      "episode": 120,
      "mean_preact": -79842.0546875,
      "std_preact": 711519.5625,
      "min_preact": -6804229.5,
      "max_preact": 6804373.5,
      "avg_actor_output_saturation": 1.0,
      "actor_activations_sample": {
        "fc3": {
          "min": -1.0,
          "max": 1.0,
          "mean": -0.09333333373069763,
          "saturation": 1.0
        }
      }
    },
    {
      "episode": 130,
      "mean_preact": -78874.953125,
      "std_preact": 708553.5625,
      "min_preact": -6804402.5,
      "max_preact": 6804546.0,
      "avg_actor_output_saturation": 1.0,
      "actor_activations_sample": {
        "fc3": {
          "min": -1.0,
          "max": 1.0,
          "mean": -0.09333333373069763,
          "saturation": 1.0
        }
      }
    },
    {
      "episode": 140,
      "mean_preact": -78863.375,
      "std_preact": 710328.3125,
      "min_preact": -6804451.5,
      "max_preact": 6804595.5,
      "avg_actor_output_saturation": 1.0,
      "actor_activations_sample": {
        "fc3": {
          "min": -1.0,
          "max": 1.0,
          "mean": -0.09333333373069763,
          "saturation": 1.0
        }
      }
    },
    {
      "episode": 150,
      "mean_preact": -79431.5625,
      "std_preact": 716329.5,
      "min_preact": -6804467.5,
      "max_preact": 6804611.0,
      "avg_actor_output_saturation": 1.0,
      "actor_activations_sample": {
        "fc3": {
          "min": -1.0,
          "max": 1.0,
          "mean": -0.09333333373069763,
          "saturation": 1.0
        }
      }
    },
    {
      "episode": 160,
      "mean_preact": -79531.4375,
      "std_preact": 711515.8125,
      "min_preact": -6850509.0,
      "max_preact": 6850645.5,
      "avg_actor_output_saturation": 1.0,
      "actor_activations_sample": {
        "fc3": {
          "min": -1.0,
          "max": 1.0,
          "mean": -0.09333333373069763,
          "saturation": 1.0
        }
      }
    },
    {
      "episode": 170,
      "mean_preact": -79145.2578125,
      "std_preact": 711326.4375,
      "min_preact": -6804479.5,
      "max_preact": 6804623.5,
      "avg_actor_output_saturation": 1.0,
      "actor_activations_sample": {
        "fc3": {
          "min": -1.0,
          "max": 1.0,
          "mean": -0.09333333373069763,
          "saturation": 1.0
        }
      }
    },
    {
      "episode": 180,
      "mean_preact": -78794.5703125,
      "std_preact": 697377.25,
      "min_preact": -6804479.5,
      "max_preact": 6804623.5,
      "avg_actor_output_saturation": 1.0,
      "actor_activations_sample": {
        "fc3": {
          "min": -1.0,
          "max": 1.0,
          "mean": -0.09333333373069763,
          "saturation": 1.0
        }
      }
    },
    {
      "episode": 190,
      "mean_preact": -78191.078125,
      "std_preact": 703960.8125,
      "min_preact": -6813402.0,
      "max_preact": 6813538.0,
      "avg_actor_output_saturation": 1.0,
      "actor_activations_sample": {
        "fc3": {
          "min": -1.0,
          "max": 1.0,
          "mean": -0.09333333373069763,
          "saturation": 1.0
        }
      }
    },
    {
      "episode": 200,
      "mean_preact": -78881.34375,
      "std_preact": 708911.3125,
      "min_preact": -6813402.0,
      "max_preact": 6813538.0,
      "avg_actor_output_saturation": 1.0,
      "actor_activations_sample": {
        "fc3": {
          "min": -1.0,
          "max": 1.0,
          "mean": -0.09333333373069763,
          "saturation": 1.0
        }
      }
    },
    {
      "episode": 210,
      "mean_preact": -78518.921875,
      "std_preact": 703195.0625,
      "min_preact": -6813402.0,
      "max_preact": 6813538.0,
      "avg_actor_output_saturation": 1.0,
      "actor_activations_sample": {
        "fc3": {
          "min": -1.0,
          "max": 1.0,
          "mean": -0.09333333373069763,
          "saturation": 1.0
        }
      }
    },
    {
      "episode": 220,
      "mean_preact": -79082.3828125,
      "std_preact": 706506.625,
      "min_preact": -6819516.5,
      "max_preact": 6819657.5,
      "avg_actor_output_saturation": 1.0,
      "actor_activations_sample": {
        "fc3": {
          "min": -1.0,
          "max": 1.0,
          "mean": -0.09333333373069763,
          "saturation": 1.0
        }
      }
    },
    {
      "episode": 230,
      "mean_preact": -79332.4921875,
      "std_preact": 715981.8125,
      "min_preact": -6819516.5,
      "max_preact": 6819657.5,
      "avg_actor_output_saturation": 1.0,
      "actor_activations_sample": {
        "fc3": {
          "min": -1.0,
          "max": 1.0,
          "mean": -0.09333333373069763,
          "saturation": 1.0
        }
      }
    },
    {
      "episode": 240,
      "mean_preact": -78380.8671875,
      "std_preact": 701146.25,
      "min_preact": -6819516.5,
      "max_preact": 6819657.5,
      "avg_actor_output_saturation": 1.0,
      "actor_activations_sample": {
        "fc3": {
          "min": -1.0,
          "max": 1.0,
          "mean": -0.09333333373069763,
          "saturation": 1.0
        }
      }
    },
    {
      "episode": 250,
      "mean_preact": -78625.9375,
      "std_preact": 710996.1875,
      "min_preact": -6832167.5,
      "max_preact": 6832308.0,
      "avg_actor_output_saturation": 1.0,
      "actor_activations_sample": {
        "fc3": {
          "min": -1.0,
          "max": 1.0,
          "mean": -0.09333333373069763,
          "saturation": 1.0
        }
      }
    },
    {
      "episode": 260,
      "mean_preact": -78598.65625,
      "std_preact": 699449.1875,
      "min_preact": -6813402.0,
      "max_preact": 6813538.0,
      "avg_actor_output_saturation": 1.0,
      "actor_activations_sample": {
        "fc3": {
          "min": -1.0,
          "max": 1.0,
          "mean": -0.09333333373069763,
          "saturation": 1.0
        }
      }
    },
    {
      "episode": 270,
      "mean_preact": -78177.5078125,
      "std_preact": 701851.75,
      "min_preact": -6813402.0,
      "max_preact": 6813538.0,
      "avg_actor_output_saturation": 1.0,
      "actor_activations_sample": {
        "fc3": {
          "min": -1.0,
          "max": 1.0,
          "mean": -0.09333333373069763,
          "saturation": 1.0
        }
      }
    },
    {
      "episode": 280,
      "mean_preact": -79252.3046875,
      "std_preact": 711977.375,
      "min_preact": -6813402.0,
      "max_preact": 6813538.0,
      "avg_actor_output_saturation": 1.0,
      "actor_activations_sample": {
        "fc3": {
          "min": -1.0,
          "max": 1.0,
          "mean": -0.09333333373069763,
          "saturation": 1.0
        }
      }
    },
    {
      "episode": 290,
      "mean_preact": -79152.921875,
      "std_preact": 702623.875,
      "min_preact": -6851278.0,
      "max_preact": 6851411.5,
      "avg_actor_output_saturation": 1.0,
      "actor_activations_sample": {
        "fc3": {
          "min": -1.0,
          "max": 1.0,
          "mean": -0.09333333373069763,
          "saturation": 1.0
        }
      }
    },
    {
      "episode": 300,
      "mean_preact": -78690.59375,
      "std_preact": 708967.5,
      "min_preact": -6819516.5,
      "max_preact": 6819657.5,
      "avg_actor_output_saturation": 1.0,
      "actor_activations_sample": {
        "fc3": {
          "min": -1.0,
          "max": 1.0,
          "mean": -0.09333333373069763,
          "saturation": 1.0
        }
      }
    },
    {
      "episode": 310,
      "mean_preact": -79154.0234375,
      "std_preact": 706308.25,
      "min_preact": -6813402.0,
      "max_preact": 6813538.0,
      "avg_actor_output_saturation": 1.0,
      "actor_activations_sample": {
        "fc3": {
          "min": -1.0,
          "max": 1.0,
          "mean": -0.09333333373069763,
          "saturation": 1.0
        }
      }
    },
    {
      "episode": 320,
      "mean_preact": -79467.90625,
      "std_preact": 707114.8125,
      "min_preact": -6813402.0,
      "max_preact": 6813538.0,
      "avg_actor_output_saturation": 1.0,
      "actor_activations_sample": {
        "fc3": {
          "min": -1.0,
          "max": 1.0,
          "mean": -0.09333333373069763,
          "saturation": 1.0
        }
      }
    },
    {
      "episode": 330,
      "mean_preact": -79036.5859375,
      "std_preact": 713862.125,
      "min_preact": -6813402.0,
      "max_preact": 6813538.0,
      "avg_actor_output_saturation": 1.0,
      "actor_activations_sample": {
        "fc3": {
          "min": -1.0,
          "max": 1.0,
          "mean": -0.09333333373069763,
          "saturation": 1.0
        }
      }
    },
    {
      "episode": 340,
      "mean_preact": -79375.71875,
      "std_preact": 710102.25,
      "min_preact": -6813402.0,
      "max_preact": 6813538.0,
      "avg_actor_output_saturation": 1.0,
      "actor_activations_sample": {
        "fc3": {
          "min": -1.0,
          "max": 1.0,
          "mean": -0.09333333373069763,
          "saturation": 1.0
        }
      }
    },
    {
      "episode": 350,
      "mean_preact": -79492.1171875,
      "std_preact": 706326.4375,
      "min_preact": -6831381.5,
      "max_preact": 6831522.5,
      "avg_actor_output_saturation": 1.0,
      "actor_activations_sample": {
        "fc3": {
          "min": -1.0,
          "max": 1.0,
          "mean": -0.09333333373069763,
          "saturation": 1.0
        }
      }
    }
  ]
}