{
  "gradient_history": [
    {
      "episode": 10,
      "actor_grad": 0.0,
      "critic_grad": 101336992.6104675,
      "actor_per_layer": {
        "fc1": 0.0,
        "fc2": 0.0,
        "fc3": 0.0
      },
      "critic_per_layer": {
        "fc1": 7041216.7221216755,
        "fc2": 7676288.50516911,
        "fc3": 100800208.0017272
      }
    },
    {
      "episode": 20,
      "actor_grad": 0.0,
      "critic_grad": 18713360.62579566,
      "actor_per_layer": {
        "fc1": 0.0,
        "fc2": 0.0,
        "fc3": 0.0
      },
      "critic_per_layer": {
        "fc1": 1510856.908289826,
        "fc2": 1429907.1270113827,
        "fc3": 18597380.001545224
      }
    },
    {
      "episode": 30,
      "actor_grad": 0.0,
      "critic_grad": 7277974.965780564,
      "actor_per_layer": {
        "fc1": 0.0,
        "fc2": 0.0,
        "fc3": 0.0
      },
      "critic_per_layer": {
        "fc1": 2184611.252407645,
        "fc2": 534095.5002849374,
        "fc3": 6921787.000114774
      }
    },
    {
      "episode": 40,
      "actor_grad": 0.0,
      "critic_grad": 213246997.55564606,
      "actor_per_layer": {
        "fc1": 0.0,
        "fc2": 0.0,
        "fc3": 0.0
      },
      "critic_per_layer": {
        "fc1": 14198548.52597392,
        "fc2": 15708692.022067532,
        "fc3": 212193120.01384282
      }
    },
    {
      "episode": 50,
      "actor_grad": 0.0,
      "critic_grad": 70285502.3212202,
      "actor_per_layer": {
        "fc1": 0.0,
        "fc2": 0.0,
        "fc3": 0.0
      },
      "critic_per_layer": {
        "fc1": 4952076.668247385,
        "fc2": 5197103.0056829695,
        "fc3": 69917944.00271201
      }
    },
    {
      "episode": 60,
      "actor_grad": 0.0,
      "critic_grad": 21804684.21929242,
      "actor_per_layer": {
        "fc1": 0.0,
        "fc2": 0.0,
        "fc3": 0.0
      },
      "critic_per_layer": {
        "fc1": 2135881.800509348,
        "fc2": 1601874.5025334773,
        "fc3": 21640616.001293633
      }
    },
    {
      "episode": 70,
      "actor_grad": 0.0,
      "critic_grad": 6604854.7503327355,
      "actor_per_layer": {
        "fc1": 0.0,
        "fc2": 0.0,
        "fc3": 0.0
      },
      "critic_per_layer": {
        "fc1": 616730.0694891576,
        "fc2": 482764.25036613195,
        "fc3": 6558253.500204855
      }
    },
    {
      "episode": 80,
      "actor_grad": 0.0,
      "critic_grad": 39995806.11176361,
      "actor_per_layer": {
        "fc1": 0.0,
        "fc2": 0.0,
        "fc3": 0.0
      },
      "critic_per_layer": {
        "fc1": 2786155.337285582,
        "fc2": 2945540.252663553,
        "fc3": 39789768.00116132
      }
    },
    {
      "episode": 90,
      "actor_grad": 0.0,
      "critic_grad": 40641851.216270596,
      "actor_per_layer": {
        "fc1": 0.0,
        "fc2": 0.0,
        "fc3": 0.0
      },
      "critic_per_layer": {
        "fc1": 2883345.0905536185,
        "fc2": 2997074.5030845054,
        "fc3": 40428504.00147422
      }
    },
    {
      "episode": 100,
      "actor_grad": 0.0,
      "critic_grad": 94412461.0603415,
      "actor_per_layer": {
        "fc1": 0.0,
        "fc2": 0.0,
        "fc3": 0.0
      },
      "critic_per_layer": {
        "fc1": 6994601.744035327,
        "fc2": 6993957.0075827595,
        "fc3": 93892880.00316596
      }
    },
    {
      "episode": 110,
      "actor_grad": 0.0,
      "critic_grad": 22222621.96128556,
      "actor_per_layer": {
        "fc1": 0.0,
        "fc2": 0.0,
        "fc3": 0.0
      },
      "critic_per_layer": {
        "fc1": 1664547.1738875022,
        "fc2": 1649881.7515757454,
        "fc3": 22098690.00067497
      }
    },
    {
      "episode": 120,
      "actor_grad": 0.0,
      "critic_grad": 24910917.825127047,
      "actor_per_layer": {
        "fc1": 0.0,
        "fc2": 0.0,
        "fc3": 0.0
      },
      "critic_per_layer": {
        "fc1": 1938268.8111145345,
        "fc2": 1852132.8769530775,
        "fc3": 24766238.00079864
      }
    },
    {
      "episode": 130,
      "actor_grad": 0.0,
      "critic_grad": 45825128.018861674,
      "actor_per_layer": {
        "fc1": 0.0,
        "fc2": 0.0,
        "fc3": 0.0
      },
      "critic_per_layer": {
        "fc1": 3384899.8706646645,
        "fc2": 3405766.003932766,
        "fc3": 45572860.00172791
      }
    },
    {
      "episode": 140,
      "actor_grad": 0.0,
      "critic_grad": 3837083.792935571,
      "actor_per_layer": {
        "fc1": 0.0,
        "fc2": 0.0,
        "fc3": 0.0
      },
      "critic_per_layer": {
        "fc1": 1744853.7503270023,
        "fc2": 276433.59380505077,
        "fc3": 3406212.2500212244
      }
    },
    {
      "episode": 150,
      "actor_grad": 0.0,
      "critic_grad": 1994150.160056209,
      "actor_per_layer": {
        "fc1": 0.0,
        "fc2": 0.0,
        "fc3": 0.0
      },
      "critic_per_layer": {
        "fc1": 387577.3125078015,
        "fc2": 147660.48437540597,
        "fc3": 1950542.2500001004
      }
    },
    {
      "episode": 160,
      "actor_grad": 0.0,
      "critic_grad": 67486039.49409987,
      "actor_per_layer": {
        "fc1": 0.0,
        "fc2": 0.0,
        "fc3": 0.0
      },
      "critic_per_layer": {
        "fc1": 5322933.201888071,
        "fc2": 4978731.00695631,
        "fc3": 67091312.00302924
      }
    },
    {
      "episode": 170,
      "actor_grad": 0.0,
      "critic_grad": 27548420.326352287,
      "actor_per_layer": {
        "fc1": 0.0,
        "fc2": 0.0,
        "fc3": 0.0
      },
      "critic_per_layer": {
        "fc1": 2204717.587494661,
        "fc2": 2015525.752329854,
        "fc3": 27385988.000772707
      }
    },
    {
      "episode": 180,
      "actor_grad": 0.0,
      "critic_grad": 24270165.128206734,
      "actor_per_layer": {
        "fc1": 0.0,
        "fc2": 0.0,
        "fc3": 0.0
      },
      "critic_per_layer": {
        "fc1": 1837354.556211,
        "fc2": 1778090.3765292335,
        "fc3": 24135108.000547398
      }
    },
    {
      "episode": 190,
      "actor_grad": 0.0,
      "critic_grad": 12640209.904003192,
      "actor_per_layer": {
        "fc1": 0.0,
        "fc2": 0.0,
        "fc3": 0.0
      },
      "critic_per_layer": {
        "fc1": 956309.40271786,
        "fc2": 927933.0631218144,
        "fc3": 12569778.000183582
      }
    },
    {
      "episode": 200,
      "actor_grad": 0.0,
      "critic_grad": 4716517.61591182,
      "actor_per_layer": {
        "fc1": 0.0,
        "fc2": 0.0,
        "fc3": 0.0
      },
      "critic_per_layer": {
        "fc1": 395253.88778755115,
        "fc2": 346266.0315956935,
        "fc3": 4687154.000111188
      }
    },
    {
      "episode": 210,
      "actor_grad": 0.0,
      "critic_grad": 93452638.85526775,
      "actor_per_layer": {
        "fc1": 0.0,
        "fc2": 0.0,
        "fc3": 0.0
      },
      "critic_per_layer": {
        "fc1": 6865538.713321779,
        "fc2": 6885472.503846572,
        "fc3": 92945416.00093977
      }
    },
    {
      "episode": 220,
      "actor_grad": 0.0,
      "critic_grad": 38882202.490108214,
      "actor_per_layer": {
        "fc1": 0.0,
        "fc2": 0.0,
        "fc3": 0.0
      },
      "critic_per_layer": {
        "fc1": 2930965.1137836548,
        "fc2": 2842039.7533675097,
        "fc3": 38667272.00131708
      }
    },
    {
      "episode": 230,
      "actor_grad": 0.0,
      "critic_grad": 13266143.907659313,
      "actor_per_layer": {
        "fc1": 0.0,
        "fc2": 0.0,
        "fc3": 0.0
      },
      "critic_per_layer": {
        "fc1": 991115.3432135299,
        "fc2": 958343.250622492,
        "fc3": 13194311.000168191
      }
    },
    {
      "episode": 240,
      "actor_grad": 0.0,
      "critic_grad": 6244794.013923155,
      "actor_per_layer": {
        "fc1": 0.0,
        "fc2": 0.0,
        "fc3": 0.0
      },
      "critic_per_layer": {
        "fc1": 500408.98373957636,
        "fc2": 449111.6253996041,
        "fc3": 6208489.500132389
      }
    },
    {
      "episode": 250,
      "actor_grad": 0.0,
      "critic_grad": 34512287.034804374,
      "actor_per_layer": {
        "fc1": 0.0,
        "fc2": 0.0,
        "fc3": 0.0
      },
      "critic_per_layer": {
        "fc1": 2638119.8241699827,
        "fc2": 2500179.0016599502,
        "fc3": 34320364.000483826
      }
    },
    {
      "episode": 260,
      "actor_grad": 0.0,
      "critic_grad": 76532944.81265974,
      "actor_per_layer": {
        "fc1": 0.0,
        "fc2": 0.0,
        "fc3": 0.0
      },
      "critic_per_layer": {
        "fc1": 5517830.17674264,
        "fc2": 5571708.00339988,
        "fc3": 76130160.00090306
      }
    },
    {
      "episode": 270,
      "actor_grad": 0.0,
      "critic_grad": 17811544.964672543,
      "actor_per_layer": {
        "fc1": 0.0,
        "fc2": 0.0,
        "fc3": 0.0
      },
      "critic_per_layer": {
        "fc1": 1294782.2957539668,
        "fc2": 1297472.250906042,
        "fc3": 17716976.000245716
      }
    },
    {
      "episode": 280,
      "actor_grad": 0.0,
      "critic_grad": 24643945.511916086,
      "actor_per_layer": {
        "fc1": 0.0,
        "fc2": 0.0,
        "fc3": 0.0
      },
      "critic_per_layer": {
        "fc1": 1761511.1937800206,
        "fc2": 1795506.1263535062,
        "fc3": 24515246.00037095
      }
    },
    {
      "episode": 290,
      "actor_grad": 0.0,
      "critic_grad": 9096026.170328252,
      "actor_per_layer": {
        "fc1": 0.0,
        "fc2": 0.0,
        "fc3": 0.0
      },
      "critic_per_layer": {
        "fc1": 1161834.3884641447,
        "fc2": 661428.2504855258,
        "fc3": 8997241.000136556
      }
    },
    {
      "episode": 300,
      "actor_grad": 0.0,
      "critic_grad": 8797446.907747142,
      "actor_per_layer": {
        "fc1": 0.0,
        "fc2": 0.0,
        "fc3": 0.0
      },
      "critic_per_layer": {
        "fc1": 863407.8179265293,
        "fc2": 647121.7501081165,
        "fc3": 8731027.000021825
      }
    },
    {
      "episode": 310,
      "actor_grad": 0.0,
      "critic_grad": 35424070.75255487,
      "actor_per_layer": {
        "fc1": 0.0,
        "fc2": 0.0,
        "fc3": 0.0
      },
      "critic_per_layer": {
        "fc1": 2563370.8477566163,
        "fc2": 2590212.7521344125,
        "fc3": 35236128.00064112
      }
    },
    {
      "episode": 320,
      "actor_grad": 0.0,
      "critic_grad": 25435930.597471833,
      "actor_per_layer": {
        "fc1": 0.0,
        "fc2": 0.0,
        "fc3": 0.0
      },
      "critic_per_layer": {
        "fc1": 1997394.4476728926,
        "fc2": 1878672.8763128687,
        "fc3": 25287696.000300534
      }
    },
    {
      "episode": 330,
      "actor_grad": 0.0,
      "critic_grad": 207615798.2240262,
      "actor_per_layer": {
        "fc1": 0.0,
        "fc2": 0.0,
        "fc3": 0.0
      },
      "critic_per_layer": {
        "fc1": 14539879.54682673,
        "fc2": 15446077.0074608,
        "fc3": 206529248.00144634
      }
    }
  ],
  "asymmetry_history": [
    {
      "episode": 10,
      "ratio": 0.0,
      "actor_grad": 0.0,
      "critic_grad": 101336992.6104675
    },
    {
      "episode": 20,
      "ratio": 0.0,
      "actor_grad": 0.0,
      "critic_grad": 18713360.62579566
    },
    {
      "episode": 30,
      "ratio": 0.0,
      "actor_grad": 0.0,
      "critic_grad": 7277974.965780564
    },
    {
      "episode": 40,
      "ratio": 0.0,
      "actor_grad": 0.0,
      "critic_grad": 213246997.55564606
    },
    {
      "episode": 50,
      "ratio": 0.0,
      "actor_grad": 0.0,
      "critic_grad": 70285502.3212202
    },
    {
      "episode": 60,
      "ratio": 0.0,
      "actor_grad": 0.0,
      "critic_grad": 21804684.21929242
    },
    {
      "episode": 70,
      "ratio": 0.0,
      "actor_grad": 0.0,
      "critic_grad": 6604854.7503327355
    },
    {
      "episode": 80,
      "ratio": 0.0,
      "actor_grad": 0.0,
      "critic_grad": 39995806.11176361
    },
    {
      "episode": 90,
      "ratio": 0.0,
      "actor_grad": 0.0,
      "critic_grad": 40641851.216270596
    },
    {
      "episode": 100,
      "ratio": 0.0,
      "actor_grad": 0.0,
      "critic_grad": 94412461.0603415
    },
    {
      "episode": 110,
      "ratio": 0.0,
      "actor_grad": 0.0,
      "critic_grad": 22222621.96128556
    },
    {
      "episode": 120,
      "ratio": 0.0,
      "actor_grad": 0.0,
      "critic_grad": 24910917.825127047
    },
    {
      "episode": 130,
      "ratio": 0.0,
      "actor_grad": 0.0,
      "critic_grad": 45825128.018861674
    },
    {
      "episode": 140,
      "ratio": 0.0,
      "actor_grad": 0.0,
      "critic_grad": 3837083.792935571
    },
    {
      "episode": 150,
      "ratio": 0.0,
      "actor_grad": 0.0,
      "critic_grad": 1994150.160056209
    },
    {
      "episode": 160,
      "ratio": 0.0,
      "actor_grad": 0.0,
      "critic_grad": 67486039.49409987
    },
    {
      "episode": 170,
      "ratio": 0.0,
      "actor_grad": 0.0,
      "critic_grad": 27548420.326352287
    },
    {
      "episode": 180,
      "ratio": 0.0,
      "actor_grad": 0.0,
      "critic_grad": 24270165.128206734
    },
    {
      "episode": 190,
      "ratio": 0.0,
      "actor_grad": 0.0,
      "critic_grad": 12640209.904003192
    },
    {
      "episode": 200,
      "ratio": 0.0,
      "actor_grad": 0.0,
      "critic_grad": 4716517.61591182
    },
    {
      "episode": 210,
      "ratio": 0.0,
      "actor_grad": 0.0,
      "critic_grad": 93452638.85526775
    },
    {
      "episode": 220,
      "ratio": 0.0,
      "actor_grad": 0.0,
      "critic_grad": 38882202.490108214
    },
    {
      "episode": 230,
      "ratio": 0.0,
      "actor_grad": 0.0,
      "critic_grad": 13266143.907659313
    },
    {
      "episode": 240,
      "ratio": 0.0,
      "actor_grad": 0.0,
      "critic_grad": 6244794.013923155
    },
    {
      "episode": 250,
      "ratio": 0.0,
      "actor_grad": 0.0,
      "critic_grad": 34512287.034804374
    },
    {
      "episode": 260,
      "ratio": 0.0,
      "actor_grad": 0.0,
      "critic_grad": 76532944.81265974
    },
    {
      "episode": 270,
      "ratio": 0.0,
      "actor_grad": 0.0,
      "critic_grad": 17811544.964672543
    },
    {
      "episode": 280,
      "ratio": 0.0,
      "actor_grad": 0.0,
      "critic_grad": 24643945.511916086
    },
    {
      "episode": 290,
      "ratio": 0.0,
      "actor_grad": 0.0,
      "critic_grad": 9096026.170328252
    },
    {
      "episode": 300,
      "ratio": 0.0,
      "actor_grad": 0.0,
      "critic_grad": 8797446.907747142
    },
    {
      "episode": 310,
      "ratio": 0.0,
      "actor_grad": 0.0,
      "critic_grad": 35424070.75255487
    },
    {
      "episode": 320,
      "ratio": 0.0,
      "actor_grad": 0.0,
      "critic_grad": 25435930.597471833
    },
    {
      "episode": 330,
      "ratio": 0.0,
      "actor_grad": 0.0,
      "critic_grad": 207615798.2240262
    }
  ],
  "activation_history": [
    {
      "episode": 10,
      "mean_preact": 29.311601638793945,
      "std_preact": 748.1572875976562,
      "min_preact": -2304.69873046875,
      "max_preact": 2244.397705078125,
      "avg_actor_output_saturation": 0.9439384083044983,
      "actor_activations_sample": {
        "fc3": {
          "min": -1.0,
          "max": 1.0,
          "mean": 0.056465644389390945,
          "saturation": 0.9439384083044983
        }
      }
    },
    {
      "episode": 20,
      "mean_preact": 75.56745910644531,
      "std_preact": 1809.5247802734375,
      "min_preact": -3965.649658203125,
      "max_preact": 3885.711181640625,
      "avg_actor_output_saturation": 1.0,
      "actor_activations_sample": {
        "fc3": {
          "min": -1.0,
          "max": 1.0,
          "mean": 0.0533333346247673,
          "saturation": 1.0
        }
      }
    },
    {
      "episode": 30,
      "mean_preact": 95.25780487060547,
      "std_preact": 2418.733154296875,
      "min_preact": -4625.4853515625,
      "max_preact": 4539.71142578125,
      "avg_actor_output_saturation": 1.0,
      "actor_activations_sample": {
        "fc3": {
          "min": -1.0,
          "max": 1.0,
          "mean": 0.0533333346247673,
          "saturation": 1.0
        }
      }
    },
    {
      "episode": 40,
      "mean_preact": 104.08917999267578,
      "std_preact": 2691.702392578125,
      "min_preact": -4959.8046875,
      "max_preact": 4870.55908203125,
      "avg_actor_output_saturation": 1.0,
      "actor_activations_sample": {
        "fc3": {
          "min": -1.0,
          "max": 1.0,
          "mean": 0.0533333346247673,
          "saturation": 1.0
        }
      }
    },
    {
      "episode": 50,
      "mean_preact": 106.3638916015625,
      "std_preact": 2809.5439453125,
      "min_preact": -5084.89013671875,
      "max_preact": 4994.5107421875,
      "avg_actor_output_saturation": 1.0,
      "actor_activations_sample": {
        "fc3": {
          "min": -1.0,
          "max": 1.0,
          "mean": 0.0533333346247673,
          "saturation": 1.0
        }
      }
    },
    {
      "episode": 60,
      "mean_preact": 108.84253692626953,
      "std_preact": 2848.96728515625,
      "min_preact": -5165.7880859375,
      "max_preact": 5074.40869140625,
      "avg_actor_output_saturation": 1.0,
      "actor_activations_sample": {
        "fc3": {
          "min": -1.0,
          "max": 1.0,
          "mean": 0.0533333346247673,
          "saturation": 1.0
        }
      }
    },
    {
      "episode": 70,
      "mean_preact": 109.40800476074219,
      "std_preact": 2867.473388671875,
      "min_preact": -5202.5244140625,
      "max_preact": 5110.72314453125,
      "avg_actor_output_saturation": 1.0,
      "actor_activations_sample": {
        "fc3": {
          "min": -1.0,
          "max": 1.0,
          "mean": 0.0533333346247673,
          "saturation": 1.0
        }
      }
    },
    {
      "episode": 80,
      "mean_preact": 104.33197784423828,
      "std_preact": 2874.32373046875,
      "min_preact": -5207.087890625,
      "max_preact": 5115.28662109375,
      "avg_actor_output_saturation": 1.0,
      "actor_activations_sample": {
        "fc3": {
          "min": -1.0,
          "max": 1.0,
          "mean": 0.0533333346247673,
          "saturation": 1.0
        }
      }
    },
    {
      "episode": 90,
      "mean_preact": 104.86502838134766,
      "std_preact": 2879.712646484375,
      "min_preact": -5210.056640625,
      "max_preact": 5118.22900390625,
      "avg_actor_output_saturation": 1.0,
      "actor_activations_sample": {
        "fc3": {
          "min": -1.0,
          "max": 1.0,
          "mean": 0.0533333346247673,
          "saturation": 1.0
        }
      }
    },
    {
      "episode": 100,
      "mean_preact": 106.24251556396484,
      "std_preact": 2881.396484375,
      "min_preact": -5204.43505859375,
      "max_preact": 5112.693359375,
      "avg_actor_output_saturation": 1.0,
      "actor_activations_sample": {
        "fc3": {
          "min": -1.0,
          "max": 1.0,
          "mean": 0.0533333346247673,
          "saturation": 1.0
        }
      }
    },
    {
      "episode": 110,
      "mean_preact": 107.97943115234375,
      "std_preact": 2885.89013671875,
      "min_preact": -5207.7392578125,
      "max_preact": 5115.98486328125,
      "avg_actor_output_saturation": 1.0,
      "actor_activations_sample": {
        "fc3": {
          "min": -1.0,
          "max": 1.0,
          "mean": 0.0533333346247673,
          "saturation": 1.0
        }
      }
    },
    {
      "episode": 120,
      "mean_preact": 108.20726013183594,
      "std_preact": 2876.928466796875,
      "min_preact": -5218.4794921875,
      "max_preact": 5126.51025390625,
      "avg_actor_output_saturation": 1.0,
      "actor_activations_sample": {
        "fc3": {
          "min": -1.0,
          "max": 1.0,
          "mean": 0.0533333346247673,
          "saturation": 1.0
        }
      }
    },
    {
      "episode": 130,
      "mean_preact": 105.08870697021484,
      "std_preact": 2885.824462890625,
      "min_preact": -5218.525390625,
      "max_preact": 5126.55615234375,
      "avg_actor_output_saturation": 1.0,
      "actor_activations_sample": {
        "fc3": {
          "min": -1.0,
          "max": 1.0,
          "mean": 0.0533333346247673,
          "saturation": 1.0
        }
      }
    },
    {
      "episode": 140,
      "mean_preact": 109.27403259277344,
      "std_preact": 2886.6767578125,
      "min_preact": -5218.5419921875,
      "max_preact": 5126.572265625,
      "avg_actor_output_saturation": 1.0,
      "actor_activations_sample": {
        "fc3": {
          "min": -1.0,
          "max": 1.0,
          "mean": 0.0533333346247673,
          "saturation": 1.0
        }
      }
    },
    {
      "episode": 150,
      "mean_preact": 109.9033432006836,
      "std_preact": 2881.53515625,
      "min_preact": -5218.5478515625,
      "max_preact": 5126.57763671875,
      "avg_actor_output_saturation": 1.0,
      "actor_activations_sample": {
        "fc3": {
          "min": -1.0,
          "max": 1.0,
          "mean": 0.0533333346247673,
          "saturation": 1.0
        }
      }
    },
    {
      "episode": 160,
      "mean_preact": 110.34398651123047,
      "std_preact": 2877.768310546875,
      "min_preact": -5218.548828125,
      "max_preact": 5126.57861328125,
      "avg_actor_output_saturation": 1.0,
      "actor_activations_sample": {
        "fc3": {
          "min": -1.0,
          "max": 1.0,
          "mean": 0.0533333346247673,
          "saturation": 1.0
        }
      }
    },
    {
      "episode": 170,
      "mean_preact": 107.01779174804688,
      "std_preact": 2878.725830078125,
      "min_preact": -5223.0341796875,
      "max_preact": 5131.02001953125,
      "avg_actor_output_saturation": 1.0,
      "actor_activations_sample": {
        "fc3": {
          "min": -1.0,
          "max": 1.0,
          "mean": 0.0533333346247673,
          "saturation": 1.0
        }
      }
    },
    {
      "episode": 180,
      "mean_preact": 103.631591796875,
      "std_preact": 2892.234375,
      "min_preact": -5218.548828125,
      "max_preact": 5126.57861328125,
      "avg_actor_output_saturation": 1.0,
      "actor_activations_sample": {
        "fc3": {
          "min": -1.0,
          "max": 1.0,
          "mean": 0.0533333346247673,
          "saturation": 1.0
        }
      }
    },
    {
      "episode": 190,
      "mean_preact": 106.63584899902344,
      "std_preact": 2878.102783203125,
      "min_preact": -5218.548828125,
      "max_preact": 5126.57861328125,
      "avg_actor_output_saturation": 1.0,
      "actor_activations_sample": {
        "fc3": {
          "min": -1.0,
          "max": 1.0,
          "mean": 0.0533333346247673,
          "saturation": 1.0
        }
      }
    },
    {
      "episode": 200,
      "mean_preact": 102.64445495605469,
      "std_preact": 2891.224365234375,
      "min_preact": -5218.548828125,
      "max_preact": 5126.57861328125,
      "avg_actor_output_saturation": 1.0,
      "actor_activations_sample": {
        "fc3": {
          "min": -1.0,
          "max": 1.0,
          "mean": 0.0533333346247673,
          "saturation": 1.0
        }
      }
    },
    {
      "episode": 210,
      "mean_preact": 102.76589965820312,
      "std_preact": 2883.54931640625,
      "min_preact": -5210.44189453125,
      "max_preact": 5118.60205078125,
      "avg_actor_output_saturation": 1.0,
      "actor_activations_sample": {
        "fc3": {
          "min": -1.0,
          "max": 1.0,
          "mean": 0.0533333346247673,
          "saturation": 1.0
        }
      }
    },
    {
      "episode": 220,
      "mean_preact": 107.3521957397461,
      "std_preact": 2896.43115234375,
      "min_preact": -5218.548828125,
      "max_preact": 5126.57861328125,
      "avg_actor_output_saturation": 1.0,
      "actor_activations_sample": {
        "fc3": {
          "min": -1.0,
          "max": 1.0,
          "mean": 0.0533333346247673,
          "saturation": 1.0
        }
      }
    },
    {
      "episode": 230,
      "mean_preact": 110.13955688476562,
      "std_preact": 2884.154296875,
      "min_preact": -5206.951171875,
      "max_preact": 5115.21240234375,
      "avg_actor_output_saturation": 1.0,
      "actor_activations_sample": {
        "fc3": {
          "min": -1.0,
          "max": 1.0,
          "mean": 0.0533333346247673,
          "saturation": 1.0
        }
      }
    },
    {
      "episode": 240,
      "mean_preact": 104.34444427490234,
      "std_preact": 2895.082275390625,
      "min_preact": -5218.548828125,
      "max_preact": 5126.57861328125,
      "avg_actor_output_saturation": 1.0,
      "actor_activations_sample": {
        "fc3": {
          "min": -1.0,
          "max": 1.0,
          "mean": 0.0533333346247673,
          "saturation": 1.0
        }
      }
    },
    {
      "episode": 250,
      "mean_preact": 101.02568817138672,
      "std_preact": 2880.9638671875,
      "min_preact": -5218.548828125,
      "max_preact": 5126.57861328125,
      "avg_actor_output_saturation": 1.0,
      "actor_activations_sample": {
        "fc3": {
          "min": -1.0,
          "max": 1.0,
          "mean": 0.0533333346247673,
          "saturation": 1.0
        }
      }
    },
    {
      "episode": 260,
      "mean_preact": 103.18606567382812,
      "std_preact": 2889.53173828125,
      "min_preact": -5218.548828125,
      "max_preact": 5126.57861328125,
      "avg_actor_output_saturation": 1.0,
      "actor_activations_sample": {
        "fc3": {
          "min": -1.0,
          "max": 1.0,
          "mean": 0.0533333346247673,
          "saturation": 1.0
        }
      }
    },
    {
      "episode": 270,
      "mean_preact": 103.98778533935547,
      "std_preact": 2889.331787109375,
      "min_preact": -5218.548828125,
      "max_preact": 5126.57861328125,
      "avg_actor_output_saturation": 1.0,
      "actor_activations_sample": {
        "fc3": {
          "min": -1.0,
          "max": 1.0,
          "mean": 0.0533333346247673,
          "saturation": 1.0
        }
      }
    },
    {
      "episode": 280,
      "mean_preact": 99.96074676513672,
      "std_preact": 2889.905517578125,
      "min_preact": -5218.548828125,
      "max_preact": 5126.57861328125,
      "avg_actor_output_saturation": 1.0,
      "actor_activations_sample": {
        "fc3": {
          "min": -1.0,
          "max": 1.0,
          "mean": 0.0533333346247673,
          "saturation": 1.0
        }
      }
    },
    {
      "episode": 290,
      "mean_preact": 103.2418441772461,
      "std_preact": 2888.93408203125,
      "min_preact": -5218.548828125,
      "max_preact": 5126.57861328125,
      "avg_actor_output_saturation": 1.0,
      "actor_activations_sample": {
        "fc3": {
          "min": -1.0,
          "max": 1.0,
          "mean": 0.0533333346247673,
          "saturation": 1.0
        }
      }
    },
    {
      "episode": 300,
      "mean_preact": 100.37177276611328,
      "std_preact": 2891.6923828125,
      "min_preact": -5218.548828125,
      "max_preact": 5126.57861328125,
      "avg_actor_output_saturation": 1.0,
      "actor_activations_sample": {
        "fc3": {
          "min": -1.0,
          "max": 1.0,
          "mean": 0.0533333346247673,
          "saturation": 1.0
        }
      }
    },
    {
      "episode": 310,
      "mean_preact": 101.76603698730469,
      "std_preact": 2895.2802734375,
      "min_preact": -5218.548828125,
      "max_preact": 5126.57861328125,
      "avg_actor_output_saturation": 1.0,
      "actor_activations_sample": {
        "fc3": {
          "min": -1.0,
          "max": 1.0,
          "mean": 0.0533333346247673,
          "saturation": 1.0
        }
      }
    },
    {
      "episode": 320,
      "mean_preact": 102.98041534423828,
      "std_preact": 2881.79296875,
      "min_preact": -5212.658203125,
      "max_preact": 5120.81982421875,
      "avg_actor_output_saturation": 1.0,
      "actor_activations_sample": {
        "fc3": {
          "min": -1.0,
          "max": 1.0,
          "mean": 0.0533333346247673,
          "saturation": 1.0
        }
      }
    },
    {
      "episode": 330,
      "mean_preact": 100.4664535522461,
      "std_preact": 2896.095703125,
      "min_preact": -5222.93896484375,
      "max_preact": 5130.9208984375,
      "avg_actor_output_saturation": 1.0,
      "actor_activations_sample": {
        "fc3": {
          "min": -1.0,
          "max": 1.0,
          "mean": 0.0533333346247673,
          "saturation": 1.0
        }
      }
    }
  ]
}