{
  "gradient_history": [
    {
      "episode": 10,
      "actor_grad": 0.0,
      "critic_grad": 506490231.0881594,
      "actor_per_layer": {
        "fc1": 0.0,
        "fc2": 0.0,
        "fc3": 0.0
      },
      "critic_per_layer": {
        "fc1": 154264245.7188663,
        "fc2": 306452992.4312916,
        "fc3": 372587520.0680145
      }
    },
    {
      "episode": 20,
      "actor_grad": 0.0,
      "critic_grad": 30465406.254419606,
      "actor_per_layer": {
        "fc1": 0.0,
        "fc2": 0.0,
        "fc3": 0.0
      },
      "critic_per_layer": {
        "fc1": 7652562.728967528,
        "fc2": 14435760.036146345,
        "fc3": 25713578.010554004
      }
    },
    {
      "episode": 30,
      "actor_grad": 0.0,
      "critic_grad": 133698965.88804162,
      "actor_per_layer": {
        "fc1": 0.0,
        "fc2": 0.0,
        "fc3": 0.0
      },
      "critic_per_layer": {
        "fc1": 18938510.68444808,
        "fc2": 43312288.082211286,
        "fc3": 125063152.02196968
      }
    },
    {
      "episode": 40,
      "actor_grad": 0.0,
      "critic_grad": 55696988.96708406,
      "actor_per_layer": {
        "fc1": 0.0,
        "fc2": 0.0,
        "fc3": 0.0
      },
      "critic_per_layer": {
        "fc1": 12478370.478257554,
        "fc2": 19115504.070620462,
        "fc3": 50803960.02609369
      }
    },
    {
      "episode": 50,
      "actor_grad": 0.0,
      "critic_grad": 11188365.669932742,
      "actor_per_layer": {
        "fc1": 0.0,
        "fc2": 0.0,
        "fc3": 0.0
      },
      "critic_per_layer": {
        "fc1": 2865416.6115238746,
        "fc2": 4661418.513749083,
        "fc3": 9759103.004180757
      }
    },
    {
      "episode": 60,
      "actor_grad": 0.0,
      "critic_grad": 21647877.89525753,
      "actor_per_layer": {
        "fc1": 0.0,
        "fc2": 0.0,
        "fc3": 0.0
      },
      "critic_per_layer": {
        "fc1": 6102875.211465032,
        "fc2": 8893533.02468356,
        "fc3": 18769406.00712042
      }
    },
    {
      "episode": 70,
      "actor_grad": 0.0,
      "critic_grad": 9019132.663193451,
      "actor_per_layer": {
        "fc1": 0.0,
        "fc2": 0.0,
        "fc3": 0.0
      },
      "critic_per_layer": {
        "fc1": 2252715.564769197,
        "fc2": 3768563.2563318834,
        "fc3": 7878322.001768831
      }
    },
    {
      "episode": 80,
      "actor_grad": 0.0,
      "critic_grad": 2508983.102457884,
      "actor_per_layer": {
        "fc1": 0.0,
        "fc2": 0.0,
        "fc3": 0.0
      },
      "critic_per_layer": {
        "fc1": 1135700.5143351404,
        "fc2": 877443.5021523077,
        "fc3": 2057978.0005356662
      }
    },
    {
      "episode": 90,
      "actor_grad": 0.0,
      "critic_grad": 30492037.076696824,
      "actor_per_layer": {
        "fc1": 0.0,
        "fc2": 0.0,
        "fc3": 0.0
      },
      "critic_per_layer": {
        "fc1": 9041677.330210589,
        "fc2": 11084927.044778135,
        "fc3": 26928364.015568342
      }
    },
    {
      "episode": 100,
      "actor_grad": 0.0,
      "critic_grad": 5723417.235381685,
      "actor_per_layer": {
        "fc1": 0.0,
        "fc2": 0.0,
        "fc3": 0.0
      },
      "critic_per_layer": {
        "fc1": 1600512.1545616516,
        "fc2": 2159993.753349047,
        "fc3": 5052751.001074331
      }
    },
    {
      "episode": 110,
      "actor_grad": 0.0,
      "critic_grad": 74641448.0707183,
      "actor_per_layer": {
        "fc1": 0.0,
        "fc2": 0.0,
        "fc3": 0.0
      },
      "critic_per_layer": {
        "fc1": 18949664.69248717,
        "fc2": 30000958.055349305,
        "fc3": 65667332.01445918
      }
    },
    {
      "episode": 120,
      "actor_grad": 0.0,
      "critic_grad": 4046412.5949672363,
      "actor_per_layer": {
        "fc1": 0.0,
        "fc2": 0.0,
        "fc3": 0.0
      },
      "critic_per_layer": {
        "fc1": 1718383.6349798026,
        "fc2": 1506458.6265971826,
        "fc3": 3339340.5004722136
      }
    },
    {
      "episode": 130,
      "actor_grad": 0.0,
      "critic_grad": 30223227.70167053,
      "actor_per_layer": {
        "fc1": 0.0,
        "fc2": 0.0,
        "fc3": 0.0
      },
      "critic_per_layer": {
        "fc1": 6804564.245580731,
        "fc2": 11758887.021121385,
        "fc3": 26997592.006682605
      }
    },
    {
      "episode": 140,
      "actor_grad": 0.0,
      "critic_grad": 652522.0139467046,
      "actor_per_layer": {
        "fc1": 0.0,
        "fc2": 0.0,
        "fc3": 0.0
      },
      "critic_per_layer": {
        "fc1": 546884.4408441101,
        "fc2": 144504.12694422508,
        "fc3": 325301.3131602385
      }
    },
    {
      "episode": 150,
      "actor_grad": 0.0,
      "critic_grad": 4607326.603196368,
      "actor_per_layer": {
        "fc1": 0.0,
        "fc2": 0.0,
        "fc3": 0.0
      },
      "critic_per_layer": {
        "fc1": 1316579.2708591248,
        "fc2": 1813549.6269232896,
        "fc3": 4025557.7505174903
      }
    },
    {
      "episode": 160,
      "actor_grad": 0.0,
      "critic_grad": 56281689.29749593,
      "actor_per_layer": {
        "fc1": 0.0,
        "fc2": 0.0,
        "fc3": 0.0
      },
      "critic_per_layer": {
        "fc1": 14275051.528780267,
        "fc2": 22451768.046248864,
        "fc3": 49596064.01346759
      }
    },
    {
      "episode": 170,
      "actor_grad": 0.0,
      "critic_grad": 5294687.869546055,
      "actor_per_layer": {
        "fc1": 0.0,
        "fc2": 0.0,
        "fc3": 0.0
      },
      "critic_per_layer": {
        "fc1": 1585976.42226557,
        "fc2": 2162009.253892096,
        "fc3": 4565535.500904663
      }
    },
    {
      "episode": 180,
      "actor_grad": 0.0,
      "critic_grad": 39071896.31742774,
      "actor_per_layer": {
        "fc1": 0.0,
        "fc2": 0.0,
        "fc3": 0.0
      },
      "critic_per_layer": {
        "fc1": 9300419.343285976,
        "fc2": 16135270.03067165,
        "fc3": 34347756.00990791
      }
    },
    {
      "episode": 190,
      "actor_grad": 0.0,
      "critic_grad": 24261175.183224108,
      "actor_per_layer": {
        "fc1": 0.0,
        "fc2": 0.0,
        "fc3": 0.0
      },
      "critic_per_layer": {
        "fc1": 6230431.703278606,
        "fc2": 10142168.01778466,
        "fc3": 21140548.005217277
      }
    },
    {
      "episode": 200,
      "actor_grad": 0.0,
      "critic_grad": 13975724.052058665,
      "actor_per_layer": {
        "fc1": 0.0,
        "fc2": 0.0,
        "fc3": 0.0
      },
      "critic_per_layer": {
        "fc1": 3277327.110521734,
        "fc2": 5959547.5074006915,
        "fc3": 12209168.001832252
      }
    },
    {
      "episode": 210,
      "actor_grad": 0.0,
      "critic_grad": 15478562.325169658,
      "actor_per_layer": {
        "fc1": 0.0,
        "fc2": 0.0,
        "fc3": 0.0
      },
      "critic_per_layer": {
        "fc1": 3681513.858303298,
        "fc2": 6671280.506052393,
        "fc3": 13473172.00123444
      }
    },
    {
      "episode": 220,
      "actor_grad": 0.0,
      "critic_grad": 13051195.288114587,
      "actor_per_layer": {
        "fc1": 0.0,
        "fc2": 0.0,
        "fc3": 0.0
      },
      "critic_per_layer": {
        "fc1": 3086460.3681986975,
        "fc2": 5636469.508378581,
        "fc3": 11359475.002180412
      }
    },
    {
      "episode": 230,
      "actor_grad": 0.0,
      "critic_grad": 6442317.493371745,
      "actor_per_layer": {
        "fc1": 0.0,
        "fc2": 0.0,
        "fc3": 0.0
      },
      "critic_per_layer": {
        "fc1": 1671661.0590209814,
        "fc2": 2754294.753592075,
        "fc3": 5578787.000727992
      }
    },
    {
      "episode": 240,
      "actor_grad": 0.0,
      "critic_grad": 18068744.23360745,
      "actor_per_layer": {
        "fc1": 0.0,
        "fc2": 0.0,
        "fc3": 0.0
      },
      "critic_per_layer": {
        "fc1": 4408254.626422658,
        "fc2": 7768801.007308564,
        "fc3": 15706449.001508491
      }
    },
    {
      "episode": 250,
      "actor_grad": 0.0,
      "critic_grad": 3909711.3339185137,
      "actor_per_layer": {
        "fc1": 0.0,
        "fc2": 0.0,
        "fc3": 0.0
      },
      "critic_per_layer": {
        "fc1": 995973.4547277058,
        "fc2": 1674116.5009480459,
        "fc3": 3389869.2501779646
      }
    },
    {
      "episode": 260,
      "actor_grad": 0.0,
      "critic_grad": 29318747.156395268,
      "actor_per_layer": {
        "fc1": 0.0,
        "fc2": 0.0,
        "fc3": 0.0
      },
      "critic_per_layer": {
        "fc1": 7211587.757193668,
        "fc2": 21226032.012571387,
        "fc3": 18895436.005613223
      }
    }
  ],
  "asymmetry_history": [
    {
      "episode": 10,
      "ratio": 0.0,
      "actor_grad": 0.0,
      "critic_grad": 506490231.0881594
    },
    {
      "episode": 20,
      "ratio": 0.0,
      "actor_grad": 0.0,
      "critic_grad": 30465406.254419606
    },
    {
      "episode": 30,
      "ratio": 0.0,
      "actor_grad": 0.0,
      "critic_grad": 133698965.88804162
    },
    {
      "episode": 40,
      "ratio": 0.0,
      "actor_grad": 0.0,
      "critic_grad": 55696988.96708406
    },
    {
      "episode": 50,
      "ratio": 0.0,
      "actor_grad": 0.0,
      "critic_grad": 11188365.669932742
    },
    {
      "episode": 60,
      "ratio": 0.0,
      "actor_grad": 0.0,
      "critic_grad": 21647877.89525753
    },
    {
      "episode": 70,
      "ratio": 0.0,
      "actor_grad": 0.0,
      "critic_grad": 9019132.663193451
    },
    {
      "episode": 80,
      "ratio": 0.0,
      "actor_grad": 0.0,
      "critic_grad": 2508983.102457884
    },
    {
      "episode": 90,
      "ratio": 0.0,
      "actor_grad": 0.0,
      "critic_grad": 30492037.076696824
    },
    {
      "episode": 100,
      "ratio": 0.0,
      "actor_grad": 0.0,
      "critic_grad": 5723417.235381685
    },
    {
      "episode": 110,
      "ratio": 0.0,
      "actor_grad": 0.0,
      "critic_grad": 74641448.0707183
    },
    {
      "episode": 120,
      "ratio": 0.0,
      "actor_grad": 0.0,
      "critic_grad": 4046412.5949672363
    },
    {
      "episode": 130,
      "ratio": 0.0,
      "actor_grad": 0.0,
      "critic_grad": 30223227.70167053
    },
    {
      "episode": 140,
      "ratio": 0.0,
      "actor_grad": 0.0,
      "critic_grad": 652522.0139467046
    },
    {
      "episode": 150,
      "ratio": 0.0,
      "actor_grad": 0.0,
      "critic_grad": 4607326.603196368
    },
    {
      "episode": 160,
      "ratio": 0.0,
      "actor_grad": 0.0,
      "critic_grad": 56281689.29749593
    },
    {
      "episode": 170,
      "ratio": 0.0,
      "actor_grad": 0.0,
      "critic_grad": 5294687.869546055
    },
    {
      "episode": 180,
      "ratio": 0.0,
      "actor_grad": 0.0,
      "critic_grad": 39071896.31742774
    },
    {
      "episode": 190,
      "ratio": 0.0,
      "actor_grad": 0.0,
      "critic_grad": 24261175.183224108
    },
    {
      "episode": 200,
      "ratio": 0.0,
      "actor_grad": 0.0,
      "critic_grad": 13975724.052058665
    },
    {
      "episode": 210,
      "ratio": 0.0,
      "actor_grad": 0.0,
      "critic_grad": 15478562.325169658
    },
    {
      "episode": 220,
      "ratio": 0.0,
      "actor_grad": 0.0,
      "critic_grad": 13051195.288114587
    },
    {
      "episode": 230,
      "ratio": 0.0,
      "actor_grad": 0.0,
      "critic_grad": 6442317.493371745
    },
    {
      "episode": 240,
      "ratio": 0.0,
      "actor_grad": 0.0,
      "critic_grad": 18068744.23360745
    },
    {
      "episode": 250,
      "ratio": 0.0,
      "actor_grad": 0.0,
      "critic_grad": 3909711.3339185137
    },
    {
      "episode": 260,
      "ratio": 0.0,
      "actor_grad": 0.0,
      "critic_grad": 29318747.156395268
    }
  ],
  "activation_history": [
    {
      "episode": 10,
      "mean_preact": 214.3633575439453,
      "std_preact": 3305.1416015625,
      "min_preact": -14009.9609375,
      "max_preact": 13949.560546875,
      "avg_actor_output_saturation": 0.9428373702422145,
      "actor_activations_sample": {
        "fc3": {
          "min": -1.0,
          "max": 1.0,
          "mean": 0.06382652372121811,
          "saturation": 0.9428373702422145
        }
      }
    },
    {
      "episode": 20,
      "mean_preact": 820.6157836914062,
      "std_preact": 9917.7705078125,
      "min_preact": -28659.880859375,
      "max_preact": 28565.412109375,
      "avg_actor_output_saturation": 1.0,
      "actor_activations_sample": {
        "fc3": {
          "min": -1.0,
          "max": 1.0,
          "mean": 0.06666667014360428,
          "saturation": 1.0
        }
      }
    },
    {
      "episode": 30,
      "mean_preact": 1202.7547607421875,
      "std_preact": 14707.3505859375,
      "min_preact": -37016.8515625,
      "max_preact": 36904.84765625,
      "avg_actor_output_saturation": 1.0,
      "actor_activations_sample": {
        "fc3": {
          "min": -1.0,
          "max": 1.0,
          "mean": 0.06666667014360428,
          "saturation": 1.0
        }
      }
    },
    {
      "episode": 40,
      "mean_preact": 1369.9346923828125,
      "std_preact": 16909.27734375,
      "min_preact": -40226.48828125,
      "max_preact": 40108.58203125,
      "avg_actor_output_saturation": 1.0,
      "actor_activations_sample": {
        "fc3": {
          "min": -1.0,
          "max": 1.0,
          "mean": 0.06666667014360428,
          "saturation": 1.0
        }
      }
    },
    {
      "episode": 50,
      "mean_preact": 1450.8546142578125,
      "std_preact": 17958.541015625,
      "min_preact": -41703.40625,
      "max_preact": 41582.65234375,
      "avg_actor_output_saturation": 1.0,
      "actor_activations_sample": {
        "fc3": {
          "min": -1.0,
          "max": 1.0,
          "mean": 0.06666667014360428,
          "saturation": 1.0
        }
      }
    },
    {
      "episode": 60,
      "mean_preact": 1488.880859375,
      "std_preact": 18364.90234375,
      "min_preact": -42433.51171875,
      "max_preact": 42311.04296875,
      "avg_actor_output_saturation": 1.0,
      "actor_activations_sample": {
        "fc3": {
          "min": -1.0,
          "max": 1.0,
          "mean": 0.06666667014360428,
          "saturation": 1.0
        }
      }
    },
    {
      "episode": 70,
      "mean_preact": 1476.65185546875,
      "std_preact": 18500.71875,
      "min_preact": -42886.50390625,
      "max_preact": 42762.953125,
      "avg_actor_output_saturation": 1.0,
      "actor_activations_sample": {
        "fc3": {
          "min": -1.0,
          "max": 1.0,
          "mean": 0.06666667014360428,
          "saturation": 1.0
        }
      }
    },
    {
      "episode": 80,
      "mean_preact": 1502.9281005859375,
      "std_preact": 18566.59765625,
      "min_preact": -42594.390625,
      "max_preact": 42471.90625,
      "avg_actor_output_saturation": 1.0,
      "actor_activations_sample": {
        "fc3": {
          "min": -1.0,
          "max": 1.0,
          "mean": 0.06666667014360428,
          "saturation": 1.0
        }
      }
    },
    {
      "episode": 90,
      "mean_preact": 1494.4774169921875,
      "std_preact": 18561.587890625,
      "min_preact": -42903.5078125,
      "max_preact": 42780.17578125,
      "avg_actor_output_saturation": 1.0,
      "actor_activations_sample": {
        "fc3": {
          "min": -1.0,
          "max": 1.0,
          "mean": 0.06666667014360428,
          "saturation": 1.0
        }
      }
    },
    {
      "episode": 100,
      "mean_preact": 1506.770751953125,
      "std_preact": 18639.240234375,
      "min_preact": -43239.59375,
      "max_preact": 43115.30078125,
      "avg_actor_output_saturation": 1.0,
      "actor_activations_sample": {
        "fc3": {
          "min": -1.0,
          "max": 1.0,
          "mean": 0.06666667014360428,
          "saturation": 1.0
        }
      }
    },
    {
      "episode": 110,
      "mean_preact": 1484.55712890625,
      "std_preact": 18536.845703125,
      "min_preact": -43251.3046875,
      "max_preact": 43126.984375,
      "avg_actor_output_saturation": 1.0,
      "actor_activations_sample": {
        "fc3": {
          "min": -1.0,
          "max": 1.0,
          "mean": 0.06666667014360428,
          "saturation": 1.0
        }
      }
    },
    {
      "episode": 120,
      "mean_preact": 1488.1031494140625,
      "std_preact": 18635.7265625,
      "min_preact": -43158.84765625,
      "max_preact": 43034.796875,
      "avg_actor_output_saturation": 1.0,
      "actor_activations_sample": {
        "fc3": {
          "min": -1.0,
          "max": 1.0,
          "mean": 0.06666667014360428,
          "saturation": 1.0
        }
      }
    },
    {
      "episode": 130,
      "mean_preact": 1496.68603515625,
      "std_preact": 18609.884765625,
      "min_preact": -42610.5078125,
      "max_preact": 42488.0390625,
      "avg_actor_output_saturation": 1.0,
      "actor_activations_sample": {
        "fc3": {
          "min": -1.0,
          "max": 1.0,
          "mean": 0.06666667014360428,
          "saturation": 1.0
        }
      }
    },
    {
      "episode": 140,
      "mean_preact": 1472.7789306640625,
      "std_preact": 18624.900390625,
      "min_preact": -43254.9453125,
      "max_preact": 43130.625,
      "avg_actor_output_saturation": 1.0,
      "actor_activations_sample": {
        "fc3": {
          "min": -1.0,
          "max": 1.0,
          "mean": 0.06666667014360428,
          "saturation": 1.0
        }
      }
    },
    {
      "episode": 150,
      "mean_preact": 1481.4918212890625,
      "std_preact": 18621.990234375,
      "min_preact": -43255.06640625,
      "max_preact": 43130.7421875,
      "avg_actor_output_saturation": 1.0,
      "actor_activations_sample": {
        "fc3": {
          "min": -1.0,
          "max": 1.0,
          "mean": 0.06666667014360428,
          "saturation": 1.0
        }
      }
    },
    {
      "episode": 160,
      "mean_preact": 1476.8017578125,
      "std_preact": 18630.21875,
      "min_preact": -43115.4453125,
      "max_preact": 42991.5234375,
      "avg_actor_output_saturation": 1.0,
      "actor_activations_sample": {
        "fc3": {
          "min": -1.0,
          "max": 1.0,
          "mean": 0.06666667014360428,
          "saturation": 1.0
        }
      }
    },
    {
      "episode": 170,
      "mean_preact": 1474.1951904296875,
      "std_preact": 18614.623046875,
      "min_preact": -43051.765625,
      "max_preact": 42928.03125,
      "avg_actor_output_saturation": 1.0,
      "actor_activations_sample": {
        "fc3": {
          "min": -1.0,
          "max": 1.0,
          "mean": 0.06666667014360428,
          "saturation": 1.0
        }
      }
    },
    {
      "episode": 180,
      "mean_preact": 1484.9312744140625,
      "std_preact": 18611.63671875,
      "min_preact": -42966.234375,
      "max_preact": 42842.734375,
      "avg_actor_output_saturation": 1.0,
      "actor_activations_sample": {
        "fc3": {
          "min": -1.0,
          "max": 1.0,
          "mean": 0.06666667014360428,
          "saturation": 1.0
        }
      }
    },
    {
      "episode": 190,
      "mean_preact": 1453.67236328125,
      "std_preact": 18638.20703125,
      "min_preact": -42966.234375,
      "max_preact": 42842.734375,
      "avg_actor_output_saturation": 1.0,
      "actor_activations_sample": {
        "fc3": {
          "min": -1.0,
          "max": 1.0,
          "mean": 0.06666667014360428,
          "saturation": 1.0
        }
      }
    },
    {
      "episode": 200,
      "mean_preact": 1444.5654296875,
      "std_preact": 18655.125,
      "min_preact": -42966.234375,
      "max_preact": 42842.734375,
      "avg_actor_output_saturation": 1.0,
      "actor_activations_sample": {
        "fc3": {
          "min": -1.0,
          "max": 1.0,
          "mean": 0.06666667014360428,
          "saturation": 1.0
        }
      }
    },
    {
      "episode": 210,
      "mean_preact": 1475.1881103515625,
      "std_preact": 18612.88671875,
      "min_preact": -42966.234375,
      "max_preact": 42842.734375,
      "avg_actor_output_saturation": 1.0,
      "actor_activations_sample": {
        "fc3": {
          "min": -1.0,
          "max": 1.0,
          "mean": 0.06666667014360428,
          "saturation": 1.0
        }
      }
    },
    {
      "episode": 220,
      "mean_preact": 1459.3184814453125,
      "std_preact": 18619.849609375,
      "min_preact": -42966.234375,
      "max_preact": 42842.734375,
      "avg_actor_output_saturation": 1.0,
      "actor_activations_sample": {
        "fc3": {
          "min": -1.0,
          "max": 1.0,
          "mean": 0.06666667014360428,
          "saturation": 1.0
        }
      }
    },
    {
      "episode": 230,
      "mean_preact": 1472.6416015625,
      "std_preact": 18565.232421875,
      "min_preact": -43255.0703125,
      "max_preact": 43130.7421875,
      "avg_actor_output_saturation": 1.0,
      "actor_activations_sample": {
        "fc3": {
          "min": -1.0,
          "max": 1.0,
          "mean": 0.06666667014360428,
          "saturation": 1.0
        }
      }
    },
    {
      "episode": 240,
      "mean_preact": 1468.95263671875,
      "std_preact": 18629.548828125,
      "min_preact": -43051.76953125,
      "max_preact": 42928.03125,
      "avg_actor_output_saturation": 1.0,
      "actor_activations_sample": {
        "fc3": {
          "min": -1.0,
          "max": 1.0,
          "mean": 0.06666667014360428,
          "saturation": 1.0
        }
      }
    },
    {
      "episode": 250,
      "mean_preact": 1489.3841552734375,
      "std_preact": 18579.888671875,
      "min_preact": -43117.22265625,
      "max_preact": 42993.2890625,
      "avg_actor_output_saturation": 1.0,
      "actor_activations_sample": {
        "fc3": {
          "min": -1.0,
          "max": 1.0,
          "mean": 0.06666667014360428,
          "saturation": 1.0
        }
      }
    },
    {
      "episode": 260,
      "mean_preact": 1467.04443359375,
      "std_preact": 18619.548828125,
      "min_preact": -42966.234375,
      "max_preact": 42842.734375,
      "avg_actor_output_saturation": 1.0,
      "actor_activations_sample": {
        "fc3": {
          "min": -1.0,
          "max": 1.0,
          "mean": 0.06666667014360428,
          "saturation": 1.0
        }
      }
    }
  ]
}