{
  "gradient_history": [
    {
      "episode": 10,
      "actor_grad": 0.0012990585786500808,
      "critic_grad": 3979073.6770037455,
      "actor_per_layer": {
        "fc1": 8.578737722191656e-06,
        "fc2": 6.738278129218687e-05,
        "fc3": 0.001297281448571894
      },
      "critic_per_layer": {
        "fc1": 227489.80509495828,
        "fc2": 225090.59873721484,
        "fc3": 3966183.2960621077
      }
    },
    {
      "episode": 20,
      "actor_grad": 0.0,
      "critic_grad": 9990539.792349957,
      "actor_per_layer": {
        "fc1": 0.0,
        "fc2": 0.0,
        "fc3": 0.0
      },
      "critic_per_layer": {
        "fc1": 542587.3944038689,
        "fc2": 506182.158555077,
        "fc3": 9962944.538856095
      }
    },
    {
      "episode": 30,
      "actor_grad": 0.0,
      "critic_grad": 17472044.210137688,
      "actor_per_layer": {
        "fc1": 0.0,
        "fc2": 0.0,
        "fc3": 0.0
      },
      "critic_per_layer": {
        "fc1": 968894.7229064185,
        "fc2": 858362.7896103943,
        "fc3": 17424028.96055738
      }
    },
    {
      "episode": 40,
      "actor_grad": 0.0,
      "critic_grad": 24245987.9342729,
      "actor_per_layer": {
        "fc1": 0.0,
        "fc2": 0.0,
        "fc3": 0.0
      },
      "critic_per_layer": {
        "fc1": 1387133.6750772607,
        "fc2": 1174148.285969722,
        "fc3": 24177782.505410377
      }
    },
    {
      "episode": 50,
      "actor_grad": 0.0,
      "critic_grad": 43865284.60323768,
      "actor_per_layer": {
        "fc1": 0.0,
        "fc2": 0.0,
        "fc3": 0.0
      },
      "critic_per_layer": {
        "fc1": 2570628.5925478227,
        "fc2": 2097610.793759074,
        "fc3": 43739628.38113879
      }
    },
    {
      "episode": 60,
      "actor_grad": 0.0,
      "critic_grad": 60246101.07341272,
      "actor_per_layer": {
        "fc1": 0.0,
        "fc2": 0.0,
        "fc3": 0.0
      },
      "critic_per_layer": {
        "fc1": 3586316.131662096,
        "fc2": 2844909.042284412,
        "fc3": 60071936.24058383
      }
    },
    {
      "episode": 70,
      "actor_grad": 0.0,
      "critic_grad": 71867399.59050582,
      "actor_per_layer": {
        "fc1": 0.0,
        "fc2": 0.0,
        "fc3": 0.0
      },
      "critic_per_layer": {
        "fc1": 4327806.6578048915,
        "fc2": 3359181.5359589662,
        "fc3": 71658280.14153402
      }
    },
    {
      "episode": 80,
      "actor_grad": 0.0,
      "critic_grad": 84138290.8720503,
      "actor_per_layer": {
        "fc1": 0.0,
        "fc2": 0.0,
        "fc3": 0.0
      },
      "critic_per_layer": {
        "fc1": 5103741.684351652,
        "fc2": 3899650.53085796,
        "fc3": 83892768.08775792
      }
    },
    {
      "episode": 90,
      "actor_grad": 0.0,
      "critic_grad": 93176009.7746985,
      "actor_per_layer": {
        "fc1": 0.0,
        "fc2": 0.0,
        "fc3": 0.0
      },
      "critic_per_layer": {
        "fc1": 5685554.207877387,
        "fc2": 4289527.026779232,
        "fc3": 92903408.05788842
      }
    },
    {
      "episode": 100,
      "actor_grad": 0.0,
      "critic_grad": 68365070.92360263,
      "actor_per_layer": {
        "fc1": 0.0,
        "fc2": 0.0,
        "fc3": 0.0
      },
      "critic_per_layer": {
        "fc1": 4186909.4020892954,
        "fc2": 3130789.5156246824,
        "fc3": 68164880.02671735
      }
    },
    {
      "episode": 110,
      "actor_grad": 0.0,
      "critic_grad": 170355136.75631762,
      "actor_per_layer": {
        "fc1": 0.0,
        "fc2": 0.0,
        "fc3": 0.0
      },
      "critic_per_layer": {
        "fc1": 10459206.383033982,
        "fc2": 7769681.532428832,
        "fc3": 169856144.04544044
      }
    },
    {
      "episode": 120,
      "actor_grad": 0.0,
      "critic_grad": 30140637.771838546,
      "actor_per_layer": {
        "fc1": 0.0,
        "fc2": 0.0,
        "fc3": 0.0
      },
      "critic_per_layer": {
        "fc1": 1858753.9425191307,
        "fc2": 1369776.5047123777,
        "fc3": 30052068.005405016
      }
    },
    {
      "episode": 130,
      "actor_grad": 0.0,
      "critic_grad": 53557333.7892779,
      "actor_per_layer": {
        "fc1": 0.0,
        "fc2": 0.0,
        "fc3": 0.0
      },
      "critic_per_layer": {
        "fc1": 3303293.3731679493,
        "fc2": 2427060.507231715,
        "fc3": 53400240.00696204
      }
    },
    {
      "episode": 140,
      "actor_grad": 0.0,
      "critic_grad": 37312981.30777641,
      "actor_per_layer": {
        "fc1": 0.0,
        "fc2": 0.0,
        "fc3": 0.0
      },
      "critic_per_layer": {
        "fc1": 2345400.0868925336,
        "fc2": 1687435.2544921937,
        "fc3": 37200944.00373158
      }
    },
    {
      "episode": 150,
      "actor_grad": 0.0,
      "critic_grad": 255963901.81659204,
      "actor_per_layer": {
        "fc1": 0.0,
        "fc2": 0.0,
        "fc3": 0.0
      },
      "critic_per_layer": {
        "fc1": 15849059.577437492,
        "fc2": 11552643.02564167,
        "fc3": 255211408.01854235
      }
    },
    {
      "episode": 160,
      "actor_grad": 0.0,
      "critic_grad": 179918853.24903885,
      "actor_per_layer": {
        "fc1": 0.0,
        "fc2": 0.0,
        "fc3": 0.0
      },
      "critic_per_layer": {
        "fc1": 11159575.413497036,
        "fc2": 8108612.016305927,
        "fc3": 179389264.0104437
      }
    },
    {
      "episode": 170,
      "actor_grad": 0.0,
      "critic_grad": 35305903.47013144,
      "actor_per_layer": {
        "fc1": 0.0,
        "fc2": 0.0,
        "fc3": 0.0
      },
      "critic_per_layer": {
        "fc1": 2316884.0812159055,
        "fc2": 1591027.2530948368,
        "fc3": 35193856.00181312
      }
    },
    {
      "episode": 180,
      "actor_grad": 0.0,
      "critic_grad": 65063135.89066124,
      "actor_per_layer": {
        "fc1": 0.0,
        "fc2": 0.0,
        "fc3": 0.0
      },
      "critic_per_layer": {
        "fc1": 4126602.627639821,
        "fc2": 2927333.004364893,
        "fc3": 64866120.00236921
      }
    },
    {
      "episode": 190,
      "actor_grad": 0.0,
      "critic_grad": 79641807.01723251,
      "actor_per_layer": {
        "fc1": 0.0,
        "fc2": 0.0,
        "fc3": 0.0
      },
      "critic_per_layer": {
        "fc1": 4972810.681267536,
        "fc2": 3579999.755672924,
        "fc3": 79405744.00286013
      }
    },
    {
      "episode": 200,
      "actor_grad": 0.0,
      "critic_grad": 155266205.5613372,
      "actor_per_layer": {
        "fc1": 0.0,
        "fc2": 0.0,
        "fc3": 0.0
      },
      "critic_per_layer": {
        "fc1": 9664761.358067213,
        "fc2": 6973911.01043635,
        "fc3": 154808112.00491253
      }
    },
    {
      "episode": 210,
      "actor_grad": 0.0,
      "critic_grad": 79078426.80985038,
      "actor_per_layer": {
        "fc1": 0.0,
        "fc2": 0.0,
        "fc3": 0.0
      },
      "critic_per_layer": {
        "fc1": 4962337.691174128,
        "fc2": 3549585.2552244067,
        "fc3": 78842712.00228661
      }
    },
    {
      "episode": 220,
      "actor_grad": 0.0,
      "critic_grad": 41140059.8106518,
      "actor_per_layer": {
        "fc1": 0.0,
        "fc2": 0.0,
        "fc3": 0.0
      },
      "critic_per_layer": {
        "fc1": 2581301.8454966266,
        "fc2": 1845827.7524780883,
        "fc3": 41017488.00102982
      }
    },
    {
      "episode": 230,
      "actor_grad": 0.0,
      "critic_grad": 56032051.831231385,
      "actor_per_layer": {
        "fc1": 0.0,
        "fc2": 0.0,
        "fc3": 0.0
      },
      "critic_per_layer": {
        "fc1": 3514845.381966992,
        "fc2": 2513012.003289583,
        "fc3": 55865208.0013132
      }
    },
    {
      "episode": 240,
      "actor_grad": 0.0,
      "critic_grad": 761808.1281457696,
      "actor_per_layer": {
        "fc1": 0.0,
        "fc2": 0.0,
        "fc3": 0.0
      },
      "critic_per_layer": {
        "fc1": 562058.1251497859,
        "fc2": 48340.941436389934,
        "fc3": 511962.3437745324
      }
    },
    {
      "episode": 250,
      "actor_grad": 0.0,
      "critic_grad": 62573107.72903127,
      "actor_per_layer": {
        "fc1": 0.0,
        "fc2": 0.0,
        "fc3": 0.0
      },
      "critic_per_layer": {
        "fc1": 3926262.899754891,
        "fc2": 2804720.003482807,
        "fc3": 62386792.00129644
      }
    },
    {
      "episode": 260,
      "actor_grad": 0.0,
      "critic_grad": 55316418.18901787,
      "actor_per_layer": {
        "fc1": 0.0,
        "fc2": 0.0,
        "fc3": 0.0
      },
      "critic_per_layer": {
        "fc1": 3461953.128064687,
        "fc2": 2478694.0028799647,
        "fc3": 55152308.00103906
      }
    },
    {
      "episode": 270,
      "actor_grad": 0.0,
      "critic_grad": 20349848.75708093,
      "actor_per_layer": {
        "fc1": 0.0,
        "fc2": 0.0,
        "fc3": 0.0
      },
      "critic_per_layer": {
        "fc1": 1273721.173082157,
        "fc2": 911625.6260443919,
        "fc3": 20289478.000363875
      }
    },
    {
      "episode": 280,
      "actor_grad": 0.0,
      "critic_grad": 62431050.204955325,
      "actor_per_layer": {
        "fc1": 0.0,
        "fc2": 0.0,
        "fc3": 0.0
      },
      "critic_per_layer": {
        "fc1": 3922447.9109752565,
        "fc2": 2796491.7534359214,
        "fc3": 62244920.001172006
      }
    },
    {
      "episode": 290,
      "actor_grad": 0.0,
      "critic_grad": 6875006.000850115,
      "actor_per_layer": {
        "fc1": 0.0,
        "fc2": 0.0,
        "fc3": 0.0
      },
      "critic_per_layer": {
        "fc1": 456105.13745833765,
        "fc2": 307940.4065248475,
        "fc3": 6852944.500091804
      }
    },
    {
      "episode": 300,
      "actor_grad": 0.0,
      "critic_grad": 154675576.96889046,
      "actor_per_layer": {
        "fc1": 0.0,
        "fc2": 0.0,
        "fc3": 0.0
      },
      "critic_per_layer": {
        "fc1": 9648179.367930375,
        "fc2": 6925965.007639593,
        "fc3": 154218928.0025521
      }
    },
    {
      "episode": 310,
      "actor_grad": 0.0,
      "critic_grad": 112033272.08320694,
      "actor_per_layer": {
        "fc1": 0.0,
        "fc2": 0.0,
        "fc3": 0.0
      },
      "critic_per_layer": {
        "fc1": 6970618.766447332,
        "fc2": 5016286.005457129,
        "fc3": 111703632.0018028
      }
    },
    {
      "episode": 320,
      "actor_grad": 0.0,
      "critic_grad": 48382542.67961595,
      "actor_per_layer": {
        "fc1": 0.0,
        "fc2": 0.0,
        "fc3": 0.0
      },
      "critic_per_layer": {
        "fc1": 3034574.3679571585,
        "fc2": 2166265.002399351,
        "fc3": 48238668.00078104
      }
    },
    {
      "episode": 330,
      "actor_grad": 0.0,
      "critic_grad": 72292587.32928038,
      "actor_per_layer": {
        "fc1": 0.0,
        "fc2": 0.0,
        "fc3": 0.0
      },
      "critic_per_layer": {
        "fc1": 4518285.163703559,
        "fc2": 3236370.0032739947,
        "fc3": 72078632.00105143
      }
    },
    {
      "episode": 340,
      "actor_grad": 0.0,
      "critic_grad": 43710336.96488428,
      "actor_per_layer": {
        "fc1": 0.0,
        "fc2": 0.0,
        "fc3": 0.0
      },
      "critic_per_layer": {
        "fc1": 2726453.6056187865,
        "fc2": 1956491.252074087,
        "fc3": 43581328.00065523
      }
    },
    {
      "episode": 350,
      "actor_grad": 0.0,
      "critic_grad": 13975363.443967024,
      "actor_per_layer": {
        "fc1": 0.0,
        "fc2": 0.0,
        "fc3": 0.0
      },
      "critic_per_layer": {
        "fc1": 878668.0316022548,
        "fc2": 625485.2506164009,
        "fc3": 13933682.000191888
      }
    },
    {
      "episode": 360,
      "actor_grad": 0.0,
      "critic_grad": 53599348.925722755,
      "actor_per_layer": {
        "fc1": 0.0,
        "fc2": 0.0,
        "fc3": 0.0
      },
      "critic_per_layer": {
        "fc1": 3349212.123673559,
        "fc2": 2398813.5023883046,
        "fc3": 53440796.00074062
      }
    },
    {
      "episode": 370,
      "actor_grad": 0.0,
      "critic_grad": 928563.1574518275,
      "actor_per_layer": {
        "fc1": 0.0,
        "fc2": 0.0,
        "fc3": 0.0
      },
      "critic_per_layer": {
        "fc1": 76737.14325388364,
        "fc2": 41622.738346918806,
        "fc3": 924450.3750200139
      }
    }
  ],
  "asymmetry_history": [
    {
      "episode": 10,
      "ratio": 3.2647261249715684e-10,
      "actor_grad": 0.0012990585786500808,
      "critic_grad": 3979073.6770037455
    },
    {
      "episode": 20,
      "ratio": 0.0,
      "actor_grad": 0.0,
      "critic_grad": 9990539.792349957
    },
    {
      "episode": 30,
      "ratio": 0.0,
      "actor_grad": 0.0,
      "critic_grad": 17472044.210137688
    },
    {
      "episode": 40,
      "ratio": 0.0,
      "actor_grad": 0.0,
      "critic_grad": 24245987.9342729
    },
    {
      "episode": 50,
      "ratio": 0.0,
      "actor_grad": 0.0,
      "critic_grad": 43865284.60323768
    },
    {
      "episode": 60,
      "ratio": 0.0,
      "actor_grad": 0.0,
      "critic_grad": 60246101.07341272
    },
    {
      "episode": 70,
      "ratio": 0.0,
      "actor_grad": 0.0,
      "critic_grad": 71867399.59050582
    },
    {
      "episode": 80,
      "ratio": 0.0,
      "actor_grad": 0.0,
      "critic_grad": 84138290.8720503
    },
    {
      "episode": 90,
      "ratio": 0.0,
      "actor_grad": 0.0,
      "critic_grad": 93176009.7746985
    },
    {
      "episode": 100,
      "ratio": 0.0,
      "actor_grad": 0.0,
      "critic_grad": 68365070.92360263
    },
    {
      "episode": 110,
      "ratio": 0.0,
      "actor_grad": 0.0,
      "critic_grad": 170355136.75631762
    },
    {
      "episode": 120,
      "ratio": 0.0,
      "actor_grad": 0.0,
      "critic_grad": 30140637.771838546
    },
    {
      "episode": 130,
      "ratio": 0.0,
      "actor_grad": 0.0,
      "critic_grad": 53557333.7892779
    },
    {
      "episode": 140,
      "ratio": 0.0,
      "actor_grad": 0.0,
      "critic_grad": 37312981.30777641
    },
    {
      "episode": 150,
      "ratio": 0.0,
      "actor_grad": 0.0,
      "critic_grad": 255963901.81659204
    },
    {
      "episode": 160,
      "ratio": 0.0,
      "actor_grad": 0.0,
      "critic_grad": 179918853.24903885
    },
    {
      "episode": 170,
      "ratio": 0.0,
      "actor_grad": 0.0,
      "critic_grad": 35305903.47013144
    },
    {
      "episode": 180,
      "ratio": 0.0,
      "actor_grad": 0.0,
      "critic_grad": 65063135.89066124
    },
    {
      "episode": 190,
      "ratio": 0.0,
      "actor_grad": 0.0,
      "critic_grad": 79641807.01723251
    },
    {
      "episode": 200,
      "ratio": 0.0,
      "actor_grad": 0.0,
      "critic_grad": 155266205.5613372
    },
    {
      "episode": 210,
      "ratio": 0.0,
      "actor_grad": 0.0,
      "critic_grad": 79078426.80985038
    },
    {
      "episode": 220,
      "ratio": 0.0,
      "actor_grad": 0.0,
      "critic_grad": 41140059.8106518
    },
    {
      "episode": 230,
      "ratio": 0.0,
      "actor_grad": 0.0,
      "critic_grad": 56032051.831231385
    },
    {
      "episode": 240,
      "ratio": 0.0,
      "actor_grad": 0.0,
      "critic_grad": 761808.1281457696
    },
    {
      "episode": 250,
      "ratio": 0.0,
      "actor_grad": 0.0,
      "critic_grad": 62573107.72903127
    },
    {
      "episode": 260,
      "ratio": 0.0,
      "actor_grad": 0.0,
      "critic_grad": 55316418.18901787
    },
    {
      "episode": 270,
      "ratio": 0.0,
      "actor_grad": 0.0,
      "critic_grad": 20349848.75708093
    },
    {
      "episode": 280,
      "ratio": 0.0,
      "actor_grad": 0.0,
      "critic_grad": 62431050.204955325
    },
    {
      "episode": 290,
      "ratio": 0.0,
      "actor_grad": 0.0,
      "critic_grad": 6875006.000850115
    },
    {
      "episode": 300,
      "ratio": 0.0,
      "actor_grad": 0.0,
      "critic_grad": 154675576.96889046
    },
    {
      "episode": 310,
      "ratio": 0.0,
      "actor_grad": 0.0,
      "critic_grad": 112033272.08320694
    },
    {
      "episode": 320,
      "ratio": 0.0,
      "actor_grad": 0.0,
      "critic_grad": 48382542.67961595
    },
    {
      "episode": 330,
      "ratio": 0.0,
      "actor_grad": 0.0,
      "critic_grad": 72292587.32928038
    },
    {
      "episode": 340,
      "ratio": 0.0,
      "actor_grad": 0.0,
      "critic_grad": 43710336.96488428
    },
    {
      "episode": 350,
      "ratio": 0.0,
      "actor_grad": 0.0,
      "critic_grad": 13975363.443967024
    },
    {
      "episode": 360,
      "ratio": 0.0,
      "actor_grad": 0.0,
      "critic_grad": 53599348.925722755
    },
    {
      "episode": 370,
      "ratio": 0.0,
      "actor_grad": 0.0,
      "critic_grad": 928563.1574518275
    }
  ],
  "activation_history": [
    {
      "episode": 10,
      "mean_preact": -94.66539764404297,
      "std_preact": 1363.454833984375,
      "min_preact": -11688.0703125,
      "max_preact": 11891.1728515625,
      "avg_actor_output_saturation": 0.9508221453287197,
      "actor_activations_sample": {
        "fc3": {
          "min": -1.0,
          "max": 1.0,
          "mean": -0.006485302001237869,
          "saturation": 0.9508221453287197
        }
      }
    },
    {
      "episode": 20,
      "mean_preact": -610.4685668945312,
      "std_preact": 4381.10107421875,
      "min_preact": -23774.583984375,
      "max_preact": 21691.1015625,
      "avg_actor_output_saturation": 0.9995694704049845,
      "actor_activations_sample": {
        "fc3": {
          "min": -1.0,
          "max": 1.0,
          "mean": -0.040404245257377625,
          "saturation": 0.9995694704049845
        }
      }
    },
    {
      "episode": 30,
      "mean_preact": -1138.5811767578125,
      "std_preact": 6720.4443359375,
      "min_preact": -35753.64453125,
      "max_preact": 26147.091796875,
      "avg_actor_output_saturation": 1.0,
      "actor_activations_sample": {
        "fc3": {
          "min": -1.0,
          "max": 1.0,
          "mean": -0.06666667014360428,
          "saturation": 1.0
        }
      }
    },
    {
      "episode": 40,
      "mean_preact": -1405.328369140625,
      "std_preact": 7948.0751953125,
      "min_preact": -44513.22265625,
      "max_preact": 28784.58203125,
      "avg_actor_output_saturation": 0.9993333333333333,
      "actor_activations_sample": {
        "fc3": {
          "min": -1.0,
          "max": 1.0,
          "mean": -0.0695495754480362,
          "saturation": 0.9993333333333333
        }
      }
    },
    {
      "episode": 50,
      "mean_preact": -1529.2962646484375,
      "std_preact": 9011.2705078125,
      "min_preact": -48135.5625,
      "max_preact": 55100.25,
      "avg_actor_output_saturation": 1.0,
      "actor_activations_sample": {
        "fc3": {
          "min": -1.0,
          "max": 1.0,
          "mean": -0.07999999821186066,
          "saturation": 1.0
        }
      }
    },
    {
      "episode": 60,
      "mean_preact": -1578.3533935546875,
      "std_preact": 9909.6083984375,
      "min_preact": -49712.51171875,
      "max_preact": 70281.578125,
      "avg_actor_output_saturation": 1.0,
      "actor_activations_sample": {
        "fc3": {
          "min": -1.0,
          "max": 1.0,
          "mean": -0.07999999821186066,
          "saturation": 1.0
        }
      }
    },
    {
      "episode": 70,
      "mean_preact": -1600.1558837890625,
      "std_preact": 10233.15625,
      "min_preact": -50141.81640625,
      "max_preact": 75776.28125,
      "avg_actor_output_saturation": 1.0,
      "actor_activations_sample": {
        "fc3": {
          "min": -1.0,
          "max": 1.0,
          "mean": -0.07999999821186066,
          "saturation": 1.0
        }
      }
    },
    {
      "episode": 80,
      "mean_preact": -1612.6297607421875,
      "std_preact": 10480.3271484375,
      "min_preact": -50283.63671875,
      "max_preact": 77403.4140625,
      "avg_actor_output_saturation": 1.0,
      "actor_activations_sample": {
        "fc3": {
          "min": -1.0,
          "max": 1.0,
          "mean": -0.07999999821186066,
          "saturation": 1.0
        }
      }
    },
    {
      "episode": 90,
      "mean_preact": -1615.2266845703125,
      "std_preact": 10506.732421875,
      "min_preact": -50460.91796875,
      "max_preact": 78570.3203125,
      "avg_actor_output_saturation": 1.0,
      "actor_activations_sample": {
        "fc3": {
          "min": -1.0,
          "max": 1.0,
          "mean": -0.07999999821186066,
          "saturation": 1.0
        }
      }
    },
    {
      "episode": 100,
      "mean_preact": -1618.4752197265625,
      "std_preact": 10538.173828125,
      "min_preact": -50476.828125,
      "max_preact": 78710.3828125,
      "avg_actor_output_saturation": 1.0,
      "actor_activations_sample": {
        "fc3": {
          "min": -1.0,
          "max": 1.0,
          "mean": -0.07999999821186066,
          "saturation": 1.0
        }
      }
    },
    {
      "episode": 110,
      "mean_preact": -1617.0755615234375,
      "std_preact": 10523.3759765625,
      "min_preact": -50422.9296875,
      "max_preact": 79002.734375,
      "avg_actor_output_saturation": 1.0,
      "actor_activations_sample": {
        "fc3": {
          "min": -1.0,
          "max": 1.0,
          "mean": -0.07999999821186066,
          "saturation": 1.0
        }
      }
    },
    {
      "episode": 120,
      "mean_preact": -1608.8590087890625,
      "std_preact": 10532.154296875,
      "min_preact": -50499.1171875,
      "max_preact": 78845.65625,
      "avg_actor_output_saturation": 1.0,
      "actor_activations_sample": {
        "fc3": {
          "min": -1.0,
          "max": 1.0,
          "mean": -0.07999999821186066,
          "saturation": 1.0
        }
      }
    },
    {
      "episode": 130,
      "mean_preact": -1607.942138671875,
      "std_preact": 10520.671875,
      "min_preact": -50429.23828125,
      "max_preact": 79060.6953125,
      "avg_actor_output_saturation": 1.0,
      "actor_activations_sample": {
        "fc3": {
          "min": -1.0,
          "max": 1.0,
          "mean": -0.07999999821186066,
          "saturation": 1.0
        }
      }
    },
    {
      "episode": 140,
      "mean_preact": -1609.2010498046875,
      "std_preact": 10500.818359375,
      "min_preact": -50430.59765625,
      "max_preact": 79066.0625,
      "avg_actor_output_saturation": 1.0,
      "actor_activations_sample": {
        "fc3": {
          "min": -1.0,
          "max": 1.0,
          "mean": -0.07999999821186066,
          "saturation": 1.0
        }
      }
    },
    {
      "episode": 150,
      "mean_preact": -1609.2760009765625,
      "std_preact": 10487.1044921875,
      "min_preact": -50587.92578125,
      "max_preact": 79043.3828125,
      "avg_actor_output_saturation": 1.0,
      "actor_activations_sample": {
        "fc3": {
          "min": -1.0,
          "max": 1.0,
          "mean": -0.07999999821186066,
          "saturation": 1.0
        }
      }
    },
    {
      "episode": 160,
      "mean_preact": -1605.9669189453125,
      "std_preact": 10463.3447265625,
      "min_preact": -50588.00390625,
      "max_preact": 79044.2890625,
      "avg_actor_output_saturation": 1.0,
      "actor_activations_sample": {
        "fc3": {
          "min": -1.0,
          "max": 1.0,
          "mean": -0.07999999821186066,
          "saturation": 1.0
        }
      }
    },
    {
      "episode": 170,
      "mean_preact": -1620.4844970703125,
      "std_preact": 10571.1474609375,
      "min_preact": -50588.00390625,
      "max_preact": 79069.4453125,
      "avg_actor_output_saturation": 1.0,
      "actor_activations_sample": {
        "fc3": {
          "min": -1.0,
          "max": 1.0,
          "mean": -0.07999999821186066,
          "saturation": 1.0
        }
      }
    },
    {
      "episode": 180,
      "mean_preact": -1602.571533203125,
      "std_preact": 10528.470703125,
      "min_preact": -50588.00390625,
      "max_preact": 79068.6328125,
      "avg_actor_output_saturation": 1.0,
      "actor_activations_sample": {
        "fc3": {
          "min": -1.0,
          "max": 1.0,
          "mean": -0.07999999821186066,
          "saturation": 1.0
        }
      }
    },
    {
      "episode": 190,
      "mean_preact": -1610.370361328125,
      "std_preact": 10578.7900390625,
      "min_preact": -50588.00390625,
      "max_preact": 79044.6171875,
      "avg_actor_output_saturation": 1.0,
      "actor_activations_sample": {
        "fc3": {
          "min": -1.0,
          "max": 1.0,
          "mean": -0.07999999821186066,
          "saturation": 1.0
        }
      }
    },
    {
      "episode": 200,
      "mean_preact": -1602.44140625,
      "std_preact": 10516.4140625,
      "min_preact": -50588.00390625,
      "max_preact": 79069.5546875,
      "avg_actor_output_saturation": 1.0,
      "actor_activations_sample": {
        "fc3": {
          "min": -1.0,
          "max": 1.0,
          "mean": -0.07999999821186066,
          "saturation": 1.0
        }
      }
    },
    {
      "episode": 210,
      "mean_preact": -1607.9029541015625,
      "std_preact": 10496.8740234375,
      "min_preact": -50260.12109375,
      "max_preact": 79044.6171875,
      "avg_actor_output_saturation": 1.0,
      "actor_activations_sample": {
        "fc3": {
          "min": -1.0,
          "max": 1.0,
          "mean": -0.07999999821186066,
          "saturation": 1.0
        }
      }
    },
    {
      "episode": 220,
      "mean_preact": -1598.056640625,
      "std_preact": 10473.8896484375,
      "min_preact": -50501.28515625,
      "max_preact": 79044.6171875,
      "avg_actor_output_saturation": 1.0,
      "actor_activations_sample": {
        "fc3": {
          "min": -1.0,
          "max": 1.0,
          "mean": -0.07999999821186066,
          "saturation": 1.0
        }
      }
    },
    {
      "episode": 230,
      "mean_preact": -1616.29833984375,
      "std_preact": 10516.306640625,
      "min_preact": -50502.68359375,
      "max_preact": 79044.6171875,
      "avg_actor_output_saturation": 1.0,
      "actor_activations_sample": {
        "fc3": {
          "min": -1.0,
          "max": 1.0,
          "mean": -0.07999999821186066,
          "saturation": 1.0
        }
      }
    },
    {
      "episode": 240,
      "mean_preact": -1604.0076904296875,
      "std_preact": 10551.7119140625,
      "min_preact": -50269.7734375,
      "max_preact": 79044.6171875,
      "avg_actor_output_saturation": 1.0,
      "actor_activations_sample": {
        "fc3": {
          "min": -1.0,
          "max": 1.0,
          "mean": -0.07999999821186066,
          "saturation": 1.0
        }
      }
    },
    {
      "episode": 250,
      "mean_preact": -1610.0325927734375,
      "std_preact": 10538.916015625,
      "min_preact": -50588.00390625,
      "max_preact": 79044.6171875,
      "avg_actor_output_saturation": 1.0,
      "actor_activations_sample": {
        "fc3": {
          "min": -1.0,
          "max": 1.0,
          "mean": -0.07999999821186066,
          "saturation": 1.0
        }
      }
    },
    {
      "episode": 260,
      "mean_preact": -1611.3568115234375,
      "std_preact": 10558.466796875,
      "min_preact": -50502.68359375,
      "max_preact": 79044.6171875,
      "avg_actor_output_saturation": 1.0,
      "actor_activations_sample": {
        "fc3": {
          "min": -1.0,
          "max": 1.0,
          "mean": -0.07999999821186066,
          "saturation": 1.0
        }
      }
    },
    {
      "episode": 270,
      "mean_preact": -1606.827880859375,
      "std_preact": 10533.83984375,
      "min_preact": -50431.0,
      "max_preact": 79044.6171875,
      "avg_actor_output_saturation": 1.0,
      "actor_activations_sample": {
        "fc3": {
          "min": -1.0,
          "max": 1.0,
          "mean": -0.07999999821186066,
          "saturation": 1.0
        }
      }
    },
    {
      "episode": 280,
      "mean_preact": -1614.158447265625,
      "std_preact": 10566.123046875,
      "min_preact": -50501.28515625,
      "max_preact": 79050.34375,
      "avg_actor_output_saturation": 1.0,
      "actor_activations_sample": {
        "fc3": {
          "min": -1.0,
          "max": 1.0,
          "mean": -0.07999999821186066,
          "saturation": 1.0
        }
      }
    },
    {
      "episode": 290,
      "mean_preact": -1612.3128662109375,
      "std_preact": 10493.966796875,
      "min_preact": -50263.94921875,
      "max_preact": 79068.2421875,
      "avg_actor_output_saturation": 1.0,
      "actor_activations_sample": {
        "fc3": {
          "min": -1.0,
          "max": 1.0,
          "mean": -0.07999999821186066,
          "saturation": 1.0
        }
      }
    },
    {
      "episode": 300,
      "mean_preact": -1608.8909912109375,
      "std_preact": 10556.0927734375,
      "min_preact": -50588.00390625,
      "max_preact": 79068.2421875,
      "avg_actor_output_saturation": 1.0,
      "actor_activations_sample": {
        "fc3": {
          "min": -1.0,
          "max": 1.0,
          "mean": -0.07999999821186066,
          "saturation": 1.0
        }
      }
    },
    {
      "episode": 310,
      "mean_preact": -1600.7333984375,
      "std_preact": 10486.8447265625,
      "min_preact": -50396.27734375,
      "max_preact": 79069.5546875,
      "avg_actor_output_saturation": 1.0,
      "actor_activations_sample": {
        "fc3": {
          "min": -1.0,
          "max": 1.0,
          "mean": -0.07999999821186066,
          "saturation": 1.0
        }
      }
    },
    {
      "episode": 320,
      "mean_preact": -1605.987060546875,
      "std_preact": 10558.869140625,
      "min_preact": -50588.00390625,
      "max_preact": 79208.71875,
      "avg_actor_output_saturation": 1.0,
      "actor_activations_sample": {
        "fc3": {
          "min": -1.0,
          "max": 1.0,
          "mean": -0.07999999821186066,
          "saturation": 1.0
        }
      }
    },
    {
      "episode": 330,
      "mean_preact": -1601.793701171875,
      "std_preact": 10516.2890625,
      "min_preact": -50408.44140625,
      "max_preact": 79068.2421875,
      "avg_actor_output_saturation": 1.0,
      "actor_activations_sample": {
        "fc3": {
          "min": -1.0,
          "max": 1.0,
          "mean": -0.07999999821186066,
          "saturation": 1.0
        }
      }
    },
    {
      "episode": 340,
      "mean_preact": -1607.2447509765625,
      "std_preact": 10506.4072265625,
      "min_preact": -50273.48046875,
      "max_preact": 79068.2421875,
      "avg_actor_output_saturation": 1.0,
      "actor_activations_sample": {
        "fc3": {
          "min": -1.0,
          "max": 1.0,
          "mean": -0.07999999821186066,
          "saturation": 1.0
        }
      }
    },
    {
      "episode": 350,
      "mean_preact": -1611.311767578125,
      "std_preact": 10466.15234375,
      "min_preact": -50458.29296875,
      "max_preact": 79044.6171875,
      "avg_actor_output_saturation": 1.0,
      "actor_activations_sample": {
        "fc3": {
          "min": -1.0,
          "max": 1.0,
          "mean": -0.07999999821186066,
          "saturation": 1.0
        }
      }
    },
    {
      "episode": 360,
      "mean_preact": -1602.134521484375,
      "std_preact": 10535.18359375,
      "min_preact": -50269.68359375,
      "max_preact": 79068.2421875,
      "avg_actor_output_saturation": 1.0,
      "actor_activations_sample": {
        "fc3": {
          "min": -1.0,
          "max": 1.0,
          "mean": -0.07999999821186066,
          "saturation": 1.0
        }
      }
    },
    {
      "episode": 370,
      "mean_preact": -1603.018310546875,
      "std_preact": 10545.2734375,
      "min_preact": -50501.28515625,
      "max_preact": 79208.71875,
      "avg_actor_output_saturation": 1.0,
      "actor_activations_sample": {
        "fc3": {
          "min": -1.0,
          "max": 1.0,
          "mean": -0.07999999821186066,
          "saturation": 1.0
        }
      }
    }
  ]
}