{
  "gradient_history": [
    {
      "episode": 10,
      "actor_grad": 34.27814538486885,
      "critic_grad": 132233757.61223893,
      "actor_per_layer": {
        "fc1": 0.7910770876144598,
        "fc2": 2.0316921029745334,
        "fc3": 34.20873682652384
      },
      "critic_per_layer": {
        "fc1": 8741372.278033406,
        "fc2": 9956940.009684917,
        "fc3": 131568288.00509916
      }
    },
    {
      "episode": 20,
      "actor_grad": 0.0005894953161131428,
      "critic_grad": 1107071.9007429837,
      "actor_per_layer": {
        "fc1": 4.980395297641572e-05,
        "fc2": 0.00011781548184478857,
        "fc3": 0.0005754509590094862
      },
      "critic_per_layer": {
        "fc1": 904392.6252421077,
        "fc2": 85665.38296871228,
        "fc3": 632727.1252152822
      }
    },
    {
      "episode": 30,
      "actor_grad": 8.949621352748283e-07,
      "critic_grad": 72095547.47564843,
      "actor_per_layer": {
        "fc1": 1.0344309612802483e-07,
        "fc2": 2.3200483894772162e-07,
        "fc3": 8.58155291391931e-07
      },
      "critic_per_layer": {
        "fc1": 4663075.171321669,
        "fc2": 5395500.511588543,
        "fc3": 71741984.0120799
      }
    },
    {
      "episode": 40,
      "actor_grad": 0.0,
      "critic_grad": 71031285.55765457,
      "actor_per_layer": {
        "fc1": 0.0,
        "fc2": 0.0,
        "fc3": 0.0
      },
      "critic_per_layer": {
        "fc1": 4809470.160697072,
        "fc2": 5354723.505638175,
        "fc3": 70665688.00290985
      }
    },
    {
      "episode": 50,
      "actor_grad": 0.0,
      "critic_grad": 33984300.43957299,
      "actor_per_layer": {
        "fc1": 0.0,
        "fc2": 0.0,
        "fc3": 0.0
      },
      "critic_per_layer": {
        "fc1": 2276362.3330026204,
        "fc2": 2553600.505998392,
        "fc3": 33811684.00644683
      }
    },
    {
      "episode": 60,
      "actor_grad": 0.0,
      "critic_grad": 59098750.89672645,
      "actor_per_layer": {
        "fc1": 0.0,
        "fc2": 0.0,
        "fc3": 0.0
      },
      "critic_per_layer": {
        "fc1": 3961086.141670062,
        "fc2": 4439272.50526269,
        "fc3": 58798512.00290373
      }
    },
    {
      "episode": 70,
      "actor_grad": 0.0,
      "critic_grad": 1288626.9367887047,
      "actor_per_layer": {
        "fc1": 0.0,
        "fc2": 0.0,
        "fc3": 0.0
      },
      "critic_per_layer": {
        "fc1": 97372.29932978413,
        "fc2": 96981.15637177516,
        "fc3": 1281277.750079765
      }
    },
    {
      "episode": 80,
      "actor_grad": 0.0,
      "critic_grad": 106194297.91012119,
      "actor_per_layer": {
        "fc1": 0.0,
        "fc2": 0.0,
        "fc3": 0.0
      },
      "critic_per_layer": {
        "fc1": 7329527.247238917,
        "fc2": 7951462.508927888,
        "fc3": 105642232.00465174
      }
    },
    {
      "episode": 90,
      "actor_grad": 0.0,
      "critic_grad": 30990469.95041725,
      "actor_per_layer": {
        "fc1": 0.0,
        "fc2": 0.0,
        "fc3": 0.0
      },
      "critic_per_layer": {
        "fc1": 2184826.5795193985,
        "fc2": 2307687.004553458,
        "fc3": 30827104.003687326
      }
    },
    {
      "episode": 100,
      "actor_grad": 0.0,
      "critic_grad": 6625403.66551584,
      "actor_per_layer": {
        "fc1": 0.0,
        "fc2": 0.0,
        "fc3": 0.0
      },
      "critic_per_layer": {
        "fc1": 447513.1114765398,
        "fc2": 499500.8756616622,
        "fc3": 6591373.500363983
      }
    },
    {
      "episode": 110,
      "actor_grad": 0.0,
      "critic_grad": 8611782.820492322,
      "actor_per_layer": {
        "fc1": 0.0,
        "fc2": 0.0,
        "fc3": 0.0
      },
      "critic_per_layer": {
        "fc1": 599897.9592581636,
        "fc2": 651218.563320115,
        "fc3": 8566145.000441672
      }
    },
    {
      "episode": 120,
      "actor_grad": 0.0,
      "critic_grad": 12588205.63268087,
      "actor_per_layer": {
        "fc1": 0.0,
        "fc2": 0.0,
        "fc3": 0.0
      },
      "critic_per_layer": {
        "fc1": 925502.9127779955,
        "fc2": 951599.0017810989,
        "fc3": 12518020.00113864
      }
    },
    {
      "episode": 130,
      "actor_grad": 0.0,
      "critic_grad": 507150.1503420244,
      "actor_per_layer": {
        "fc1": 0.0,
        "fc2": 0.0,
        "fc3": 0.0
      },
      "critic_per_layer": {
        "fc1": 316963.34378855716,
        "fc2": 41862.65235584695,
        "fc3": 393678.8437597941
      }
    },
    {
      "episode": 140,
      "actor_grad": 0.0,
      "critic_grad": 29543779.15025696,
      "actor_per_layer": {
        "fc1": 0.0,
        "fc2": 0.0,
        "fc3": 0.0
      },
      "critic_per_layer": {
        "fc1": 2088195.9506328139,
        "fc2": 2205523.0025219196,
        "fc3": 29387242.001185913
      }
    },
    {
      "episode": 150,
      "actor_grad": 0.0,
      "critic_grad": 11251174.877395619,
      "actor_per_layer": {
        "fc1": 0.0,
        "fc2": 0.0,
        "fc3": 0.0
      },
      "critic_per_layer": {
        "fc1": 983806.3355090905,
        "fc2": 838782.4386233476,
        "fc3": 11176650.000631116
      }
    },
    {
      "episode": 160,
      "actor_grad": 0.0,
      "critic_grad": 8519632.325871969,
      "actor_per_layer": {
        "fc1": 0.0,
        "fc2": 0.0,
        "fc3": 0.0
      },
      "critic_per_layer": {
        "fc1": 689388.9567897612,
        "fc2": 640193.2506975968,
        "fc3": 8467528.000311553
      }
    },
    {
      "episode": 170,
      "actor_grad": 0.0,
      "critic_grad": 1027474.1700790668,
      "actor_per_layer": {
        "fc1": 0.0,
        "fc2": 0.0,
        "fc3": 0.0
      },
      "critic_per_layer": {
        "fc1": 227125.1570749225,
        "fc2": 77799.55477771189,
        "fc3": 999031.8125464016
      }
    },
    {
      "episode": 180,
      "actor_grad": 0.0,
      "critic_grad": 3000653.350476121,
      "actor_per_layer": {
        "fc1": 0.0,
        "fc2": 0.0,
        "fc3": 0.0
      },
      "critic_per_layer": {
        "fc1": 365011.6895448622,
        "fc2": 225285.82824130592,
        "fc3": 2969837.2500547576
      }
    },
    {
      "episode": 190,
      "actor_grad": 0.0,
      "critic_grad": 23082317.00347916,
      "actor_per_layer": {
        "fc1": 0.0,
        "fc2": 0.0,
        "fc3": 0.0
      },
      "critic_per_layer": {
        "fc1": 1801437.9315662468,
        "fc2": 1733105.7517965485,
        "fc3": 22946558.0007309
      }
    },
    {
      "episode": 200,
      "actor_grad": 0.0,
      "critic_grad": 24480183.570345476,
      "actor_per_layer": {
        "fc1": 0.0,
        "fc2": 0.0,
        "fc3": 0.0
      },
      "critic_per_layer": {
        "fc1": 1838860.814379058,
        "fc2": 1840200.5023288075,
        "fc3": 24341562.001120277
      }
    },
    {
      "episode": 210,
      "actor_grad": 0.0,
      "critic_grad": 75327611.50728934,
      "actor_per_layer": {
        "fc1": 0.0,
        "fc2": 0.0,
        "fc3": 0.0
      },
      "critic_per_layer": {
        "fc1": 5663164.195144845,
        "fc2": 5729043.0050430875,
        "fc3": 74895632.00172827
      }
    },
    {
      "episode": 220,
      "actor_grad": 0.0,
      "critic_grad": 36908597.28071735,
      "actor_per_layer": {
        "fc1": 0.0,
        "fc2": 0.0,
        "fc3": 0.0
      },
      "critic_per_layer": {
        "fc1": 2823103.603135644,
        "fc2": 2757259.7557341186,
        "fc3": 36697032.00417641
      }
    },
    {
      "episode": 230,
      "actor_grad": 0.0,
      "critic_grad": 121701280.18951567,
      "actor_per_layer": {
        "fc1": 0.0,
        "fc2": 0.0,
        "fc3": 0.0
      },
      "critic_per_layer": {
        "fc1": 8871123.315202571,
        "fc2": 9483183.007768022,
        "fc3": 121006504.00261404
      }
    },
    {
      "episode": 240,
      "actor_grad": 0.0,
      "critic_grad": 8998377.680839857,
      "actor_per_layer": {
        "fc1": 0.0,
        "fc2": 0.0,
        "fc3": 0.0
      },
      "critic_per_layer": {
        "fc1": 725869.3331375847,
        "fc2": 705259.3758376043,
        "fc3": 8941282.000420323
      }
    },
    {
      "episode": 250,
      "actor_grad": 0.0,
      "critic_grad": 16882704.059368007,
      "actor_per_layer": {
        "fc1": 0.0,
        "fc2": 0.0,
        "fc3": 0.0
      },
      "critic_per_layer": {
        "fc1": 1220203.4134226802,
        "fc2": 1332112.6261246712,
        "fc3": 16785776.000453234
      }
    },
    {
      "episode": 260,
      "actor_grad": 0.0,
      "critic_grad": 8173424.7270250805,
      "actor_per_layer": {
        "fc1": 0.0,
        "fc2": 0.0,
        "fc3": 0.0
      },
      "critic_per_layer": {
        "fc1": 671641.2105594996,
        "fc2": 646922.8131529355,
        "fc3": 8120053.00022392
      }
    },
    {
      "episode": 270,
      "actor_grad": 0.0,
      "critic_grad": 10778723.233467339,
      "actor_per_layer": {
        "fc1": 0.0,
        "fc2": 0.0,
        "fc3": 0.0
      },
      "critic_per_layer": {
        "fc1": 989281.9673814869,
        "fc2": 852708.0633488018,
        "fc3": 10699303.000261389
      }
    },
    {
      "episode": 280,
      "actor_grad": 0.0,
      "critic_grad": 67391168.05496179,
      "actor_per_layer": {
        "fc1": 0.0,
        "fc2": 0.0,
        "fc3": 0.0
      },
      "critic_per_layer": {
        "fc1": 4821295.169036951,
        "fc2": 5341874.003851852,
        "fc3": 67005888.00122042
      }
    },
    {
      "episode": 290,
      "actor_grad": 0.0,
      "critic_grad": 5213838.934488255,
      "actor_per_layer": {
        "fc1": 0.0,
        "fc2": 0.0,
        "fc3": 0.0
      },
      "critic_per_layer": {
        "fc1": 419365.3879131282,
        "fc2": 413421.7191693588,
        "fc3": 5180476.000168821
      }
    },
    {
      "episode": 300,
      "actor_grad": 0.0,
      "critic_grad": 31464314.969156872,
      "actor_per_layer": {
        "fc1": 0.0,
        "fc2": 0.0,
        "fc3": 0.0
      },
      "critic_per_layer": {
        "fc1": 2365681.085347627,
        "fc2": 2500529.2518999944,
        "fc3": 31275454.00055977
      }
    },
    {
      "episode": 310,
      "actor_grad": 0.0,
      "critic_grad": 23566205.615139566,
      "actor_per_layer": {
        "fc1": 0.0,
        "fc2": 0.0,
        "fc3": 0.0
      },
      "critic_per_layer": {
        "fc1": 1714542.9417445282,
        "fc2": 1873959.0016714493,
        "fc3": 23428928.000572372
      }
    },
    {
      "episode": 320,
      "actor_grad": 0.0,
      "critic_grad": 20808162.73917802,
      "actor_per_layer": {
        "fc1": 0.0,
        "fc2": 0.0,
        "fc3": 0.0
      },
      "critic_per_layer": {
        "fc1": 1518935.6713596624,
        "fc2": 1658599.6258923574,
        "fc3": 20686264.000234004
      }
    },
    {
      "episode": 330,
      "actor_grad": 0.0,
      "critic_grad": 33663355.93931223,
      "actor_per_layer": {
        "fc1": 0.0,
        "fc2": 0.0,
        "fc3": 0.0
      },
      "critic_per_layer": {
        "fc1": 2442259.0949653415,
        "fc2": 2685864.7521594916,
        "fc3": 33467044.000673175
      }
    }
  ],
  "asymmetry_history": [
    {
      "episode": 10,
      "ratio": 2.5922386237700187e-07,
      "actor_grad": 34.27814538486885,
      "critic_grad": 132233757.61223893
    },
    {
      "episode": 20,
      "ratio": 5.324815088500736e-10,
      "actor_grad": 0.0005894953161131428,
      "critic_grad": 1107071.9007429837
    },
    {
      "episode": 30,
      "ratio": 1.2413556268188653e-14,
      "actor_grad": 8.949621352748283e-07,
      "critic_grad": 72095547.47564843
    },
    {
      "episode": 40,
      "ratio": 0.0,
      "actor_grad": 0.0,
      "critic_grad": 71031285.55765457
    },
    {
      "episode": 50,
      "ratio": 0.0,
      "actor_grad": 0.0,
      "critic_grad": 33984300.43957299
    },
    {
      "episode": 60,
      "ratio": 0.0,
      "actor_grad": 0.0,
      "critic_grad": 59098750.89672645
    },
    {
      "episode": 70,
      "ratio": 0.0,
      "actor_grad": 0.0,
      "critic_grad": 1288626.9367887047
    },
    {
      "episode": 80,
      "ratio": 0.0,
      "actor_grad": 0.0,
      "critic_grad": 106194297.91012119
    },
    {
      "episode": 90,
      "ratio": 0.0,
      "actor_grad": 0.0,
      "critic_grad": 30990469.95041725
    },
    {
      "episode": 100,
      "ratio": 0.0,
      "actor_grad": 0.0,
      "critic_grad": 6625403.66551584
    },
    {
      "episode": 110,
      "ratio": 0.0,
      "actor_grad": 0.0,
      "critic_grad": 8611782.820492322
    },
    {
      "episode": 120,
      "ratio": 0.0,
      "actor_grad": 0.0,
      "critic_grad": 12588205.63268087
    },
    {
      "episode": 130,
      "ratio": 0.0,
      "actor_grad": 0.0,
      "critic_grad": 507150.1503420244
    },
    {
      "episode": 140,
      "ratio": 0.0,
      "actor_grad": 0.0,
      "critic_grad": 29543779.15025696
    },
    {
      "episode": 150,
      "ratio": 0.0,
      "actor_grad": 0.0,
      "critic_grad": 11251174.877395619
    },
    {
      "episode": 160,
      "ratio": 0.0,
      "actor_grad": 0.0,
      "critic_grad": 8519632.325871969
    },
    {
      "episode": 170,
      "ratio": 0.0,
      "actor_grad": 0.0,
      "critic_grad": 1027474.1700790668
    },
    {
      "episode": 180,
      "ratio": 0.0,
      "actor_grad": 0.0,
      "critic_grad": 3000653.350476121
    },
    {
      "episode": 190,
      "ratio": 0.0,
      "actor_grad": 0.0,
      "critic_grad": 23082317.00347916
    },
    {
      "episode": 200,
      "ratio": 0.0,
      "actor_grad": 0.0,
      "critic_grad": 24480183.570345476
    },
    {
      "episode": 210,
      "ratio": 0.0,
      "actor_grad": 0.0,
      "critic_grad": 75327611.50728934
    },
    {
      "episode": 220,
      "ratio": 0.0,
      "actor_grad": 0.0,
      "critic_grad": 36908597.28071735
    },
    {
      "episode": 230,
      "ratio": 0.0,
      "actor_grad": 0.0,
      "critic_grad": 121701280.18951567
    },
    {
      "episode": 240,
      "ratio": 0.0,
      "actor_grad": 0.0,
      "critic_grad": 8998377.680839857
    },
    {
      "episode": 250,
      "ratio": 0.0,
      "actor_grad": 0.0,
      "critic_grad": 16882704.059368007
    },
    {
      "episode": 260,
      "ratio": 0.0,
      "actor_grad": 0.0,
      "critic_grad": 8173424.7270250805
    },
    {
      "episode": 270,
      "ratio": 0.0,
      "actor_grad": 0.0,
      "critic_grad": 10778723.233467339
    },
    {
      "episode": 280,
      "ratio": 0.0,
      "actor_grad": 0.0,
      "critic_grad": 67391168.05496179
    },
    {
      "episode": 290,
      "ratio": 0.0,
      "actor_grad": 0.0,
      "critic_grad": 5213838.934488255
    },
    {
      "episode": 300,
      "ratio": 0.0,
      "actor_grad": 0.0,
      "critic_grad": 31464314.969156872
    },
    {
      "episode": 310,
      "ratio": 0.0,
      "actor_grad": 0.0,
      "critic_grad": 23566205.615139566
    },
    {
      "episode": 320,
      "ratio": 0.0,
      "actor_grad": 0.0,
      "critic_grad": 20808162.73917802
    },
    {
      "episode": 330,
      "ratio": 0.0,
      "actor_grad": 0.0,
      "critic_grad": 33663355.93931223
    }
  ],
  "activation_history": [
    {
      "episode": 10,
      "mean_preact": 0.4499169886112213,
      "std_preact": 31.384273529052734,
      "min_preact": -114.91771697998047,
      "max_preact": 111.71448516845703,
      "avg_actor_output_saturation": 0.9395091118800462,
      "actor_activations_sample": {
        "fc3": {
          "min": -1.0,
          "max": 1.0,
          "mean": 0.020631125196814537,
          "saturation": 0.9395091118800462
        }
      }
    },
    {
      "episode": 20,
      "mean_preact": 1.0416370630264282,
      "std_preact": 71.3677978515625,
      "min_preact": -183.90643310546875,
      "max_preact": 180.25619506835938,
      "avg_actor_output_saturation": 0.9974971962616822,
      "actor_activations_sample": {
        "fc3": {
          "min": -1.0,
          "max": 1.0,
          "mean": 0.047461774200201035,
          "saturation": 0.9974971962616822
        }
      }
    },
    {
      "episode": 30,
      "mean_preact": 1.7252644300460815,
      "std_preact": 94.1579818725586,
      "min_preact": -216.32003784179688,
      "max_preact": 215.8881378173828,
      "avg_actor_output_saturation": 1.0,
      "actor_activations_sample": {
        "fc3": {
          "min": -1.0,
          "max": 1.0,
          "mean": 0.05333332717418671,
          "saturation": 1.0
        }
      }
    },
    {
      "episode": 40,
      "mean_preact": 1.9304986000061035,
      "std_preact": 103.48068237304688,
      "min_preact": -229.4182586669922,
      "max_preact": 228.97581481933594,
      "avg_actor_output_saturation": 1.0,
      "actor_activations_sample": {
        "fc3": {
          "min": -1.0,
          "max": 1.0,
          "mean": 0.0533333346247673,
          "saturation": 1.0
        }
      }
    },
    {
      "episode": 50,
      "mean_preact": 2.086639642715454,
      "std_preact": 107.84903717041016,
      "min_preact": -235.05003356933594,
      "max_preact": 234.56076049804688,
      "avg_actor_output_saturation": 1.0,
      "actor_activations_sample": {
        "fc3": {
          "min": -1.0,
          "max": 1.0,
          "mean": 0.0533333346247673,
          "saturation": 1.0
        }
      }
    },
    {
      "episode": 60,
      "mean_preact": 2.0118558406829834,
      "std_preact": 108.80323791503906,
      "min_preact": -237.14971923828125,
      "max_preact": 236.657470703125,
      "avg_actor_output_saturation": 1.0,
      "actor_activations_sample": {
        "fc3": {
          "min": -1.0,
          "max": 1.0,
          "mean": 0.0533333346247673,
          "saturation": 1.0
        }
      }
    },
    {
      "episode": 70,
      "mean_preact": 1.7284117937088013,
      "std_preact": 109.77021789550781,
      "min_preact": -238.0471954345703,
      "max_preact": 237.5574188232422,
      "avg_actor_output_saturation": 1.0,
      "actor_activations_sample": {
        "fc3": {
          "min": -1.0,
          "max": 1.0,
          "mean": 0.0533333346247673,
          "saturation": 1.0
        }
      }
    },
    {
      "episode": 80,
      "mean_preact": 1.8605644702911377,
      "std_preact": 109.94233703613281,
      "min_preact": -238.28150939941406,
      "max_preact": 237.82223510742188,
      "avg_actor_output_saturation": 1.0,
      "actor_activations_sample": {
        "fc3": {
          "min": -1.0,
          "max": 1.0,
          "mean": 0.0533333346247673,
          "saturation": 1.0
        }
      }
    },
    {
      "episode": 90,
      "mean_preact": 1.9513919353485107,
      "std_preact": 110.14478302001953,
      "min_preact": -238.39279174804688,
      "max_preact": 237.9027099609375,
      "avg_actor_output_saturation": 1.0,
      "actor_activations_sample": {
        "fc3": {
          "min": -1.0,
          "max": 1.0,
          "mean": 0.0533333346247673,
          "saturation": 1.0
        }
      }
    },
    {
      "episode": 100,
      "mean_preact": 1.83365797996521,
      "std_preact": 110.30818176269531,
      "min_preact": -237.85838317871094,
      "max_preact": 237.40919494628906,
      "avg_actor_output_saturation": 1.0,
      "actor_activations_sample": {
        "fc3": {
          "min": -1.0,
          "max": 1.0,
          "mean": 0.0533333346247673,
          "saturation": 1.0
        }
      }
    },
    {
      "episode": 110,
      "mean_preact": 1.7855509519577026,
      "std_preact": 109.98833465576172,
      "min_preact": -238.58448791503906,
      "max_preact": 238.12496948242188,
      "avg_actor_output_saturation": 1.0,
      "actor_activations_sample": {
        "fc3": {
          "min": -1.0,
          "max": 1.0,
          "mean": 0.0533333346247673,
          "saturation": 1.0
        }
      }
    },
    {
      "episode": 120,
      "mean_preact": 1.9509719610214233,
      "std_preact": 109.97808074951172,
      "min_preact": -238.5005645751953,
      "max_preact": 238.0103759765625,
      "avg_actor_output_saturation": 1.0,
      "actor_activations_sample": {
        "fc3": {
          "min": -1.0,
          "max": 1.0,
          "mean": 0.0533333346247673,
          "saturation": 1.0
        }
      }
    },
    {
      "episode": 130,
      "mean_preact": 1.916081428527832,
      "std_preact": 109.8890380859375,
      "min_preact": -238.50540161132812,
      "max_preact": 238.0152130126953,
      "avg_actor_output_saturation": 1.0,
      "actor_activations_sample": {
        "fc3": {
          "min": -1.0,
          "max": 1.0,
          "mean": 0.0533333346247673,
          "saturation": 1.0
        }
      }
    },
    {
      "episode": 140,
      "mean_preact": 1.9451719522476196,
      "std_preact": 109.98934936523438,
      "min_preact": -238.177978515625,
      "max_preact": 237.755859375,
      "avg_actor_output_saturation": 1.0,
      "actor_activations_sample": {
        "fc3": {
          "min": -1.0,
          "max": 1.0,
          "mean": 0.0533333346247673,
          "saturation": 1.0
        }
      }
    },
    {
      "episode": 150,
      "mean_preact": 1.8978689908981323,
      "std_preact": 110.17314910888672,
      "min_preact": -238.29672241210938,
      "max_preact": 237.8046112060547,
      "avg_actor_output_saturation": 1.0,
      "actor_activations_sample": {
        "fc3": {
          "min": -1.0,
          "max": 1.0,
          "mean": 0.0533333346247673,
          "saturation": 1.0
        }
      }
    },
    {
      "episode": 160,
      "mean_preact": 1.9088284969329834,
      "std_preact": 110.03471374511719,
      "min_preact": -238.5072784423828,
      "max_preact": 238.01708984375,
      "avg_actor_output_saturation": 1.0,
      "actor_activations_sample": {
        "fc3": {
          "min": -1.0,
          "max": 1.0,
          "mean": 0.0533333346247673,
          "saturation": 1.0
        }
      }
    },
    {
      "episode": 170,
      "mean_preact": 1.9597059488296509,
      "std_preact": 110.05256652832031,
      "min_preact": -238.29681396484375,
      "max_preact": 237.80470275878906,
      "avg_actor_output_saturation": 1.0,
      "actor_activations_sample": {
        "fc3": {
          "min": -1.0,
          "max": 1.0,
          "mean": 0.0533333346247673,
          "saturation": 1.0
        }
      }
    },
    {
      "episode": 180,
      "mean_preact": 1.859786868095398,
      "std_preact": 109.97528839111328,
      "min_preact": -237.9402313232422,
      "max_preact": 237.47540283203125,
      "avg_actor_output_saturation": 1.0,
      "actor_activations_sample": {
        "fc3": {
          "min": -1.0,
          "max": 1.0,
          "mean": 0.0533333346247673,
          "saturation": 1.0
        }
      }
    },
    {
      "episode": 190,
      "mean_preact": 1.7724616527557373,
      "std_preact": 110.58024597167969,
      "min_preact": -238.50729370117188,
      "max_preact": 238.01708984375,
      "avg_actor_output_saturation": 1.0,
      "actor_activations_sample": {
        "fc3": {
          "min": -1.0,
          "max": 1.0,
          "mean": 0.0533333346247673,
          "saturation": 1.0
        }
      }
    },
    {
      "episode": 200,
      "mean_preact": 1.8440274000167847,
      "std_preact": 109.97879028320312,
      "min_preact": -238.50729370117188,
      "max_preact": 238.01708984375,
      "avg_actor_output_saturation": 1.0,
      "actor_activations_sample": {
        "fc3": {
          "min": -1.0,
          "max": 1.0,
          "mean": 0.0533333346247673,
          "saturation": 1.0
        }
      }
    },
    {
      "episode": 210,
      "mean_preact": 1.8097524642944336,
      "std_preact": 110.11980438232422,
      "min_preact": -238.49122619628906,
      "max_preact": 238.02557373046875,
      "avg_actor_output_saturation": 1.0,
      "actor_activations_sample": {
        "fc3": {
          "min": -1.0,
          "max": 1.0,
          "mean": 0.0533333346247673,
          "saturation": 1.0
        }
      }
    },
    {
      "episode": 220,
      "mean_preact": 1.7469632625579834,
      "std_preact": 110.26606750488281,
      "min_preact": -238.29681396484375,
      "max_preact": 237.80470275878906,
      "avg_actor_output_saturation": 1.0,
      "actor_activations_sample": {
        "fc3": {
          "min": -1.0,
          "max": 1.0,
          "mean": 0.0533333346247673,
          "saturation": 1.0
        }
      }
    },
    {
      "episode": 230,
      "mean_preact": 1.830075979232788,
      "std_preact": 109.94535064697266,
      "min_preact": -238.3572235107422,
      "max_preact": 237.90463256835938,
      "avg_actor_output_saturation": 1.0,
      "actor_activations_sample": {
        "fc3": {
          "min": -1.0,
          "max": 1.0,
          "mean": 0.0533333346247673,
          "saturation": 1.0
        }
      }
    },
    {
      "episode": 240,
      "mean_preact": 1.698191523551941,
      "std_preact": 110.2388916015625,
      "min_preact": -238.50729370117188,
      "max_preact": 238.01708984375,
      "avg_actor_output_saturation": 1.0,
      "actor_activations_sample": {
        "fc3": {
          "min": -1.0,
          "max": 1.0,
          "mean": 0.0533333346247673,
          "saturation": 1.0
        }
      }
    },
    {
      "episode": 250,
      "mean_preact": 1.7089481353759766,
      "std_preact": 110.13114929199219,
      "min_preact": -237.94390869140625,
      "max_preact": 237.50286865234375,
      "avg_actor_output_saturation": 1.0,
      "actor_activations_sample": {
        "fc3": {
          "min": -1.0,
          "max": 1.0,
          "mean": 0.0533333346247673,
          "saturation": 1.0
        }
      }
    },
    {
      "episode": 260,
      "mean_preact": 1.698421597480774,
      "std_preact": 110.15423583984375,
      "min_preact": -238.88189697265625,
      "max_preact": 238.46197509765625,
      "avg_actor_output_saturation": 1.0,
      "actor_activations_sample": {
        "fc3": {
          "min": -1.0,
          "max": 1.0,
          "mean": 0.0533333346247673,
          "saturation": 1.0
        }
      }
    },
    {
      "episode": 270,
      "mean_preact": 1.780556559562683,
      "std_preact": 110.35105895996094,
      "min_preact": -238.2769317626953,
      "max_preact": 237.79379272460938,
      "avg_actor_output_saturation": 1.0,
      "actor_activations_sample": {
        "fc3": {
          "min": -1.0,
          "max": 1.0,
          "mean": 0.0533333346247673,
          "saturation": 1.0
        }
      }
    },
    {
      "episode": 280,
      "mean_preact": 1.5955495834350586,
      "std_preact": 110.58795166015625,
      "min_preact": -238.70904541015625,
      "max_preact": 238.2593994140625,
      "avg_actor_output_saturation": 1.0,
      "actor_activations_sample": {
        "fc3": {
          "min": -1.0,
          "max": 1.0,
          "mean": 0.0533333346247673,
          "saturation": 1.0
        }
      }
    },
    {
      "episode": 290,
      "mean_preact": 1.8027220964431763,
      "std_preact": 110.0649185180664,
      "min_preact": -238.8819122314453,
      "max_preact": 238.4619598388672,
      "avg_actor_output_saturation": 1.0,
      "actor_activations_sample": {
        "fc3": {
          "min": -1.0,
          "max": 1.0,
          "mean": 0.0533333346247673,
          "saturation": 1.0
        }
      }
    },
    {
      "episode": 300,
      "mean_preact": 1.8950738906860352,
      "std_preact": 110.37393188476562,
      "min_preact": -238.50729370117188,
      "max_preact": 238.01708984375,
      "avg_actor_output_saturation": 1.0,
      "actor_activations_sample": {
        "fc3": {
          "min": -1.0,
          "max": 1.0,
          "mean": 0.0533333346247673,
          "saturation": 1.0
        }
      }
    },
    {
      "episode": 310,
      "mean_preact": 1.7328044176101685,
      "std_preact": 110.34257507324219,
      "min_preact": -238.3787384033203,
      "max_preact": 237.88539123535156,
      "avg_actor_output_saturation": 1.0,
      "actor_activations_sample": {
        "fc3": {
          "min": -1.0,
          "max": 1.0,
          "mean": 0.0533333346247673,
          "saturation": 1.0
        }
      }
    },
    {
      "episode": 320,
      "mean_preact": 1.6422808170318604,
      "std_preact": 110.1826171875,
      "min_preact": -238.22222900390625,
      "max_preact": 237.77215576171875,
      "avg_actor_output_saturation": 1.0,
      "actor_activations_sample": {
        "fc3": {
          "min": -1.0,
          "max": 1.0,
          "mean": 0.0533333346247673,
          "saturation": 1.0
        }
      }
    },
    {
      "episode": 330,
      "mean_preact": 1.6878950595855713,
      "std_preact": 110.54529571533203,
      "min_preact": -238.29681396484375,
      "max_preact": 237.80470275878906,
      "avg_actor_output_saturation": 1.0,
      "actor_activations_sample": {
        "fc3": {
          "min": -1.0,
          "max": 1.0,
          "mean": 0.0533333346247673,
          "saturation": 1.0
        }
      }
    }
  ]
}