{
  "gradient_history": [
    {
      "episode": 10,
      "actor_grad": 0.0019683717315935587,
      "critic_grad": 2398211.6831422993,
      "actor_per_layer": {
        "fc1": 1.952670152322208e-05,
        "fc2": 0.00011867520414343054,
        "fc3": 0.001964693914477714
      },
      "critic_per_layer": {
        "fc1": 2389235.0013213,
        "fc2": 205500.28461606303,
        "fc3": 27295.02966008554
      }
    },
    {
      "episode": 20,
      "actor_grad": 0.0,
      "critic_grad": 40025495.92838663,
      "actor_per_layer": {
        "fc1": 0.0,
        "fc2": 0.0,
        "fc3": 0.0
      },
      "critic_per_layer": {
        "fc1": 11008132.408071168,
        "fc2": 15918024.082262311,
        "fc3": 35035380.03955694
      }
    },
    {
      "episode": 30,
      "actor_grad": 0.0,
      "critic_grad": 13874236.50520034,
      "actor_per_layer": {
        "fc1": 0.0,
        "fc2": 0.0,
        "fc3": 0.0
      },
      "critic_per_layer": {
        "fc1": 3655707.6351574254,
        "fc2": 4224333.029978792,
        "fc3": 12699813.019895831
      }
    },
    {
      "episode": 40,
      "actor_grad": 0.0,
      "critic_grad": 3479743.2561324765,
      "actor_per_layer": {
        "fc1": 0.0,
        "fc2": 0.0,
        "fc3": 0.0
      },
      "critic_per_layer": {
        "fc1": 1558732.801511256,
        "fc2": 1482184.8860588158,
        "fc3": 2735341.5043886453
      }
    },
    {
      "episode": 50,
      "actor_grad": 0.0,
      "critic_grad": 9708129.432023069,
      "actor_per_layer": {
        "fc1": 0.0,
        "fc2": 0.0,
        "fc3": 0.0
      },
      "critic_per_layer": {
        "fc1": 2306637.5790534024,
        "fc2": 3556499.508371529,
        "fc3": 8733757.003418649
      }
    },
    {
      "episode": 60,
      "actor_grad": 0.0,
      "critic_grad": 45863816.88177713,
      "actor_per_layer": {
        "fc1": 0.0,
        "fc2": 0.0,
        "fc3": 0.0
      },
      "critic_per_layer": {
        "fc1": 9832984.349875411,
        "fc2": 14720844.03494086,
        "fc3": 42309560.0147205
      }
    },
    {
      "episode": 70,
      "actor_grad": 0.0,
      "critic_grad": 27496745.30658538,
      "actor_per_layer": {
        "fc1": 0.0,
        "fc2": 0.0,
        "fc3": 0.0
      },
      "critic_per_layer": {
        "fc1": 5390620.199814302,
        "fc2": 8552573.022870066,
        "fc3": 25570798.0126756
      }
    },
    {
      "episode": 80,
      "actor_grad": 0.0,
      "critic_grad": 1884709.0264079887,
      "actor_per_layer": {
        "fc1": 0.0,
        "fc2": 0.0,
        "fc3": 0.0
      },
      "critic_per_layer": {
        "fc1": 1175101.1280789017,
        "fc2": 461230.7197350282,
        "fc3": 1399475.500387252
      }
    },
    {
      "episode": 90,
      "actor_grad": 0.0,
      "critic_grad": 7963383.792485615,
      "actor_per_layer": {
        "fc1": 0.0,
        "fc2": 0.0,
        "fc3": 0.0
      },
      "critic_per_layer": {
        "fc1": 1711823.3157013378,
        "fc2": 2418574.505960687,
        "fc3": 7391592.502388162
      }
    },
    {
      "episode": 100,
      "actor_grad": 0.0,
      "critic_grad": 8880118.211347783,
      "actor_per_layer": {
        "fc1": 0.0,
        "fc2": 0.0,
        "fc3": 0.0
      },
      "critic_per_layer": {
        "fc1": 2634302.3458426963,
        "fc2": 2646684.76929693,
        "fc3": 8056799.012645771
      }
    },
    {
      "episode": 110,
      "actor_grad": 0.0,
      "critic_grad": 285650959.0159501,
      "actor_per_layer": {
        "fc1": 0.0,
        "fc2": 0.0,
        "fc3": 0.0
      },
      "critic_per_layer": {
        "fc1": 46099173.656888016,
        "fc2": 93398536.08903189,
        "fc3": 265985056.03005195
      }
    },
    {
      "episode": 120,
      "actor_grad": 0.0,
      "critic_grad": 14995328.289316922,
      "actor_per_layer": {
        "fc1": 0.0,
        "fc2": 0.0,
        "fc3": 0.0
      },
      "critic_per_layer": {
        "fc1": 3935423.3946250393,
        "fc2": 8179653.015386681,
        "fc3": 11935895.012830077
      }
    },
    {
      "episode": 130,
      "actor_grad": 0.0,
      "critic_grad": 30617637.748921517,
      "actor_per_layer": {
        "fc1": 0.0,
        "fc2": 0.0,
        "fc3": 0.0
      },
      "critic_per_layer": {
        "fc1": 2585451.8463109545,
        "fc2": 8348251.0057239,
        "fc3": 29343856.00462252
      }
    },
    {
      "episode": 140,
      "actor_grad": 0.0,
      "critic_grad": 14184954.685343664,
      "actor_per_layer": {
        "fc1": 0.0,
        "fc2": 0.0,
        "fc3": 0.0
      },
      "critic_per_layer": {
        "fc1": 821361.4679076332,
        "fc2": 2686148.251704239,
        "fc3": 13904061.001525994
      }
    },
    {
      "episode": 150,
      "actor_grad": 0.0,
      "critic_grad": 60503796.88199802,
      "actor_per_layer": {
        "fc1": 0.0,
        "fc2": 0.0,
        "fc3": 0.0
      },
      "critic_per_layer": {
        "fc1": 5010543.173184568,
        "fc2": 15033722.009531263,
        "fc3": 58391704.00654413
      }
    },
    {
      "episode": 160,
      "actor_grad": 0.0,
      "critic_grad": 122686783.74405818,
      "actor_per_layer": {
        "fc1": 0.0,
        "fc2": 0.0,
        "fc3": 0.0
      },
      "critic_per_layer": {
        "fc1": 11543939.39715183,
        "fc2": 34742312.020517975,
        "fc3": 117097208.01165652
      }
    },
    {
      "episode": 170,
      "actor_grad": 0.0,
      "critic_grad": 12756177.501114435,
      "actor_per_layer": {
        "fc1": 0.0,
        "fc2": 0.0,
        "fc3": 0.0
      },
      "critic_per_layer": {
        "fc1": 1262423.6693742538,
        "fc2": 3382651.7537039747,
        "fc3": 12234542.00336511
      }
    },
    {
      "episode": 180,
      "actor_grad": 0.0,
      "critic_grad": 76762376.40596734,
      "actor_per_layer": {
        "fc1": 0.0,
        "fc2": 0.0,
        "fc3": 0.0
      },
      "critic_per_layer": {
        "fc1": 7613737.26904582,
        "fc2": 23659690.012676895,
        "fc3": 72627216.00607717
      }
    },
    {
      "episode": 190,
      "actor_grad": 0.0,
      "critic_grad": 22418439.219603922,
      "actor_per_layer": {
        "fc1": 0.0,
        "fc2": 0.0,
        "fc3": 0.0
      },
      "critic_per_layer": {
        "fc1": 2505164.81529151,
        "fc2": 6821752.504660178,
        "fc3": 21207882.003077615
      }
    },
    {
      "episode": 200,
      "actor_grad": 0.0,
      "critic_grad": 1454428.6795458677,
      "actor_per_layer": {
        "fc1": 0.0,
        "fc2": 0.0,
        "fc3": 0.0
      },
      "critic_per_layer": {
        "fc1": 144006.77129397268,
        "fc2": 460889.5627838889,
        "fc3": 1371935.0001453776
      }
    },
    {
      "episode": 210,
      "actor_grad": 0.0,
      "critic_grad": 10072386.389230045,
      "actor_per_layer": {
        "fc1": 0.0,
        "fc2": 0.0,
        "fc3": 0.0
      },
      "critic_per_layer": {
        "fc1": 1106238.1590510462,
        "fc2": 3299747.501632927,
        "fc3": 9452030.000739168
      }
    },
    {
      "episode": 220,
      "actor_grad": 0.0,
      "critic_grad": 24048535.401546758,
      "actor_per_layer": {
        "fc1": 0.0,
        "fc2": 0.0,
        "fc3": 0.0
      },
      "critic_per_layer": {
        "fc1": 2455166.337510328,
        "fc2": 7967791.003340995,
        "fc3": 22557006.001277782
      }
    },
    {
      "episode": 230,
      "actor_grad": 0.0,
      "critic_grad": 9756913.893308505,
      "actor_per_layer": {
        "fc1": 0.0,
        "fc2": 0.0,
        "fc3": 0.0
      },
      "critic_per_layer": {
        "fc1": 1003985.0985760832,
        "fc2": 3212885.751548466,
        "fc3": 9157879.000662247
      }
    },
    {
      "episode": 240,
      "actor_grad": 0.0,
      "critic_grad": 13271653.251043938,
      "actor_per_layer": {
        "fc1": 0.0,
        "fc2": 0.0,
        "fc3": 0.0
      },
      "critic_per_layer": {
        "fc1": 1427012.928084702,
        "fc2": 4432894.002221541,
        "fc3": 12427786.000897044
      }
    },
    {
      "episode": 250,
      "actor_grad": 0.0,
      "critic_grad": 13899186.634784335,
      "actor_per_layer": {
        "fc1": 0.0,
        "fc2": 0.0,
        "fc3": 0.0
      },
      "critic_per_layer": {
        "fc1": 1712371.293346644,
        "fc2": 4380518.503605527,
        "fc3": 13079229.002577309
      }
    },
    {
      "episode": 260,
      "actor_grad": 0.0,
      "critic_grad": 46210181.82516611,
      "actor_per_layer": {
        "fc1": 0.0,
        "fc2": 0.0,
        "fc3": 0.0
      },
      "critic_per_layer": {
        "fc1": 4986512.173451242,
        "fc2": 15957159.00750738,
        "fc3": 43079980.003106564
      }
    },
    {
      "episode": 270,
      "actor_grad": 0.0,
      "critic_grad": 9956289.017396279,
      "actor_per_layer": {
        "fc1": 0.0,
        "fc2": 0.0,
        "fc3": 0.0
      },
      "critic_per_layer": {
        "fc1": 1069366.158821535,
        "fc2": 3450289.2517459076,
        "fc3": 9277912.000853408
      }
    },
    {
      "episode": 280,
      "actor_grad": 0.0,
      "critic_grad": 29440912.34744888,
      "actor_per_layer": {
        "fc1": 0.0,
        "fc2": 0.0,
        "fc3": 0.0
      },
      "critic_per_layer": {
        "fc1": 6047029.730371671,
        "fc2": 16349822.014221631,
        "fc3": 23725178.005516477
      }
    },
    {
      "episode": 290,
      "actor_grad": 0.0,
      "critic_grad": 51246029.87838779,
      "actor_per_layer": {
        "fc1": 0.0,
        "fc2": 0.0,
        "fc3": 0.0
      },
      "critic_per_layer": {
        "fc1": 5279396.67439659,
        "fc2": 19308584.007082563,
        "fc3": 47174804.002692156
      }
    },
    {
      "episode": 300,
      "actor_grad": 0.0,
      "critic_grad": 1170553.7670774674,
      "actor_per_layer": {
        "fc1": 0.0,
        "fc2": 0.0,
        "fc3": 0.0
      },
      "critic_per_layer": {
        "fc1": 128801.19134281781,
        "fc2": 452833.87517785904,
        "fc3": 1071703.2500740697
      }
    }
  ],
  "asymmetry_history": [
    {
      "episode": 10,
      "ratio": 8.20766467543209e-10,
      "actor_grad": 0.0019683717315935587,
      "critic_grad": 2398211.6831422993
    },
    {
      "episode": 20,
      "ratio": 0.0,
      "actor_grad": 0.0,
      "critic_grad": 40025495.92838663
    },
    {
      "episode": 30,
      "ratio": 0.0,
      "actor_grad": 0.0,
      "critic_grad": 13874236.50520034
    },
    {
      "episode": 40,
      "ratio": 0.0,
      "actor_grad": 0.0,
      "critic_grad": 3479743.2561324765
    },
    {
      "episode": 50,
      "ratio": 0.0,
      "actor_grad": 0.0,
      "critic_grad": 9708129.432023069
    },
    {
      "episode": 60,
      "ratio": 0.0,
      "actor_grad": 0.0,
      "critic_grad": 45863816.88177713
    },
    {
      "episode": 70,
      "ratio": 0.0,
      "actor_grad": 0.0,
      "critic_grad": 27496745.30658538
    },
    {
      "episode": 80,
      "ratio": 0.0,
      "actor_grad": 0.0,
      "critic_grad": 1884709.0264079887
    },
    {
      "episode": 90,
      "ratio": 0.0,
      "actor_grad": 0.0,
      "critic_grad": 7963383.792485615
    },
    {
      "episode": 100,
      "ratio": 0.0,
      "actor_grad": 0.0,
      "critic_grad": 8880118.211347783
    },
    {
      "episode": 110,
      "ratio": 0.0,
      "actor_grad": 0.0,
      "critic_grad": 285650959.0159501
    },
    {
      "episode": 120,
      "ratio": 0.0,
      "actor_grad": 0.0,
      "critic_grad": 14995328.289316922
    },
    {
      "episode": 130,
      "ratio": 0.0,
      "actor_grad": 0.0,
      "critic_grad": 30617637.748921517
    },
    {
      "episode": 140,
      "ratio": 0.0,
      "actor_grad": 0.0,
      "critic_grad": 14184954.685343664
    },
    {
      "episode": 150,
      "ratio": 0.0,
      "actor_grad": 0.0,
      "critic_grad": 60503796.88199802
    },
    {
      "episode": 160,
      "ratio": 0.0,
      "actor_grad": 0.0,
      "critic_grad": 122686783.74405818
    },
    {
      "episode": 170,
      "ratio": 0.0,
      "actor_grad": 0.0,
      "critic_grad": 12756177.501114435
    },
    {
      "episode": 180,
      "ratio": 0.0,
      "actor_grad": 0.0,
      "critic_grad": 76762376.40596734
    },
    {
      "episode": 190,
      "ratio": 0.0,
      "actor_grad": 0.0,
      "critic_grad": 22418439.219603922
    },
    {
      "episode": 200,
      "ratio": 0.0,
      "actor_grad": 0.0,
      "critic_grad": 1454428.6795458677
    },
    {
      "episode": 210,
      "ratio": 0.0,
      "actor_grad": 0.0,
      "critic_grad": 10072386.389230045
    },
    {
      "episode": 220,
      "ratio": 0.0,
      "actor_grad": 0.0,
      "critic_grad": 24048535.401546758
    },
    {
      "episode": 230,
      "ratio": 0.0,
      "actor_grad": 0.0,
      "critic_grad": 9756913.893308505
    },
    {
      "episode": 240,
      "ratio": 0.0,
      "actor_grad": 0.0,
      "critic_grad": 13271653.251043938
    },
    {
      "episode": 250,
      "ratio": 0.0,
      "actor_grad": 0.0,
      "critic_grad": 13899186.634784335
    },
    {
      "episode": 260,
      "ratio": 0.0,
      "actor_grad": 0.0,
      "critic_grad": 46210181.82516611
    },
    {
      "episode": 270,
      "ratio": 0.0,
      "actor_grad": 0.0,
      "critic_grad": 9956289.017396279
    },
    {
      "episode": 280,
      "ratio": 0.0,
      "actor_grad": 0.0,
      "critic_grad": 29440912.34744888
    },
    {
      "episode": 290,
      "ratio": 0.0,
      "actor_grad": 0.0,
      "critic_grad": 51246029.87838779
    },
    {
      "episode": 300,
      "ratio": 0.0,
      "actor_grad": 0.0,
      "critic_grad": 1170553.7670774674
    }
  ],
  "activation_history": [
    {
      "episode": 10,
      "mean_preact": -0.45419952273368835,
      "std_preact": 12.582386016845703,
      "min_preact": -36.27098083496094,
      "max_preact": 38.8205451965332,
      "avg_actor_output_saturation": 0.9376479815455594,
      "actor_activations_sample": {
        "fc3": {
          "min": -1.0,
          "max": 1.0,
          "mean": -0.05593970790505409,
          "saturation": 0.9376479815455594
        }
      }
    },
    {
      "episode": 20,
      "mean_preact": -1.3299431800842285,
      "std_preact": 26.39290428161621,
      "min_preact": -53.93038558959961,
      "max_preact": 59.94324493408203,
      "avg_actor_output_saturation": 1.0,
      "actor_activations_sample": {
        "fc3": {
          "min": -1.0,
          "max": 1.0,
          "mean": -0.06666667014360428,
          "saturation": 1.0
        }
      }
    },
    {
      "episode": 30,
      "mean_preact": -1.768195629119873,
      "std_preact": 33.69444274902344,
      "min_preact": -62.816444396972656,
      "max_preact": 68.94646453857422,
      "avg_actor_output_saturation": 1.0,
      "actor_activations_sample": {
        "fc3": {
          "min": -1.0,
          "max": 1.0,
          "mean": -0.06666667014360428,
          "saturation": 1.0
        }
      }
    },
    {
      "episode": 40,
      "mean_preact": -1.8530874252319336,
      "std_preact": 37.03107833862305,
      "min_preact": -67.2503662109375,
      "max_preact": 73.15946960449219,
      "avg_actor_output_saturation": 1.0,
      "actor_activations_sample": {
        "fc3": {
          "min": -1.0,
          "max": 1.0,
          "mean": -0.06666667014360428,
          "saturation": 1.0
        }
      }
    },
    {
      "episode": 50,
      "mean_preact": -1.8967148065567017,
      "std_preact": 38.192970275878906,
      "min_preact": -68.59834289550781,
      "max_preact": 74.29813385009766,
      "avg_actor_output_saturation": 1.0,
      "actor_activations_sample": {
        "fc3": {
          "min": -1.0,
          "max": 1.0,
          "mean": -0.06666667014360428,
          "saturation": 1.0
        }
      }
    },
    {
      "episode": 60,
      "mean_preact": -1.9423742294311523,
      "std_preact": 38.62253189086914,
      "min_preact": -69.1604995727539,
      "max_preact": 75.4764175415039,
      "avg_actor_output_saturation": 1.0,
      "actor_activations_sample": {
        "fc3": {
          "min": -1.0,
          "max": 1.0,
          "mean": -0.06666667014360428,
          "saturation": 1.0
        }
      }
    },
    {
      "episode": 70,
      "mean_preact": -1.988305926322937,
      "std_preact": 38.827335357666016,
      "min_preact": -69.2978286743164,
      "max_preact": 75.65303039550781,
      "avg_actor_output_saturation": 1.0,
      "actor_activations_sample": {
        "fc3": {
          "min": -1.0,
          "max": 1.0,
          "mean": -0.06666667014360428,
          "saturation": 1.0
        }
      }
    },
    {
      "episode": 80,
      "mean_preact": -1.9588415622711182,
      "std_preact": 38.75068664550781,
      "min_preact": -69.43513488769531,
      "max_preact": 75.80631256103516,
      "avg_actor_output_saturation": 1.0,
      "actor_activations_sample": {
        "fc3": {
          "min": -1.0,
          "max": 1.0,
          "mean": -0.06666667014360428,
          "saturation": 1.0
        }
      }
    },
    {
      "episode": 90,
      "mean_preact": -1.9577105045318604,
      "std_preact": 38.9520378112793,
      "min_preact": -69.38506317138672,
      "max_preact": 75.76675415039062,
      "avg_actor_output_saturation": 1.0,
      "actor_activations_sample": {
        "fc3": {
          "min": -1.0,
          "max": 1.0,
          "mean": -0.06666667014360428,
          "saturation": 1.0
        }
      }
    },
    {
      "episode": 100,
      "mean_preact": -1.9107468128204346,
      "std_preact": 38.78969192504883,
      "min_preact": -69.53630065917969,
      "max_preact": 75.94461059570312,
      "avg_actor_output_saturation": 1.0,
      "actor_activations_sample": {
        "fc3": {
          "min": -1.0,
          "max": 1.0,
          "mean": -0.06666667014360428,
          "saturation": 1.0
        }
      }
    },
    {
      "episode": 110,
      "mean_preact": -1.9395627975463867,
      "std_preact": 38.743900299072266,
      "min_preact": -69.54153442382812,
      "max_preact": 75.70394897460938,
      "avg_actor_output_saturation": 1.0,
      "actor_activations_sample": {
        "fc3": {
          "min": -1.0,
          "max": 1.0,
          "mean": -0.06666667014360428,
          "saturation": 1.0
        }
      }
    },
    {
      "episode": 120,
      "mean_preact": -1.91414475440979,
      "std_preact": 38.86917495727539,
      "min_preact": -69.56411743164062,
      "max_preact": 75.87274932861328,
      "avg_actor_output_saturation": 1.0,
      "actor_activations_sample": {
        "fc3": {
          "min": -1.0,
          "max": 1.0,
          "mean": -0.06666667014360428,
          "saturation": 1.0
        }
      }
    },
    {
      "episode": 130,
      "mean_preact": -1.9636403322219849,
      "std_preact": 38.84497833251953,
      "min_preact": -69.45561218261719,
      "max_preact": 75.87300109863281,
      "avg_actor_output_saturation": 1.0,
      "actor_activations_sample": {
        "fc3": {
          "min": -1.0,
          "max": 1.0,
          "mean": -0.06666667014360428,
          "saturation": 1.0
        }
      }
    },
    {
      "episode": 140,
      "mean_preact": -1.976473093032837,
      "std_preact": 38.87741470336914,
      "min_preact": -69.48518371582031,
      "max_preact": 75.78317260742188,
      "avg_actor_output_saturation": 1.0,
      "actor_activations_sample": {
        "fc3": {
          "min": -1.0,
          "max": 1.0,
          "mean": -0.06666667014360428,
          "saturation": 1.0
        }
      }
    },
    {
      "episode": 150,
      "mean_preact": -2.0109503269195557,
      "std_preact": 38.78337860107422,
      "min_preact": -69.56512451171875,
      "max_preact": 75.87364959716797,
      "avg_actor_output_saturation": 1.0,
      "actor_activations_sample": {
        "fc3": {
          "min": -1.0,
          "max": 1.0,
          "mean": -0.06666667014360428,
          "saturation": 1.0
        }
      }
    },
    {
      "episode": 160,
      "mean_preact": -1.9281455278396606,
      "std_preact": 38.8812370300293,
      "min_preact": -69.53314971923828,
      "max_preact": 75.57581329345703,
      "avg_actor_output_saturation": 1.0,
      "actor_activations_sample": {
        "fc3": {
          "min": -1.0,
          "max": 1.0,
          "mean": -0.06666667014360428,
          "saturation": 1.0
        }
      }
    },
    {
      "episode": 170,
      "mean_preact": -1.8987250328063965,
      "std_preact": 38.83951950073242,
      "min_preact": -69.47307586669922,
      "max_preact": 75.72776794433594,
      "avg_actor_output_saturation": 1.0,
      "actor_activations_sample": {
        "fc3": {
          "min": -1.0,
          "max": 1.0,
          "mean": -0.06666667014360428,
          "saturation": 1.0
        }
      }
    },
    {
      "episode": 180,
      "mean_preact": -1.8984745740890503,
      "std_preact": 38.78089904785156,
      "min_preact": -69.48524475097656,
      "max_preact": 75.87364959716797,
      "avg_actor_output_saturation": 1.0,
      "actor_activations_sample": {
        "fc3": {
          "min": -1.0,
          "max": 1.0,
          "mean": -0.06666667014360428,
          "saturation": 1.0
        }
      }
    },
    {
      "episode": 190,
      "mean_preact": -1.8698424100875854,
      "std_preact": 38.85132598876953,
      "min_preact": -69.48524475097656,
      "max_preact": 75.9679946899414,
      "avg_actor_output_saturation": 1.0,
      "actor_activations_sample": {
        "fc3": {
          "min": -1.0,
          "max": 1.0,
          "mean": -0.06666667014360428,
          "saturation": 1.0
        }
      }
    },
    {
      "episode": 200,
      "mean_preact": -1.8907536268234253,
      "std_preact": 38.87822723388672,
      "min_preact": -69.5820083618164,
      "max_preact": 75.87364959716797,
      "avg_actor_output_saturation": 1.0,
      "actor_activations_sample": {
        "fc3": {
          "min": -1.0,
          "max": 1.0,
          "mean": -0.06666667014360428,
          "saturation": 1.0
        }
      }
    },
    {
      "episode": 210,
      "mean_preact": -1.8544622659683228,
      "std_preact": 38.79006576538086,
      "min_preact": -69.54368591308594,
      "max_preact": 75.87364959716797,
      "avg_actor_output_saturation": 1.0,
      "actor_activations_sample": {
        "fc3": {
          "min": -1.0,
          "max": 1.0,
          "mean": -0.06666667014360428,
          "saturation": 1.0
        }
      }
    },
    {
      "episode": 220,
      "mean_preact": -1.836038589477539,
      "std_preact": 38.84168243408203,
      "min_preact": -69.54368591308594,
      "max_preact": 75.76538848876953,
      "avg_actor_output_saturation": 1.0,
      "actor_activations_sample": {
        "fc3": {
          "min": -1.0,
          "max": 1.0,
          "mean": -0.06666667014360428,
          "saturation": 1.0
        }
      }
    },
    {
      "episode": 230,
      "mean_preact": -1.8346151113510132,
      "std_preact": 38.82297134399414,
      "min_preact": -69.54368591308594,
      "max_preact": 75.9679946899414,
      "avg_actor_output_saturation": 1.0,
      "actor_activations_sample": {
        "fc3": {
          "min": -1.0,
          "max": 1.0,
          "mean": -0.06666667014360428,
          "saturation": 1.0
        }
      }
    },
    {
      "episode": 240,
      "mean_preact": -1.8297414779663086,
      "std_preact": 38.83114242553711,
      "min_preact": -69.54368591308594,
      "max_preact": 75.89436340332031,
      "avg_actor_output_saturation": 1.0,
      "actor_activations_sample": {
        "fc3": {
          "min": -1.0,
          "max": 1.0,
          "mean": -0.06666667014360428,
          "saturation": 1.0
        }
      }
    },
    {
      "episode": 250,
      "mean_preact": -1.806247591972351,
      "std_preact": 38.749412536621094,
      "min_preact": -69.54368591308594,
      "max_preact": 75.72776794433594,
      "avg_actor_output_saturation": 1.0,
      "actor_activations_sample": {
        "fc3": {
          "min": -1.0,
          "max": 1.0,
          "mean": -0.06666667014360428,
          "saturation": 1.0
        }
      }
    },
    {
      "episode": 260,
      "mean_preact": -1.8381011486053467,
      "std_preact": 38.85093307495117,
      "min_preact": -69.58201599121094,
      "max_preact": 75.87364959716797,
      "avg_actor_output_saturation": 1.0,
      "actor_activations_sample": {
        "fc3": {
          "min": -1.0,
          "max": 1.0,
          "mean": -0.06666667014360428,
          "saturation": 1.0
        }
      }
    },
    {
      "episode": 270,
      "mean_preact": -1.8390793800354004,
      "std_preact": 38.9215202331543,
      "min_preact": -69.54368591308594,
      "max_preact": 75.72776794433594,
      "avg_actor_output_saturation": 1.0,
      "actor_activations_sample": {
        "fc3": {
          "min": -1.0,
          "max": 1.0,
          "mean": -0.06666667014360428,
          "saturation": 1.0
        }
      }
    },
    {
      "episode": 280,
      "mean_preact": -1.8305470943450928,
      "std_preact": 38.864845275878906,
      "min_preact": -69.58201599121094,
      "max_preact": 75.72776794433594,
      "avg_actor_output_saturation": 1.0,
      "actor_activations_sample": {
        "fc3": {
          "min": -1.0,
          "max": 1.0,
          "mean": -0.06666667014360428,
          "saturation": 1.0
        }
      }
    },
    {
      "episode": 290,
      "mean_preact": -1.8800512552261353,
      "std_preact": 38.79927444458008,
      "min_preact": -69.58201599121094,
      "max_preact": 75.9679946899414,
      "avg_actor_output_saturation": 1.0,
      "actor_activations_sample": {
        "fc3": {
          "min": -1.0,
          "max": 1.0,
          "mean": -0.06666667014360428,
          "saturation": 1.0
        }
      }
    },
    {
      "episode": 300,
      "mean_preact": -1.8708422183990479,
      "std_preact": 38.942325592041016,
      "min_preact": -69.58201599121094,
      "max_preact": 75.72776794433594,
      "avg_actor_output_saturation": 1.0,
      "actor_activations_sample": {
        "fc3": {
          "min": -1.0,
          "max": 1.0,
          "mean": -0.06666667014360428,
          "saturation": 1.0
        }
      }
    }
  ]
}