{
  "gradient_history": [
    {
      "episode": 10,
      "actor_grad": 0.0,
      "critic_grad": 20930586.190889146,
      "actor_per_layer": {
        "fc1": 0.0,
        "fc2": 0.0,
        "fc3": 0.0
      },
      "critic_per_layer": {
        "fc1": 1330534.0487756166,
        "fc2": 1300286.1678487742,
        "fc3": 20847742.643293288
      }
    },
    {
      "episode": 20,
      "actor_grad": 0.0,
      "critic_grad": 83825751.02416973,
      "actor_per_layer": {
        "fc1": 0.0,
        "fc2": 0.0,
        "fc3": 0.0
      },
      "critic_per_layer": {
        "fc1": 5254054.69045189,
        "fc2": 5254473.036698901,
        "fc3": 83495760.11500487
      }
    },
    {
      "episode": 30,
      "actor_grad": 0.0,
      "critic_grad": 158978439.2750221,
      "actor_per_layer": {
        "fc1": 0.0,
        "fc2": 0.0,
        "fc3": 0.0
      },
      "critic_per_layer": {
        "fc1": 9848344.36033624,
        "fc2": 9897334.026015073,
        "fc3": 158364128.03049687
      }
    },
    {
      "episode": 40,
      "actor_grad": 0.0,
      "critic_grad": 2428403.48445544,
      "actor_per_layer": {
        "fc1": 0.0,
        "fc2": 0.0,
        "fc3": 0.0
      },
      "critic_per_layer": {
        "fc1": 820218.4381751685,
        "fc2": 156578.32826005717,
        "fc3": 2280322.0000938675
      }
    },
    {
      "episode": 50,
      "actor_grad": 0.0,
      "critic_grad": 50798839.35291585,
      "actor_per_layer": {
        "fc1": 0.0,
        "fc2": 0.0,
        "fc3": 0.0
      },
      "critic_per_layer": {
        "fc1": 3303308.3589402977,
        "fc2": 3138553.2535031354,
        "fc3": 50594068.00173349
      }
    },
    {
      "episode": 60,
      "actor_grad": 0.0,
      "critic_grad": 19081009.96321226,
      "actor_per_layer": {
        "fc1": 0.0,
        "fc2": 0.0,
        "fc3": 0.0
      },
      "critic_per_layer": {
        "fc1": 1250748.9238213708,
        "fc2": 1181650.3768298377,
        "fc3": 19003270.001047272
      }
    },
    {
      "episode": 70,
      "actor_grad": 0.0,
      "critic_grad": 55364665.608941145,
      "actor_per_layer": {
        "fc1": 0.0,
        "fc2": 0.0,
        "fc3": 0.0
      },
      "critic_per_layer": {
        "fc1": 3408280.1283608717,
        "fc2": 3429105.7545942813,
        "fc3": 55153160.002671644
      }
    },
    {
      "episode": 80,
      "actor_grad": 0.0,
      "critic_grad": 878836.0762674686,
      "actor_per_layer": {
        "fc1": 0.0,
        "fc2": 0.0,
        "fc3": 0.0
      },
      "critic_per_layer": {
        "fc1": 452660.75087841303,
        "fc2": 59920.96116104254,
        "fc3": 750906.5001562632
      }
    },
    {
      "episode": 90,
      "actor_grad": 0.0,
      "critic_grad": 12959257.652836667,
      "actor_per_layer": {
        "fc1": 0.0,
        "fc2": 0.0,
        "fc3": 0.0
      },
      "critic_per_layer": {
        "fc1": 950762.7124631967,
        "fc2": 802217.8134383332,
        "fc3": 12899413.000481749
      }
    },
    {
      "episode": 100,
      "actor_grad": 0.0,
      "critic_grad": 6027886.098337991,
      "actor_per_layer": {
        "fc1": 0.0,
        "fc2": 0.0,
        "fc3": 0.0
      },
      "critic_per_layer": {
        "fc1": 470418.13309425284,
        "fc2": 372901.1565629845,
        "fc3": 5997921.50015541
      }
    },
    {
      "episode": 110,
      "actor_grad": 0.0,
      "critic_grad": 24483897.98072789,
      "actor_per_layer": {
        "fc1": 0.0,
        "fc2": 0.0,
        "fc3": 0.0
      },
      "critic_per_layer": {
        "fc1": 1670412.9200096568,
        "fc2": 1513884.751482492,
        "fc3": 24379892.000716183
      }
    },
    {
      "episode": 120,
      "actor_grad": 0.0,
      "critic_grad": 23340170.60415278,
      "actor_per_layer": {
        "fc1": 0.0,
        "fc2": 0.0,
        "fc3": 0.0
      },
      "critic_per_layer": {
        "fc1": 1443920.05450438,
        "fc2": 1444437.0018133293,
        "fc3": 23250640.000975244
      }
    },
    {
      "episode": 130,
      "actor_grad": 0.0,
      "critic_grad": 22030874.133901007,
      "actor_per_layer": {
        "fc1": 0.0,
        "fc2": 0.0,
        "fc3": 0.0
      },
      "critic_per_layer": {
        "fc1": 1375231.1746180549,
        "fc2": 1363601.6266893193,
        "fc3": 21945586.0009214
      }
    },
    {
      "episode": 140,
      "actor_grad": 0.0,
      "critic_grad": 15246477.09698919,
      "actor_per_layer": {
        "fc1": 0.0,
        "fc2": 0.0,
        "fc3": 0.0
      },
      "critic_per_layer": {
        "fc1": 1425903.0164570685,
        "fc2": 944185.5632529968,
        "fc3": 15150260.000370264
      }
    },
    {
      "episode": 150,
      "actor_grad": 0.0,
      "critic_grad": 18718586.37362004,
      "actor_per_layer": {
        "fc1": 0.0,
        "fc2": 0.0,
        "fc3": 0.0
      },
      "critic_per_layer": {
        "fc1": 1219169.6618661806,
        "fc2": 1157020.376099293,
        "fc3": 18642972.000503298
      }
    },
    {
      "episode": 160,
      "actor_grad": 0.0,
      "critic_grad": 39769341.15062652,
      "actor_per_layer": {
        "fc1": 0.0,
        "fc2": 0.0,
        "fc3": 0.0
      },
      "critic_per_layer": {
        "fc1": 2728775.1023342856,
        "fc2": 2457556.5030216756,
        "fc3": 39599428.001301385
      }
    },
    {
      "episode": 170,
      "actor_grad": 0.0,
      "critic_grad": 25317278.42167022,
      "actor_per_layer": {
        "fc1": 0.0,
        "fc2": 0.0,
        "fc3": 0.0
      },
      "critic_per_layer": {
        "fc1": 1646480.4267704578,
        "fc2": 1563635.876395486,
        "fc3": 25215248.000578523
      }
    },
    {
      "episode": 180,
      "actor_grad": 0.0,
      "critic_grad": 34949425.75178482,
      "actor_per_layer": {
        "fc1": 0.0,
        "fc2": 0.0,
        "fc3": 0.0
      },
      "critic_per_layer": {
        "fc1": 2277282.571442246,
        "fc2": 2158636.0019318783,
        "fc3": 34808284.000802
      }
    },
    {
      "episode": 190,
      "actor_grad": 0.0,
      "critic_grad": 10730116.81381896,
      "actor_per_layer": {
        "fc1": 0.0,
        "fc2": 0.0,
        "fc3": 0.0
      },
      "critic_per_layer": {
        "fc1": 800462.2084556378,
        "fc2": 662889.5631550035,
        "fc3": 10679665.000274815
      }
    },
    {
      "episode": 200,
      "actor_grad": 0.0,
      "critic_grad": 33658073.37135897,
      "actor_per_layer": {
        "fc1": 0.0,
        "fc2": 0.0,
        "fc3": 0.0
      },
      "critic_per_layer": {
        "fc1": 2126529.3259397615,
        "fc2": 2077715.87693534,
        "fc3": 33526510.000780463
      }
    },
    {
      "episode": 210,
      "actor_grad": 0.0,
      "critic_grad": 27581819.41843915,
      "actor_per_layer": {
        "fc1": 0.0,
        "fc2": 0.0,
        "fc3": 0.0
      },
      "critic_per_layer": {
        "fc1": 1743009.3071267365,
        "fc2": 1702481.8764277813,
        "fc3": 27473992.00056467
      }
    },
    {
      "episode": 220,
      "actor_grad": 0.0,
      "critic_grad": 45551598.77931402,
      "actor_per_layer": {
        "fc1": 0.0,
        "fc2": 0.0,
        "fc3": 0.0
      },
      "critic_per_layer": {
        "fc1": 2811002.855530181,
        "fc2": 2812155.002637936,
        "fc3": 45377728.001068346
      }
    },
    {
      "episode": 230,
      "actor_grad": 0.0,
      "critic_grad": 3812117.4867472323,
      "actor_per_layer": {
        "fc1": 0.0,
        "fc2": 0.0,
        "fc3": 0.0
      },
      "critic_per_layer": {
        "fc1": 252021.04096319247,
        "fc2": 235166.71899368268,
        "fc3": 3796501.2500924594
      }
    },
    {
      "episode": 240,
      "actor_grad": 0.0,
      "critic_grad": 34084705.48362345,
      "actor_per_layer": {
        "fc1": 0.0,
        "fc2": 0.0,
        "fc3": 0.0
      },
      "critic_per_layer": {
        "fc1": 2151991.827540639,
        "fc2": 2100840.0017176936,
        "fc3": 33951768.00060244
      }
    },
    {
      "episode": 250,
      "actor_grad": 0.0,
      "critic_grad": 19505517.436810043,
      "actor_per_layer": {
        "fc1": 0.0,
        "fc2": 0.0,
        "fc3": 0.0
      },
      "critic_per_layer": {
        "fc1": 1378319.184995443,
        "fc2": 1201617.001401096,
        "fc3": 19419618.000463296
      }
    },
    {
      "episode": 260,
      "actor_grad": 0.0,
      "critic_grad": 18416430.25501398,
      "actor_per_layer": {
        "fc1": 0.0,
        "fc2": 0.0,
        "fc3": 0.0
      },
      "critic_per_layer": {
        "fc1": 1179057.2936169165,
        "fc2": 1133810.1258909365,
        "fc3": 18343642.00028419
      }
    },
    {
      "episode": 270,
      "actor_grad": 0.0,
      "critic_grad": 24767702.204522897,
      "actor_per_layer": {
        "fc1": 0.0,
        "fc2": 0.0,
        "fc3": 0.0
      },
      "critic_per_layer": {
        "fc1": 1538763.9379088841,
        "fc2": 1523664.5011883758,
        "fc3": 24672854.000361163
      }
    },
    {
      "episode": 280,
      "actor_grad": 0.0,
      "critic_grad": 56367962.48151762,
      "actor_per_layer": {
        "fc1": 0.0,
        "fc2": 0.0,
        "fc3": 0.0
      },
      "critic_per_layer": {
        "fc1": 3536988.14165249,
        "fc2": 3469872.2528235298,
        "fc3": 56149772.00089661
      }
    },
    {
      "episode": 290,
      "actor_grad": 0.0,
      "critic_grad": 92304473.80724454,
      "actor_per_layer": {
        "fc1": 0.0,
        "fc2": 0.0,
        "fc3": 0.0
      },
      "critic_per_layer": {
        "fc1": 5806205.220395982,
        "fc2": 5674905.003965254,
        "fc3": 91946720.00113387
      }
    },
    {
      "episode": 300,
      "actor_grad": 0.0,
      "critic_grad": 173936194.87150863,
      "actor_per_layer": {
        "fc1": 0.0,
        "fc2": 0.0,
        "fc3": 0.0
      },
      "critic_per_layer": {
        "fc1": 10863275.354308387,
        "fc2": 10673721.00556291,
        "fc3": 173268176.00139764
      }
    },
    {
      "episode": 310,
      "actor_grad": 0.0,
      "critic_grad": 46554199.897044905,
      "actor_per_layer": {
        "fc1": 0.0,
        "fc2": 0.0,
        "fc3": 0.0
      },
      "critic_per_layer": {
        "fc1": 2907071.1230700477,
        "fc2": 2858115.001996228,
        "fc3": 46375356.00051812
      }
    },
    {
      "episode": 320,
      "actor_grad": 0.0,
      "critic_grad": 3150713.263202163,
      "actor_per_layer": {
        "fc1": 0.0,
        "fc2": 0.0,
        "fc3": 0.0
      },
      "critic_per_layer": {
        "fc1": 613520.0635520684,
        "fc2": 193075.6406834877,
        "fc3": 3084365.250016889
      }
    },
    {
      "episode": 330,
      "actor_grad": 0.0,
      "critic_grad": 2227290.7683626725,
      "actor_per_layer": {
        "fc1": 0.0,
        "fc2": 0.0,
        "fc3": 0.0
      },
      "critic_per_layer": {
        "fc1": 762777.3125764766,
        "fc2": 136708.62500785137,
        "fc3": 2088134.5000024918
      }
    },
    {
      "episode": 340,
      "actor_grad": 0.0,
      "critic_grad": 30066113.361783903,
      "actor_per_layer": {
        "fc1": 0.0,
        "fc2": 0.0,
        "fc3": 0.0
      },
      "critic_per_layer": {
        "fc1": 1861404.071598531,
        "fc2": 1847700.0012540119,
        "fc3": 29951500.00035462
      }
    }
  ],
  "asymmetry_history": [
    {
      "episode": 10,
      "ratio": 0.0,
      "actor_grad": 0.0,
      "critic_grad": 20930586.190889146
    },
    {
      "episode": 20,
      "ratio": 0.0,
      "actor_grad": 0.0,
      "critic_grad": 83825751.02416973
    },
    {
      "episode": 30,
      "ratio": 0.0,
      "actor_grad": 0.0,
      "critic_grad": 158978439.2750221
    },
    {
      "episode": 40,
      "ratio": 0.0,
      "actor_grad": 0.0,
      "critic_grad": 2428403.48445544
    },
    {
      "episode": 50,
      "ratio": 0.0,
      "actor_grad": 0.0,
      "critic_grad": 50798839.35291585
    },
    {
      "episode": 60,
      "ratio": 0.0,
      "actor_grad": 0.0,
      "critic_grad": 19081009.96321226
    },
    {
      "episode": 70,
      "ratio": 0.0,
      "actor_grad": 0.0,
      "critic_grad": 55364665.608941145
    },
    {
      "episode": 80,
      "ratio": 0.0,
      "actor_grad": 0.0,
      "critic_grad": 878836.0762674686
    },
    {
      "episode": 90,
      "ratio": 0.0,
      "actor_grad": 0.0,
      "critic_grad": 12959257.652836667
    },
    {
      "episode": 100,
      "ratio": 0.0,
      "actor_grad": 0.0,
      "critic_grad": 6027886.098337991
    },
    {
      "episode": 110,
      "ratio": 0.0,
      "actor_grad": 0.0,
      "critic_grad": 24483897.98072789
    },
    {
      "episode": 120,
      "ratio": 0.0,
      "actor_grad": 0.0,
      "critic_grad": 23340170.60415278
    },
    {
      "episode": 130,
      "ratio": 0.0,
      "actor_grad": 0.0,
      "critic_grad": 22030874.133901007
    },
    {
      "episode": 140,
      "ratio": 0.0,
      "actor_grad": 0.0,
      "critic_grad": 15246477.09698919
    },
    {
      "episode": 150,
      "ratio": 0.0,
      "actor_grad": 0.0,
      "critic_grad": 18718586.37362004
    },
    {
      "episode": 160,
      "ratio": 0.0,
      "actor_grad": 0.0,
      "critic_grad": 39769341.15062652
    },
    {
      "episode": 170,
      "ratio": 0.0,
      "actor_grad": 0.0,
      "critic_grad": 25317278.42167022
    },
    {
      "episode": 180,
      "ratio": 0.0,
      "actor_grad": 0.0,
      "critic_grad": 34949425.75178482
    },
    {
      "episode": 190,
      "ratio": 0.0,
      "actor_grad": 0.0,
      "critic_grad": 10730116.81381896
    },
    {
      "episode": 200,
      "ratio": 0.0,
      "actor_grad": 0.0,
      "critic_grad": 33658073.37135897
    },
    {
      "episode": 210,
      "ratio": 0.0,
      "actor_grad": 0.0,
      "critic_grad": 27581819.41843915
    },
    {
      "episode": 220,
      "ratio": 0.0,
      "actor_grad": 0.0,
      "critic_grad": 45551598.77931402
    },
    {
      "episode": 230,
      "ratio": 0.0,
      "actor_grad": 0.0,
      "critic_grad": 3812117.4867472323
    },
    {
      "episode": 240,
      "ratio": 0.0,
      "actor_grad": 0.0,
      "critic_grad": 34084705.48362345
    },
    {
      "episode": 250,
      "ratio": 0.0,
      "actor_grad": 0.0,
      "critic_grad": 19505517.436810043
    },
    {
      "episode": 260,
      "ratio": 0.0,
      "actor_grad": 0.0,
      "critic_grad": 18416430.25501398
    },
    {
      "episode": 270,
      "ratio": 0.0,
      "actor_grad": 0.0,
      "critic_grad": 24767702.204522897
    },
    {
      "episode": 280,
      "ratio": 0.0,
      "actor_grad": 0.0,
      "critic_grad": 56367962.48151762
    },
    {
      "episode": 290,
      "ratio": 0.0,
      "actor_grad": 0.0,
      "critic_grad": 92304473.80724454
    },
    {
      "episode": 300,
      "ratio": 0.0,
      "actor_grad": 0.0,
      "critic_grad": 173936194.87150863
    },
    {
      "episode": 310,
      "ratio": 0.0,
      "actor_grad": 0.0,
      "critic_grad": 46554199.897044905
    },
    {
      "episode": 320,
      "ratio": 0.0,
      "actor_grad": 0.0,
      "critic_grad": 3150713.263202163
    },
    {
      "episode": 330,
      "ratio": 0.0,
      "actor_grad": 0.0,
      "critic_grad": 2227290.7683626725
    },
    {
      "episode": 340,
      "ratio": 0.0,
      "actor_grad": 0.0,
      "critic_grad": 30066113.361783903
    }
  ],
  "activation_history": [
    {
      "episode": 10,
      "mean_preact": -467.91302490234375,
      "std_preact": 113398.6171875,
      "min_preact": -424169.5625,
      "max_preact": 423048.40625,
      "avg_actor_output_saturation": 0.9445704728950404,
      "actor_activations_sample": {
        "fc3": {
          "min": -1.0,
          "max": 1.0,
          "mean": 0.005106018856167793,
          "saturation": 0.9445704728950404
        }
      }
    },
    {
      "episode": 20,
      "mean_preact": -2170.027587890625,
      "std_preact": 347721.3125,
      "min_preact": -878941.0625,
      "max_preact": 877149.625,
      "avg_actor_output_saturation": 1.0,
      "actor_activations_sample": {
        "fc3": {
          "min": -1.0,
          "max": 1.0,
          "mean": 0.0,
          "saturation": 1.0
        }
      }
    },
    {
      "episode": 30,
      "mean_preact": -3115.16845703125,
      "std_preact": 513414.125,
      "min_preact": -1109959.125,
      "max_preact": 1107874.875,
      "avg_actor_output_saturation": 1.0,
      "actor_activations_sample": {
        "fc3": {
          "min": -1.0,
          "max": 1.0,
          "mean": 0.0,
          "saturation": 1.0
        }
      }
    },
    {
      "episode": 40,
      "mean_preact": -5558.05517578125,
      "std_preact": 592429.4375,
      "min_preact": -1221894.0,
      "max_preact": 1219646.625,
      "avg_actor_output_saturation": 1.0,
      "actor_activations_sample": {
        "fc3": {
          "min": -1.0,
          "max": 1.0,
          "mean": 0.0,
          "saturation": 1.0
        }
      }
    },
    {
      "episode": 50,
      "mean_preact": -7102.23046875,
      "std_preact": 624550.375,
      "min_preact": -1265211.875,
      "max_preact": 1262912.375,
      "avg_actor_output_saturation": 1.0,
      "actor_activations_sample": {
        "fc3": {
          "min": -1.0,
          "max": 1.0,
          "mean": 0.0,
          "saturation": 1.0
        }
      }
    },
    {
      "episode": 60,
      "mean_preact": -6600.82763671875,
      "std_preact": 637736.8125,
      "min_preact": -1275742.875,
      "max_preact": 1273453.125,
      "avg_actor_output_saturation": 1.0,
      "actor_activations_sample": {
        "fc3": {
          "min": -1.0,
          "max": 1.0,
          "mean": 0.0,
          "saturation": 1.0
        }
      }
    },
    {
      "episode": 70,
      "mean_preact": -5588.5185546875,
      "std_preact": 641378.4375,
      "min_preact": -1302272.125,
      "max_preact": 1299937.0,
      "avg_actor_output_saturation": 1.0,
      "actor_activations_sample": {
        "fc3": {
          "min": -1.0,
          "max": 1.0,
          "mean": 0.0,
          "saturation": 1.0
        }
      }
    },
    {
      "episode": 80,
      "mean_preact": -4137.87109375,
      "std_preact": 645918.9375,
      "min_preact": -1304759.125,
      "max_preact": 1302421.0,
      "avg_actor_output_saturation": 1.0,
      "actor_activations_sample": {
        "fc3": {
          "min": -1.0,
          "max": 1.0,
          "mean": 0.0,
          "saturation": 1.0
        }
      }
    },
    {
      "episode": 90,
      "mean_preact": -4915.9423828125,
      "std_preact": 645442.25,
      "min_preact": -1294393.625,
      "max_preact": 1292075.875,
      "avg_actor_output_saturation": 1.0,
      "actor_activations_sample": {
        "fc3": {
          "min": -1.0,
          "max": 1.0,
          "mean": 0.0,
          "saturation": 1.0
        }
      }
    },
    {
      "episode": 100,
      "mean_preact": -4753.0546875,
      "std_preact": 647065.4375,
      "min_preact": -1294695.625,
      "max_preact": 1292377.375,
      "avg_actor_output_saturation": 1.0,
      "actor_activations_sample": {
        "fc3": {
          "min": -1.0,
          "max": 1.0,
          "mean": 0.0,
          "saturation": 1.0
        }
      }
    },
    {
      "episode": 110,
      "mean_preact": -4424.42236328125,
      "std_preact": 647057.0,
      "min_preact": -1298132.625,
      "max_preact": 1295808.625,
      "avg_actor_output_saturation": 1.0,
      "actor_activations_sample": {
        "fc3": {
          "min": -1.0,
          "max": 1.0,
          "mean": 0.0,
          "saturation": 1.0
        }
      }
    },
    {
      "episode": 120,
      "mean_preact": -4838.34716796875,
      "std_preact": 646644.625,
      "min_preact": -1302869.375,
      "max_preact": 1300536.75,
      "avg_actor_output_saturation": 1.0,
      "actor_activations_sample": {
        "fc3": {
          "min": -1.0,
          "max": 1.0,
          "mean": 0.0,
          "saturation": 1.0
        }
      }
    },
    {
      "episode": 130,
      "mean_preact": -5010.90966796875,
      "std_preact": 647444.4375,
      "min_preact": -1318713.75,
      "max_preact": 1316352.625,
      "avg_actor_output_saturation": 1.0,
      "actor_activations_sample": {
        "fc3": {
          "min": -1.0,
          "max": 1.0,
          "mean": 0.0,
          "saturation": 1.0
        }
      }
    },
    {
      "episode": 140,
      "mean_preact": -4096.92626953125,
      "std_preact": 648443.875,
      "min_preact": -1309415.125,
      "max_preact": 1307070.625,
      "avg_actor_output_saturation": 1.0,
      "actor_activations_sample": {
        "fc3": {
          "min": -1.0,
          "max": 1.0,
          "mean": 0.0,
          "saturation": 1.0
        }
      }
    },
    {
      "episode": 150,
      "mean_preact": -5396.43310546875,
      "std_preact": 647504.625,
      "min_preact": -1310470.125,
      "max_preact": 1308123.625,
      "avg_actor_output_saturation": 1.0,
      "actor_activations_sample": {
        "fc3": {
          "min": -1.0,
          "max": 1.0,
          "mean": 0.0,
          "saturation": 1.0
        }
      }
    },
    {
      "episode": 160,
      "mean_preact": -5047.2333984375,
      "std_preact": 647444.9375,
      "min_preact": -1313362.75,
      "max_preact": 1311011.0,
      "avg_actor_output_saturation": 1.0,
      "actor_activations_sample": {
        "fc3": {
          "min": -1.0,
          "max": 1.0,
          "mean": 0.0,
          "saturation": 1.0
        }
      }
    },
    {
      "episode": 170,
      "mean_preact": -5017.03271484375,
      "std_preact": 646298.25,
      "min_preact": -1302895.625,
      "max_preact": 1300563.0,
      "avg_actor_output_saturation": 1.0,
      "actor_activations_sample": {
        "fc3": {
          "min": -1.0,
          "max": 1.0,
          "mean": 0.0,
          "saturation": 1.0
        }
      }
    },
    {
      "episode": 180,
      "mean_preact": -5280.92626953125,
      "std_preact": 649099.125,
      "min_preact": -1322663.25,
      "max_preact": 1320295.0,
      "avg_actor_output_saturation": 1.0,
      "actor_activations_sample": {
        "fc3": {
          "min": -1.0,
          "max": 1.0,
          "mean": 0.0,
          "saturation": 1.0
        }
      }
    },
    {
      "episode": 190,
      "mean_preact": -4919.04052734375,
      "std_preact": 646350.8125,
      "min_preact": -1294900.25,
      "max_preact": 1292581.75,
      "avg_actor_output_saturation": 1.0,
      "actor_activations_sample": {
        "fc3": {
          "min": -1.0,
          "max": 1.0,
          "mean": 0.0,
          "saturation": 1.0
        }
      }
    },
    {
      "episode": 200,
      "mean_preact": -5169.78857421875,
      "std_preact": 646537.125,
      "min_preact": -1294900.25,
      "max_preact": 1292581.75,
      "avg_actor_output_saturation": 1.0,
      "actor_activations_sample": {
        "fc3": {
          "min": -1.0,
          "max": 1.0,
          "mean": 0.0,
          "saturation": 1.0
        }
      }
    },
    {
      "episode": 210,
      "mean_preact": -4957.68359375,
      "std_preact": 648687.5625,
      "min_preact": -1311027.75,
      "max_preact": 1308680.25,
      "avg_actor_output_saturation": 1.0,
      "actor_activations_sample": {
        "fc3": {
          "min": -1.0,
          "max": 1.0,
          "mean": 0.0,
          "saturation": 1.0
        }
      }
    },
    {
      "episode": 220,
      "mean_preact": -4739.724609375,
      "std_preact": 647393.5625,
      "min_preact": -1302895.625,
      "max_preact": 1300563.0,
      "avg_actor_output_saturation": 1.0,
      "actor_activations_sample": {
        "fc3": {
          "min": -1.0,
          "max": 1.0,
          "mean": 0.0,
          "saturation": 1.0
        }
      }
    },
    {
      "episode": 230,
      "mean_preact": -5209.9716796875,
      "std_preact": 646792.6875,
      "min_preact": -1310471.625,
      "max_preact": 1308125.125,
      "avg_actor_output_saturation": 1.0,
      "actor_activations_sample": {
        "fc3": {
          "min": -1.0,
          "max": 1.0,
          "mean": 0.0,
          "saturation": 1.0
        }
      }
    },
    {
      "episode": 240,
      "mean_preact": -5127.6044921875,
      "std_preact": 646532.375,
      "min_preact": -1294900.25,
      "max_preact": 1292581.75,
      "avg_actor_output_saturation": 1.0,
      "actor_activations_sample": {
        "fc3": {
          "min": -1.0,
          "max": 1.0,
          "mean": 0.0,
          "saturation": 1.0
        }
      }
    },
    {
      "episode": 250,
      "mean_preact": -5365.787109375,
      "std_preact": 645680.625,
      "min_preact": -1302490.625,
      "max_preact": 1300158.875,
      "avg_actor_output_saturation": 1.0,
      "actor_activations_sample": {
        "fc3": {
          "min": -1.0,
          "max": 1.0,
          "mean": 0.0,
          "saturation": 1.0
        }
      }
    },
    {
      "episode": 260,
      "mean_preact": -5299.31689453125,
      "std_preact": 647221.5625,
      "min_preact": -1309344.75,
      "max_preact": 1307000.625,
      "avg_actor_output_saturation": 1.0,
      "actor_activations_sample": {
        "fc3": {
          "min": -1.0,
          "max": 1.0,
          "mean": 0.0,
          "saturation": 1.0
        }
      }
    },
    {
      "episode": 270,
      "mean_preact": -5587.12890625,
      "std_preact": 647335.625,
      "min_preact": -1309968.875,
      "max_preact": 1307623.375,
      "avg_actor_output_saturation": 1.0,
      "actor_activations_sample": {
        "fc3": {
          "min": -1.0,
          "max": 1.0,
          "mean": 0.0,
          "saturation": 1.0
        }
      }
    },
    {
      "episode": 280,
      "mean_preact": -6061.66845703125,
      "std_preact": 649279.25,
      "min_preact": -1299458.375,
      "max_preact": 1297131.875,
      "avg_actor_output_saturation": 1.0,
      "actor_activations_sample": {
        "fc3": {
          "min": -1.0,
          "max": 1.0,
          "mean": 0.0,
          "saturation": 1.0
        }
      }
    },
    {
      "episode": 290,
      "mean_preact": -5070.23681640625,
      "std_preact": 646091.375,
      "min_preact": -1322663.25,
      "max_preact": 1320295.0,
      "avg_actor_output_saturation": 1.0,
      "actor_activations_sample": {
        "fc3": {
          "min": -1.0,
          "max": 1.0,
          "mean": 0.0,
          "saturation": 1.0
        }
      }
    },
    {
      "episode": 300,
      "mean_preact": -4715.03076171875,
      "std_preact": 648542.0625,
      "min_preact": -1318722.375,
      "max_preact": 1316361.125,
      "avg_actor_output_saturation": 1.0,
      "actor_activations_sample": {
        "fc3": {
          "min": -1.0,
          "max": 1.0,
          "mean": 0.0,
          "saturation": 1.0
        }
      }
    },
    {
      "episode": 310,
      "mean_preact": -5335.0380859375,
      "std_preact": 647964.3125,
      "min_preact": -1308424.125,
      "max_preact": 1306081.375,
      "avg_actor_output_saturation": 1.0,
      "actor_activations_sample": {
        "fc3": {
          "min": -1.0,
          "max": 1.0,
          "mean": 0.0,
          "saturation": 1.0
        }
      }
    },
    {
      "episode": 320,
      "mean_preact": -5828.22412109375,
      "std_preact": 647551.25,
      "min_preact": -1319727.0,
      "max_preact": 1317363.875,
      "avg_actor_output_saturation": 1.0,
      "actor_activations_sample": {
        "fc3": {
          "min": -1.0,
          "max": 1.0,
          "mean": 0.0,
          "saturation": 1.0
        }
      }
    },
    {
      "episode": 330,
      "mean_preact": -4674.62890625,
      "std_preact": 648541.6875,
      "min_preact": -1309968.75,
      "max_preact": 1307623.25,
      "avg_actor_output_saturation": 1.0,
      "actor_activations_sample": {
        "fc3": {
          "min": -1.0,
          "max": 1.0,
          "mean": 0.0,
          "saturation": 1.0
        }
      }
    },
    {
      "episode": 340,
      "mean_preact": -5481.9658203125,
      "std_preact": 649290.625,
      "min_preact": -1310471.625,
      "max_preact": 1308125.125,
      "avg_actor_output_saturation": 1.0,
      "actor_activations_sample": {
        "fc3": {
          "min": -1.0,
          "max": 1.0,
          "mean": 0.0,
          "saturation": 1.0
        }
      }
    }
  ]
}