{
  "gradient_history": [
    {
      "episode": 10,
      "actor_grad": 0.0006241612725860085,
      "critic_grad": 190390.60918611195,
      "actor_per_layer": {
        "fc1": 6.916489137710627e-05,
        "fc2": 0.00020743155084069215,
        "fc3": 0.0005846072730584217
      },
      "critic_per_layer": {
        "fc1": 13123.468256906768,
        "fc2": 12004.834311352071,
        "fc3": 189558.01908736484
      }
    },
    {
      "episode": 20,
      "actor_grad": 9.084787143161432e-09,
      "critic_grad": 541157.4545842058,
      "actor_per_layer": {
        "fc1": 2.608636684634123e-09,
        "fc2": 7.126949828656343e-09,
        "fc3": 4.9934915864500735e-09
      },
      "critic_per_layer": {
        "fc1": 36248.91149453791,
        "fc2": 33974.09788403571,
        "fc3": 538872.1255924116
      }
    },
    {
      "episode": 30,
      "actor_grad": 0.0,
      "critic_grad": 1185680.770400659,
      "actor_per_layer": {
        "fc1": 0.0,
        "fc2": 0.0,
        "fc3": 0.0
      },
      "critic_per_layer": {
        "fc1": 77698.79972036822,
        "fc2": 73585.60958215912,
        "fc3": 1180841.625232756
      }
    },
    {
      "episode": 40,
      "actor_grad": 0.0,
      "critic_grad": 2933594.7864368763,
      "actor_per_layer": {
        "fc1": 0.0,
        "fc2": 0.0,
        "fc3": 0.0
      },
      "critic_per_layer": {
        "fc1": 190551.50698844893,
        "fc2": 180465.28153415487,
        "fc3": 2921831.7501791324
      }
    },
    {
      "episode": 50,
      "actor_grad": 0.0,
      "critic_grad": 2302356.847120107,
      "actor_per_layer": {
        "fc1": 0.0,
        "fc2": 0.0,
        "fc3": 0.0
      },
      "critic_per_layer": {
        "fc1": 149127.31798194628,
        "fc2": 141275.64079599647,
        "fc3": 2293174.500082807
      }
    },
    {
      "episode": 60,
      "actor_grad": 0.0,
      "critic_grad": 2010676.525010944,
      "actor_per_layer": {
        "fc1": 0.0,
        "fc2": 0.0,
        "fc3": 0.0
      },
      "critic_per_layer": {
        "fc1": 129892.81724889578,
        "fc2": 123488.05484070232,
        "fc3": 2002672.8750769284
      }
    },
    {
      "episode": 70,
      "actor_grad": 0.0,
      "critic_grad": 1581148.6341834138,
      "actor_per_layer": {
        "fc1": 0.0,
        "fc2": 0.0,
        "fc3": 0.0
      },
      "critic_per_layer": {
        "fc1": 101459.40209916813,
        "fc2": 97279.00795760904,
        "fc3": 1574888.5000902563
      }
    },
    {
      "episode": 80,
      "actor_grad": 0.0,
      "critic_grad": 1264008.2178419589,
      "actor_per_layer": {
        "fc1": 0.0,
        "fc2": 0.0,
        "fc3": 0.0
      },
      "critic_per_layer": {
        "fc1": 81963.72960656541,
        "fc2": 77744.76574193756,
        "fc3": 1258949.7500697626
      }
    },
    {
      "episode": 90,
      "actor_grad": 0.0,
      "critic_grad": 1795105.6056833551,
      "actor_per_layer": {
        "fc1": 0.0,
        "fc2": 0.0,
        "fc3": 0.0
      },
      "critic_per_layer": {
        "fc1": 120362.60600044725,
        "fc2": 110315.39075995659,
        "fc3": 1787665.3750615816
      }
    },
    {
      "episode": 100,
      "actor_grad": 0.0,
      "critic_grad": 2139562.824290268,
      "actor_per_layer": {
        "fc1": 0.0,
        "fc2": 0.0,
        "fc3": 0.0
      },
      "critic_per_layer": {
        "fc1": 144947.1460235146,
        "fc2": 131453.75015929717,
        "fc3": 2130596.0000698497
      }
    },
    {
      "episode": 110,
      "actor_grad": 0.0,
      "critic_grad": 2159297.807921596,
      "actor_per_layer": {
        "fc1": 0.0,
        "fc2": 0.0,
        "fc3": 0.0
      },
      "critic_per_layer": {
        "fc1": 148313.70859428658,
        "fc2": 132759.20330255418,
        "fc3": 2150103.500084703
      }
    },
    {
      "episode": 120,
      "actor_grad": 0.0,
      "critic_grad": 2261093.67585462,
      "actor_per_layer": {
        "fc1": 0.0,
        "fc2": 0.0,
        "fc3": 0.0
      },
      "critic_per_layer": {
        "fc1": 156703.27145416944,
        "fc2": 138970.5470568303,
        "fc3": 2251372.000082626
      }
    },
    {
      "episode": 130,
      "actor_grad": 0.0,
      "critic_grad": 661010.4005996432,
      "actor_per_layer": {
        "fc1": 0.0,
        "fc2": 0.0,
        "fc3": 0.0
      },
      "critic_per_layer": {
        "fc1": 46752.98609187058,
        "fc2": 40643.566461918264,
        "fc3": 658101.0625258478
      }
    },
    {
      "episode": 140,
      "actor_grad": 0.0,
      "critic_grad": 1695772.742631596,
      "actor_per_layer": {
        "fc1": 0.0,
        "fc2": 0.0,
        "fc3": 0.0
      },
      "critic_per_layer": {
        "fc1": 121769.38729190071,
        "fc2": 104277.11733157751,
        "fc3": 1688177.625065519
      }
    },
    {
      "episode": 150,
      "actor_grad": 0.0,
      "critic_grad": 1330817.980618478,
      "actor_per_layer": {
        "fc1": 0.0,
        "fc2": 0.0,
        "fc3": 0.0
      },
      "critic_per_layer": {
        "fc1": 97480.07382450704,
        "fc2": 81865.64073801636,
        "fc3": 1324715.875050634
      }
    },
    {
      "episode": 160,
      "actor_grad": 0.0,
      "critic_grad": 1201437.0791761677,
      "actor_per_layer": {
        "fc1": 0.0,
        "fc2": 0.0,
        "fc3": 0.0
      },
      "critic_per_layer": {
        "fc1": 92538.32368773993,
        "fc2": 73948.67197825316,
        "fc3": 1195583.2500420357
      }
    },
    {
      "episode": 170,
      "actor_grad": 0.0,
      "critic_grad": 2186170.8761896505,
      "actor_per_layer": {
        "fc1": 0.0,
        "fc2": 0.0,
        "fc3": 0.0
      },
      "critic_per_layer": {
        "fc1": 174600.53773816396,
        "fc2": 134657.71894277845,
        "fc3": 2175023.0000739065
      }
    },
    {
      "episode": 180,
      "actor_grad": 0.0,
      "critic_grad": 1057477.9921305496,
      "actor_per_layer": {
        "fc1": 0.0,
        "fc2": 0.0,
        "fc3": 0.0
      },
      "critic_per_layer": {
        "fc1": 86638.19849777296,
        "fc2": 65104.64852553814,
        "fc3": 1051910.1250305967
      }
    },
    {
      "episode": 190,
      "actor_grad": 0.0,
      "critic_grad": 1083938.9984683571,
      "actor_per_layer": {
        "fc1": 0.0,
        "fc2": 0.0,
        "fc3": 0.0
      },
      "critic_per_layer": {
        "fc1": 90467.4408220194,
        "fc2": 66756.98446611392,
        "fc3": 1078092.250030901
      }
    },
    {
      "episode": 200,
      "actor_grad": 0.0,
      "critic_grad": 1158982.4785391246,
      "actor_per_layer": {
        "fc1": 0.0,
        "fc2": 0.0,
        "fc3": 0.0
      },
      "critic_per_layer": {
        "fc1": 96270.08944427966,
        "fc2": 71318.22665549302,
        "fc3": 1152773.250030464
      }
    },
    {
      "episode": 210,
      "actor_grad": 0.0,
      "critic_grad": 452394.97619400604,
      "actor_per_layer": {
        "fc1": 0.0,
        "fc2": 0.0,
        "fc3": 0.0
      },
      "critic_per_layer": {
        "fc1": 37728.82559404758,
        "fc2": 27846.650428085206,
        "fc3": 449958.1250125452
      }
    },
    {
      "episode": 220,
      "actor_grad": 0.0,
      "critic_grad": 2266154.6448733234,
      "actor_per_layer": {
        "fc1": 0.0,
        "fc2": 0.0,
        "fc3": 0.0
      },
      "critic_per_layer": {
        "fc1": 187462.21009805013,
        "fc2": 139368.20329998442,
        "fc3": 2254083.250054227
      }
    },
    {
      "episode": 230,
      "actor_grad": 0.0,
      "critic_grad": 1799126.3260186142,
      "actor_per_layer": {
        "fc1": 0.0,
        "fc2": 0.0,
        "fc3": 0.0
      },
      "critic_per_layer": {
        "fc1": 149777.61486334796,
        "fc2": 110595.66419125331,
        "fc3": 1789466.6250369633
      }
    },
    {
      "episode": 240,
      "actor_grad": 0.0,
      "critic_grad": 1736288.2299486808,
      "actor_per_layer": {
        "fc1": 0.0,
        "fc2": 0.0,
        "fc3": 0.0
      },
      "critic_per_layer": {
        "fc1": 144801.03678763006,
        "fc2": 106675.4454299578,
        "fc3": 1726948.1250303586
      }
    },
    {
      "episode": 250,
      "actor_grad": 0.0,
      "critic_grad": 1620373.9870380764,
      "actor_per_layer": {
        "fc1": 0.0,
        "fc2": 0.0,
        "fc3": 0.0
      },
      "critic_per_layer": {
        "fc1": 134981.92697109844,
        "fc2": 99546.64073393699,
        "fc3": 1611670.6250283986
      }
    },
    {
      "episode": 260,
      "actor_grad": 0.0,
      "critic_grad": 1799023.3336064396,
      "actor_per_layer": {
        "fc1": 0.0,
        "fc2": 0.0,
        "fc3": 0.0
      },
      "critic_per_layer": {
        "fc1": 149531.77117633188,
        "fc2": 110521.01574333862,
        "fc3": 1789388.250030819
      }
    },
    {
      "episode": 270,
      "actor_grad": 0.0,
      "critic_grad": 1181996.5825839224,
      "actor_per_layer": {
        "fc1": 0.0,
        "fc2": 0.0,
        "fc3": 0.0
      },
      "critic_per_layer": {
        "fc1": 97722.36295669895,
        "fc2": 72600.1875743345,
        "fc3": 1175710.6250189296
      }
    },
    {
      "episode": 280,
      "actor_grad": 0.0,
      "critic_grad": 1031195.2467409652,
      "actor_per_layer": {
        "fc1": 0.0,
        "fc2": 0.0,
        "fc3": 0.0
      },
      "critic_per_layer": {
        "fc1": 85139.10472838391,
        "fc2": 63322.45318765817,
        "fc3": 1025721.812515219
      }
    },
    {
      "episode": 290,
      "actor_grad": 0.0,
      "critic_grad": 1271247.084501545,
      "actor_per_layer": {
        "fc1": 0.0,
        "fc2": 0.0,
        "fc3": 0.0
      },
      "critic_per_layer": {
        "fc1": 104201.03514013693,
        "fc2": 78089.92195953286,
        "fc3": 1264560.5000227375
      }
    },
    {
      "episode": 300,
      "actor_grad": 0.0,
      "critic_grad": 1060033.2673932586,
      "actor_per_layer": {
        "fc1": 0.0,
        "fc2": 0.0,
        "fc3": 0.0
      },
      "critic_per_layer": {
        "fc1": 86735.90949841392,
        "fc2": 65104.406319146976,
        "fc3": 1054470.8750182444
      }
    },
    {
      "episode": 310,
      "actor_grad": 0.0,
      "critic_grad": 1246336.2456095358,
      "actor_per_layer": {
        "fc1": 0.0,
        "fc2": 0.0,
        "fc3": 0.0
      },
      "critic_per_layer": {
        "fc1": 104061.32404635123,
        "fc2": 76516.8438191541,
        "fc3": 1239625.125015522
      }
    },
    {
      "episode": 320,
      "actor_grad": 0.0,
      "critic_grad": 725708.8660315739,
      "actor_per_layer": {
        "fc1": 0.0,
        "fc2": 0.0,
        "fc3": 0.0
      },
      "critic_per_layer": {
        "fc1": 60652.205306689524,
        "fc2": 44547.511757796696,
        "fc3": 721796.500008456
      }
    },
    {
      "episode": 330,
      "actor_grad": 0.0,
      "critic_grad": 1412749.3164452089,
      "actor_per_layer": {
        "fc1": 0.0,
        "fc2": 0.0,
        "fc3": 0.0
      },
      "critic_per_layer": {
        "fc1": 117737.28563621157,
        "fc2": 86724.42976619594,
        "fc3": 1405161.0000171333
      }
    },
    {
      "episode": 340,
      "actor_grad": 0.0,
      "critic_grad": 613946.2906879651,
      "actor_per_layer": {
        "fc1": 0.0,
        "fc2": 0.0,
        "fc3": 0.0
      },
      "critic_per_layer": {
        "fc1": 50937.21278571413,
        "fc2": 37684.45706364682,
        "fc3": 610667.9375069175
      }
    }
  ],
  "asymmetry_history": [
    {
      "episode": 10,
      "ratio": 3.278319635901128e-09,
      "actor_grad": 0.0006241612725860085,
      "critic_grad": 190390.60918611195
    },
    {
      "episode": 20,
      "ratio": 1.6787696568167318e-14,
      "actor_grad": 9.084787143161432e-09,
      "critic_grad": 541157.4545842058
    },
    {
      "episode": 30,
      "ratio": 0.0,
      "actor_grad": 0.0,
      "critic_grad": 1185680.770400659
    },
    {
      "episode": 40,
      "ratio": 0.0,
      "actor_grad": 0.0,
      "critic_grad": 2933594.7864368763
    },
    {
      "episode": 50,
      "ratio": 0.0,
      "actor_grad": 0.0,
      "critic_grad": 2302356.847120107
    },
    {
      "episode": 60,
      "ratio": 0.0,
      "actor_grad": 0.0,
      "critic_grad": 2010676.525010944
    },
    {
      "episode": 70,
      "ratio": 0.0,
      "actor_grad": 0.0,
      "critic_grad": 1581148.6341834138
    },
    {
      "episode": 80,
      "ratio": 0.0,
      "actor_grad": 0.0,
      "critic_grad": 1264008.2178419589
    },
    {
      "episode": 90,
      "ratio": 0.0,
      "actor_grad": 0.0,
      "critic_grad": 1795105.6056833551
    },
    {
      "episode": 100,
      "ratio": 0.0,
      "actor_grad": 0.0,
      "critic_grad": 2139562.824290268
    },
    {
      "episode": 110,
      "ratio": 0.0,
      "actor_grad": 0.0,
      "critic_grad": 2159297.807921596
    },
    {
      "episode": 120,
      "ratio": 0.0,
      "actor_grad": 0.0,
      "critic_grad": 2261093.67585462
    },
    {
      "episode": 130,
      "ratio": 0.0,
      "actor_grad": 0.0,
      "critic_grad": 661010.4005996432
    },
    {
      "episode": 140,
      "ratio": 0.0,
      "actor_grad": 0.0,
      "critic_grad": 1695772.742631596
    },
    {
      "episode": 150,
      "ratio": 0.0,
      "actor_grad": 0.0,
      "critic_grad": 1330817.980618478
    },
    {
      "episode": 160,
      "ratio": 0.0,
      "actor_grad": 0.0,
      "critic_grad": 1201437.0791761677
    },
    {
      "episode": 170,
      "ratio": 0.0,
      "actor_grad": 0.0,
      "critic_grad": 2186170.8761896505
    },
    {
      "episode": 180,
      "ratio": 0.0,
      "actor_grad": 0.0,
      "critic_grad": 1057477.9921305496
    },
    {
      "episode": 190,
      "ratio": 0.0,
      "actor_grad": 0.0,
      "critic_grad": 1083938.9984683571
    },
    {
      "episode": 200,
      "ratio": 0.0,
      "actor_grad": 0.0,
      "critic_grad": 1158982.4785391246
    },
    {
      "episode": 210,
      "ratio": 0.0,
      "actor_grad": 0.0,
      "critic_grad": 452394.97619400604
    },
    {
      "episode": 220,
      "ratio": 0.0,
      "actor_grad": 0.0,
      "critic_grad": 2266154.6448733234
    },
    {
      "episode": 230,
      "ratio": 0.0,
      "actor_grad": 0.0,
      "critic_grad": 1799126.3260186142
    },
    {
      "episode": 240,
      "ratio": 0.0,
      "actor_grad": 0.0,
      "critic_grad": 1736288.2299486808
    },
    {
      "episode": 250,
      "ratio": 0.0,
      "actor_grad": 0.0,
      "critic_grad": 1620373.9870380764
    },
    {
      "episode": 260,
      "ratio": 0.0,
      "actor_grad": 0.0,
      "critic_grad": 1799023.3336064396
    },
    {
      "episode": 270,
      "ratio": 0.0,
      "actor_grad": 0.0,
      "critic_grad": 1181996.5825839224
    },
    {
      "episode": 280,
      "ratio": 0.0,
      "actor_grad": 0.0,
      "critic_grad": 1031195.2467409652
    },
    {
      "episode": 290,
      "ratio": 0.0,
      "actor_grad": 0.0,
      "critic_grad": 1271247.084501545
    },
    {
      "episode": 300,
      "ratio": 0.0,
      "actor_grad": 0.0,
      "critic_grad": 1060033.2673932586
    },
    {
      "episode": 310,
      "ratio": 0.0,
      "actor_grad": 0.0,
      "critic_grad": 1246336.2456095358
    },
    {
      "episode": 320,
      "ratio": 0.0,
      "actor_grad": 0.0,
      "critic_grad": 725708.8660315739
    },
    {
      "episode": 330,
      "ratio": 0.0,
      "actor_grad": 0.0,
      "critic_grad": 1412749.3164452089
    },
    {
      "episode": 340,
      "ratio": 0.0,
      "actor_grad": 0.0,
      "critic_grad": 613946.2906879651
    }
  ],
  "activation_history": [
    {
      "episode": 10,
      "mean_preact": 2.5554234981536865,
      "std_preact": 68.37985229492188,
      "min_preact": -383.64837646484375,
      "max_preact": 352.5419616699219,
      "avg_actor_output_saturation": 0.9898182237600923,
      "actor_activations_sample": {
        "fc3": {
          "min": -1.0,
          "max": 1.0,
          "mean": -0.005996902473270893,
          "saturation": 0.9898182237600923
        }
      }
    },
    {
      "episode": 20,
      "mean_preact": 3.933950662612915,
      "std_preact": 122.29721069335938,
      "min_preact": -537.2459106445312,
      "max_preact": 483.4859313964844,
      "avg_actor_output_saturation": 0.9991632398753894,
      "actor_activations_sample": {
        "fc3": {
          "min": -1.0,
          "max": 1.0,
          "mean": -0.02831248752772808,
          "saturation": 0.9991632398753894
        }
      }
    },
    {
      "episode": 30,
      "mean_preact": 6.68018913269043,
      "std_preact": 151.76345825195312,
      "min_preact": -592.5040893554688,
      "max_preact": 531.0502319335938,
      "avg_actor_output_saturation": 1.0,
      "actor_activations_sample": {
        "fc3": {
          "min": -1.0,
          "max": 1.0,
          "mean": -0.016000011935830116,
          "saturation": 1.0
        }
      }
    },
    {
      "episode": 40,
      "mean_preact": 7.710500717163086,
      "std_preact": 166.69334411621094,
      "min_preact": -625.2788696289062,
      "max_preact": 561.0391845703125,
      "avg_actor_output_saturation": 1.0,
      "actor_activations_sample": {
        "fc3": {
          "min": -1.0,
          "max": 1.0,
          "mean": -0.013333333656191826,
          "saturation": 1.0
        }
      }
    },
    {
      "episode": 50,
      "mean_preact": 8.45623779296875,
      "std_preact": 173.11492919921875,
      "min_preact": -635.5026245117188,
      "max_preact": 573.2366943359375,
      "avg_actor_output_saturation": 1.0,
      "actor_activations_sample": {
        "fc3": {
          "min": -1.0,
          "max": 1.0,
          "mean": -0.013333333656191826,
          "saturation": 1.0
        }
      }
    },
    {
      "episode": 60,
      "mean_preact": 8.475037574768066,
      "std_preact": 175.47952270507812,
      "min_preact": -639.4547729492188,
      "max_preact": 576.9595947265625,
      "avg_actor_output_saturation": 1.0,
      "actor_activations_sample": {
        "fc3": {
          "min": -1.0,
          "max": 1.0,
          "mean": -0.013333333656191826,
          "saturation": 1.0
        }
      }
    },
    {
      "episode": 70,
      "mean_preact": 8.554240226745605,
      "std_preact": 176.1565399169922,
      "min_preact": -641.9541015625,
      "max_preact": 578.1104736328125,
      "avg_actor_output_saturation": 1.0,
      "actor_activations_sample": {
        "fc3": {
          "min": -1.0,
          "max": 1.0,
          "mean": -0.017811838537454605,
          "saturation": 1.0
        }
      }
    },
    {
      "episode": 80,
      "mean_preact": 7.384138107299805,
      "std_preact": 176.9392547607422,
      "min_preact": -642.9725341796875,
      "max_preact": 579.0960693359375,
      "avg_actor_output_saturation": 1.0,
      "actor_activations_sample": {
        "fc3": {
          "min": -1.0,
          "max": 1.0,
          "mean": -0.02666666731238365,
          "saturation": 1.0
        }
      }
    },
    {
      "episode": 90,
      "mean_preact": 6.995283126831055,
      "std_preact": 178.68296813964844,
      "min_preact": -643.4114990234375,
      "max_preact": 579.67138671875,
      "avg_actor_output_saturation": 1.0,
      "actor_activations_sample": {
        "fc3": {
          "min": -1.0,
          "max": 1.0,
          "mean": -0.02666666731238365,
          "saturation": 1.0
        }
      }
    },
    {
      "episode": 100,
      "mean_preact": 6.575149059295654,
      "std_preact": 179.04150390625,
      "min_preact": -643.120849609375,
      "max_preact": 575.6461791992188,
      "avg_actor_output_saturation": 1.0,
      "actor_activations_sample": {
        "fc3": {
          "min": -1.0,
          "max": 1.0,
          "mean": -0.02666666731238365,
          "saturation": 1.0
        }
      }
    },
    {
      "episode": 110,
      "mean_preact": 6.438933849334717,
      "std_preact": 178.8592071533203,
      "min_preact": -644.607666015625,
      "max_preact": 576.8822021484375,
      "avg_actor_output_saturation": 1.0,
      "actor_activations_sample": {
        "fc3": {
          "min": -1.0,
          "max": 1.0,
          "mean": -0.02666666731238365,
          "saturation": 1.0
        }
      }
    },
    {
      "episode": 120,
      "mean_preact": 6.513420104980469,
      "std_preact": 179.0638427734375,
      "min_preact": -643.3343505859375,
      "max_preact": 578.9342041015625,
      "avg_actor_output_saturation": 1.0,
      "actor_activations_sample": {
        "fc3": {
          "min": -1.0,
          "max": 1.0,
          "mean": -0.02666666731238365,
          "saturation": 1.0
        }
      }
    },
    {
      "episode": 130,
      "mean_preact": 6.416994094848633,
      "std_preact": 179.22230529785156,
      "min_preact": -643.616943359375,
      "max_preact": 578.9931640625,
      "avg_actor_output_saturation": 1.0,
      "actor_activations_sample": {
        "fc3": {
          "min": -1.0,
          "max": 1.0,
          "mean": -0.02666666731238365,
          "saturation": 1.0
        }
      }
    },
    {
      "episode": 140,
      "mean_preact": 6.5418500900268555,
      "std_preact": 179.6772918701172,
      "min_preact": -643.164794921875,
      "max_preact": 576.2062377929688,
      "avg_actor_output_saturation": 1.0,
      "actor_activations_sample": {
        "fc3": {
          "min": -1.0,
          "max": 1.0,
          "mean": -0.02666666731238365,
          "saturation": 1.0
        }
      }
    },
    {
      "episode": 150,
      "mean_preact": 6.69554328918457,
      "std_preact": 179.0258331298828,
      "min_preact": -644.6292114257812,
      "max_preact": 576.89697265625,
      "avg_actor_output_saturation": 1.0,
      "actor_activations_sample": {
        "fc3": {
          "min": -1.0,
          "max": 1.0,
          "mean": -0.02666666731238365,
          "saturation": 1.0
        }
      }
    },
    {
      "episode": 160,
      "mean_preact": 6.804352283477783,
      "std_preact": 180.13267517089844,
      "min_preact": -643.5153198242188,
      "max_preact": 577.091552734375,
      "avg_actor_output_saturation": 1.0,
      "actor_activations_sample": {
        "fc3": {
          "min": -1.0,
          "max": 1.0,
          "mean": -0.02666666731238365,
          "saturation": 1.0
        }
      }
    },
    {
      "episode": 170,
      "mean_preact": 6.608519077301025,
      "std_preact": 179.55213928222656,
      "min_preact": -644.6292724609375,
      "max_preact": 577.0916137695312,
      "avg_actor_output_saturation": 1.0,
      "actor_activations_sample": {
        "fc3": {
          "min": -1.0,
          "max": 1.0,
          "mean": -0.02666666731238365,
          "saturation": 1.0
        }
      }
    },
    {
      "episode": 180,
      "mean_preact": 6.606235027313232,
      "std_preact": 179.88514709472656,
      "min_preact": -643.5153198242188,
      "max_preact": 577.0886840820312,
      "avg_actor_output_saturation": 1.0,
      "actor_activations_sample": {
        "fc3": {
          "min": -1.0,
          "max": 1.0,
          "mean": -0.02666666731238365,
          "saturation": 1.0
        }
      }
    },
    {
      "episode": 190,
      "mean_preact": 6.659023284912109,
      "std_preact": 179.81259155273438,
      "min_preact": -643.8994140625,
      "max_preact": 577.0886840820312,
      "avg_actor_output_saturation": 1.0,
      "actor_activations_sample": {
        "fc3": {
          "min": -1.0,
          "max": 1.0,
          "mean": -0.02666666731238365,
          "saturation": 1.0
        }
      }
    },
    {
      "episode": 200,
      "mean_preact": 6.503692150115967,
      "std_preact": 179.70022583007812,
      "min_preact": -643.446533203125,
      "max_preact": 577.0886840820312,
      "avg_actor_output_saturation": 1.0,
      "actor_activations_sample": {
        "fc3": {
          "min": -1.0,
          "max": 1.0,
          "mean": -0.02666666731238365,
          "saturation": 1.0
        }
      }
    },
    {
      "episode": 210,
      "mean_preact": 6.400369644165039,
      "std_preact": 179.62025451660156,
      "min_preact": -644.4315795898438,
      "max_preact": 578.9393310546875,
      "avg_actor_output_saturation": 1.0,
      "actor_activations_sample": {
        "fc3": {
          "min": -1.0,
          "max": 1.0,
          "mean": -0.02666666731238365,
          "saturation": 1.0
        }
      }
    },
    {
      "episode": 220,
      "mean_preact": 6.573909759521484,
      "std_preact": 179.82925415039062,
      "min_preact": -644.4752807617188,
      "max_preact": 577.0886840820312,
      "avg_actor_output_saturation": 1.0,
      "actor_activations_sample": {
        "fc3": {
          "min": -1.0,
          "max": 1.0,
          "mean": -0.02666666731238365,
          "saturation": 1.0
        }
      }
    },
    {
      "episode": 230,
      "mean_preact": 6.325601100921631,
      "std_preact": 179.84828186035156,
      "min_preact": -643.621826171875,
      "max_preact": 577.0886840820312,
      "avg_actor_output_saturation": 1.0,
      "actor_activations_sample": {
        "fc3": {
          "min": -1.0,
          "max": 1.0,
          "mean": -0.02666666731238365,
          "saturation": 1.0
        }
      }
    },
    {
      "episode": 240,
      "mean_preact": 6.927156448364258,
      "std_preact": 179.8634033203125,
      "min_preact": -644.6292724609375,
      "max_preact": 578.9951782226562,
      "avg_actor_output_saturation": 1.0,
      "actor_activations_sample": {
        "fc3": {
          "min": -1.0,
          "max": 1.0,
          "mean": -0.02666666731238365,
          "saturation": 1.0
        }
      }
    },
    {
      "episode": 250,
      "mean_preact": 6.593323707580566,
      "std_preact": 179.75807189941406,
      "min_preact": -643.165283203125,
      "max_preact": 577.948486328125,
      "avg_actor_output_saturation": 1.0,
      "actor_activations_sample": {
        "fc3": {
          "min": -1.0,
          "max": 1.0,
          "mean": -0.02666666731238365,
          "saturation": 1.0
        }
      }
    },
    {
      "episode": 260,
      "mean_preact": 6.499596118927002,
      "std_preact": 179.66549682617188,
      "min_preact": -643.83935546875,
      "max_preact": 577.0886840820312,
      "avg_actor_output_saturation": 1.0,
      "actor_activations_sample": {
        "fc3": {
          "min": -1.0,
          "max": 1.0,
          "mean": -0.02666666731238365,
          "saturation": 1.0
        }
      }
    },
    {
      "episode": 270,
      "mean_preact": 6.593299865722656,
      "std_preact": 179.9142303466797,
      "min_preact": -644.4500122070312,
      "max_preact": 577.0886840820312,
      "avg_actor_output_saturation": 1.0,
      "actor_activations_sample": {
        "fc3": {
          "min": -1.0,
          "max": 1.0,
          "mean": -0.02666666731238365,
          "saturation": 1.0
        }
      }
    },
    {
      "episode": 280,
      "mean_preact": 6.793172359466553,
      "std_preact": 180.0679168701172,
      "min_preact": -644.9458618164062,
      "max_preact": 577.0886840820312,
      "avg_actor_output_saturation": 1.0,
      "actor_activations_sample": {
        "fc3": {
          "min": -1.0,
          "max": 1.0,
          "mean": -0.02666666731238365,
          "saturation": 1.0
        }
      }
    },
    {
      "episode": 290,
      "mean_preact": 6.768685340881348,
      "std_preact": 179.77670288085938,
      "min_preact": -644.9341430664062,
      "max_preact": 577.0886840820312,
      "avg_actor_output_saturation": 1.0,
      "actor_activations_sample": {
        "fc3": {
          "min": -1.0,
          "max": 1.0,
          "mean": -0.02666666731238365,
          "saturation": 1.0
        }
      }
    },
    {
      "episode": 300,
      "mean_preact": 6.854089736938477,
      "std_preact": 179.3041229248047,
      "min_preact": -644.9341430664062,
      "max_preact": 578.9951782226562,
      "avg_actor_output_saturation": 1.0,
      "actor_activations_sample": {
        "fc3": {
          "min": -1.0,
          "max": 1.0,
          "mean": -0.02666666731238365,
          "saturation": 1.0
        }
      }
    },
    {
      "episode": 310,
      "mean_preact": 6.643344879150391,
      "std_preact": 179.7139434814453,
      "min_preact": -644.9341430664062,
      "max_preact": 578.9951782226562,
      "avg_actor_output_saturation": 1.0,
      "actor_activations_sample": {
        "fc3": {
          "min": -1.0,
          "max": 1.0,
          "mean": -0.02666666731238365,
          "saturation": 1.0
        }
      }
    },
    {
      "episode": 320,
      "mean_preact": 6.7565484046936035,
      "std_preact": 179.99044799804688,
      "min_preact": -644.9341430664062,
      "max_preact": 577.0886840820312,
      "avg_actor_output_saturation": 1.0,
      "actor_activations_sample": {
        "fc3": {
          "min": -1.0,
          "max": 1.0,
          "mean": -0.02666666731238365,
          "saturation": 1.0
        }
      }
    },
    {
      "episode": 330,
      "mean_preact": 6.846734523773193,
      "std_preact": 179.3531036376953,
      "min_preact": -644.9341430664062,
      "max_preact": 577.0886840820312,
      "avg_actor_output_saturation": 1.0,
      "actor_activations_sample": {
        "fc3": {
          "min": -1.0,
          "max": 1.0,
          "mean": -0.02666666731238365,
          "saturation": 1.0
        }
      }
    },
    {
      "episode": 340,
      "mean_preact": 6.865626335144043,
      "std_preact": 179.90985107421875,
      "min_preact": -644.9341430664062,
      "max_preact": 578.9951782226562,
      "avg_actor_output_saturation": 1.0,
      "actor_activations_sample": {
        "fc3": {
          "min": -1.0,
          "max": 1.0,
          "mean": -0.02666666731238365,
          "saturation": 1.0
        }
      }
    }
  ],
  "clipping_history": [
    {
      "episode": 10,
      "critic_grad_before": 21354974.82359211,
      "critic_grad_after": 0.9999999645269765,
      "critic_was_clipped": true,
      "actor_avg_grad_before": 1.2664989139196182e-05,
      "actor_avg_grad_after": 1.2664989139196182e-05,
      "actor_clipped_count": 0,
      "actor_clipped_ratio": 0.0
    },
    {
      "episode": 20,
      "critic_grad_before": 42511180.20284653,
      "critic_grad_after": 0.999999999713176,
      "critic_was_clipped": true,
      "actor_avg_grad_before": 4.6061834614997644e-11,
      "actor_avg_grad_after": 4.6061834614997644e-11,
      "actor_clipped_count": 0,
      "actor_clipped_ratio": 0.0
    },
    {
      "episode": 30,
      "critic_grad_before": 70306586.56697056,
      "critic_grad_after": 1.0000001003404537,
      "critic_was_clipped": true,
      "actor_avg_grad_before": 0.0,
      "actor_avg_grad_after": 0.0,
      "actor_clipped_count": 0,
      "actor_clipped_ratio": 0.0
    },
    {
      "episode": 40,
      "critic_grad_before": 136047713.38458908,
      "critic_grad_after": 0.9999999464639534,
      "critic_was_clipped": true,
      "actor_avg_grad_before": 0.0,
      "actor_avg_grad_after": 0.0,
      "actor_clipped_count": 0,
      "actor_clipped_ratio": 0.0
    },
    {
      "episode": 50,
      "critic_grad_before": 77009737.53244305,
      "critic_grad_after": 1.0000000549576715,
      "critic_was_clipped": true,
      "actor_avg_grad_before": 0.0,
      "actor_avg_grad_after": 0.0,
      "actor_clipped_count": 0,
      "actor_clipped_ratio": 0.0
    },
    {
      "episode": 60,
      "critic_grad_before": 20550699.93049271,
      "critic_grad_after": 1.000000081801648,
      "critic_was_clipped": true,
      "actor_avg_grad_before": 0.0,
      "actor_avg_grad_after": 0.0,
      "actor_clipped_count": 0,
      "actor_clipped_ratio": 0.0
    },
    {
      "episode": 70,
      "critic_grad_before": 25711856.44740906,
      "critic_grad_after": 1.000000014528526,
      "critic_was_clipped": true,
      "actor_avg_grad_before": 0.0,
      "actor_avg_grad_after": 0.0,
      "actor_clipped_count": 0,
      "actor_clipped_ratio": 0.0
    },
    {
      "episode": 80,
      "critic_grad_before": 12608597.29454952,
      "critic_grad_after": 1.000000037943827,
      "critic_was_clipped": true,
      "actor_avg_grad_before": 0.0,
      "actor_avg_grad_after": 0.0,
      "actor_clipped_count": 0,
      "actor_clipped_ratio": 0.0
    },
    {
      "episode": 90,
      "critic_grad_before": 47832668.85973162,
      "critic_grad_after": 0.9999999229214761,
      "critic_was_clipped": true,
      "actor_avg_grad_before": 0.0,
      "actor_avg_grad_after": 0.0,
      "actor_clipped_count": 0,
      "actor_clipped_ratio": 0.0
    },
    {
      "episode": 100,
      "critic_grad_before": 30543603.388987113,
      "critic_grad_after": 0.9999999787027862,
      "critic_was_clipped": true,
      "actor_avg_grad_before": 0.0,
      "actor_avg_grad_after": 0.0,
      "actor_clipped_count": 0,
      "actor_clipped_ratio": 0.0
    },
    {
      "episode": 110,
      "critic_grad_before": 27705361.625060275,
      "critic_grad_after": 0.9999999187209934,
      "critic_was_clipped": true,
      "actor_avg_grad_before": 0.0,
      "actor_avg_grad_after": 0.0,
      "actor_clipped_count": 0,
      "actor_clipped_ratio": 0.0
    },
    {
      "episode": 120,
      "critic_grad_before": 5946556.932319279,
      "critic_grad_after": 0.9999999752840686,
      "critic_was_clipped": true,
      "actor_avg_grad_before": 0.0,
      "actor_avg_grad_after": 0.0,
      "actor_clipped_count": 0,
      "actor_clipped_ratio": 0.0
    },
    {
      "episode": 130,
      "critic_grad_before": 2847673.5575990905,
      "critic_grad_after": 1.0000000420436246,
      "critic_was_clipped": true,
      "actor_avg_grad_before": 0.0,
      "actor_avg_grad_after": 0.0,
      "actor_clipped_count": 0,
      "actor_clipped_ratio": 0.0
    },
    {
      "episode": 140,
      "critic_grad_before": 39685424.84079216,
      "critic_grad_after": 0.9999998946634703,
      "critic_was_clipped": true,
      "actor_avg_grad_before": 0.0,
      "actor_avg_grad_after": 0.0,
      "actor_clipped_count": 0,
      "actor_clipped_ratio": 0.0
    },
    {
      "episode": 150,
      "critic_grad_before": 14764497.216657897,
      "critic_grad_after": 1.0000000705236554,
      "critic_was_clipped": true,
      "actor_avg_grad_before": 0.0,
      "actor_avg_grad_after": 0.0,
      "actor_clipped_count": 0,
      "actor_clipped_ratio": 0.0
    },
    {
      "episode": 160,
      "critic_grad_before": 5641453.199418669,
      "critic_grad_after": 0.9999999847469282,
      "critic_was_clipped": true,
      "actor_avg_grad_before": 0.0,
      "actor_avg_grad_after": 0.0,
      "actor_clipped_count": 0,
      "actor_clipped_ratio": 0.0
    },
    {
      "episode": 170,
      "critic_grad_before": 61564944.456875175,
      "critic_grad_after": 1.0000000639173965,
      "critic_was_clipped": true,
      "actor_avg_grad_before": 0.0,
      "actor_avg_grad_after": 0.0,
      "actor_clipped_count": 0,
      "actor_clipped_ratio": 0.0
    },
    {
      "episode": 180,
      "critic_grad_before": 18335988.58721746,
      "critic_grad_after": 1.0000000361610735,
      "critic_was_clipped": true,
      "actor_avg_grad_before": 0.0,
      "actor_avg_grad_after": 0.0,
      "actor_clipped_count": 0,
      "actor_clipped_ratio": 0.0
    },
    {
      "episode": 190,
      "critic_grad_before": 19980849.92661123,
      "critic_grad_after": 1.0000000015118788,
      "critic_was_clipped": true,
      "actor_avg_grad_before": 0.0,
      "actor_avg_grad_after": 0.0,
      "actor_clipped_count": 0,
      "actor_clipped_ratio": 0.0
    },
    {
      "episode": 200,
      "critic_grad_before": 1890832.7412658348,
      "critic_grad_after": 0.9999999993532741,
      "critic_was_clipped": true,
      "actor_avg_grad_before": 0.0,
      "actor_avg_grad_after": 0.0,
      "actor_clipped_count": 0,
      "actor_clipped_ratio": 0.0
    },
    {
      "episode": 210,
      "critic_grad_before": 865411.782385067,
      "critic_grad_after": 0.9999999903378622,
      "critic_was_clipped": true,
      "actor_avg_grad_before": 0.0,
      "actor_avg_grad_after": 0.0,
      "actor_clipped_count": 0,
      "actor_clipped_ratio": 0.0
    },
    {
      "episode": 220,
      "critic_grad_before": 84159701.62307459,
      "critic_grad_after": 0.9999999648528951,
      "critic_was_clipped": true,
      "actor_avg_grad_before": 0.0,
      "actor_avg_grad_after": 0.0,
      "actor_clipped_count": 0,
      "actor_clipped_ratio": 0.0
    },
    {
      "episode": 230,
      "critic_grad_before": 14911074.068592168,
      "critic_grad_after": 0.9999999768561741,
      "critic_was_clipped": true,
      "actor_avg_grad_before": 0.0,
      "actor_avg_grad_after": 0.0,
      "actor_clipped_count": 0,
      "actor_clipped_ratio": 0.0
    },
    {
      "episode": 240,
      "critic_grad_before": 18226394.358149443,
      "critic_grad_after": 0.9999999970616863,
      "critic_was_clipped": true,
      "actor_avg_grad_before": 0.0,
      "actor_avg_grad_after": 0.0,
      "actor_clipped_count": 0,
      "actor_clipped_ratio": 0.0
    },
    {
      "episode": 250,
      "critic_grad_before": 49608298.35712792,
      "critic_grad_after": 1.0000001063649815,
      "critic_was_clipped": true,
      "actor_avg_grad_before": 0.0,
      "actor_avg_grad_after": 0.0,
      "actor_clipped_count": 0,
      "actor_clipped_ratio": 0.0
    },
    {
      "episode": 260,
      "critic_grad_before": 27429043.057657607,
      "critic_grad_after": 0.9999999241047196,
      "critic_was_clipped": true,
      "actor_avg_grad_before": 0.0,
      "actor_avg_grad_after": 0.0,
      "actor_clipped_count": 0,
      "actor_clipped_ratio": 0.0
    },
    {
      "episode": 270,
      "critic_grad_before": 871225.161705197,
      "critic_grad_after": 1.0000000055227471,
      "critic_was_clipped": true,
      "actor_avg_grad_before": 0.0,
      "actor_avg_grad_after": 0.0,
      "actor_clipped_count": 0,
      "actor_clipped_ratio": 0.0
    },
    {
      "episode": 280,
      "critic_grad_before": 51676358.665706985,
      "critic_grad_after": 0.9999999817576313,
      "critic_was_clipped": true,
      "actor_avg_grad_before": 0.0,
      "actor_avg_grad_after": 0.0,
      "actor_clipped_count": 0,
      "actor_clipped_ratio": 0.0
    },
    {
      "episode": 290,
      "critic_grad_before": 17716293.920433678,
      "critic_grad_after": 1.0000000458555247,
      "critic_was_clipped": true,
      "actor_avg_grad_before": 0.0,
      "actor_avg_grad_after": 0.0,
      "actor_clipped_count": 0,
      "actor_clipped_ratio": 0.0
    },
    {
      "episode": 300,
      "critic_grad_before": 12675085.038536219,
      "critic_grad_after": 1.0000000032224143,
      "critic_was_clipped": true,
      "actor_avg_grad_before": 0.0,
      "actor_avg_grad_after": 0.0,
      "actor_clipped_count": 0,
      "actor_clipped_ratio": 0.0
    },
    {
      "episode": 310,
      "critic_grad_before": 3753718.654825069,
      "critic_grad_after": 0.9999999459635305,
      "critic_was_clipped": true,
      "actor_avg_grad_before": 0.0,
      "actor_avg_grad_after": 0.0,
      "actor_clipped_count": 0,
      "actor_clipped_ratio": 0.0
    },
    {
      "episode": 320,
      "critic_grad_before": 54861251.06497376,
      "critic_grad_after": 1.0000000140312002,
      "critic_was_clipped": true,
      "actor_avg_grad_before": 0.0,
      "actor_avg_grad_after": 0.0,
      "actor_clipped_count": 0,
      "actor_clipped_ratio": 0.0
    },
    {
      "episode": 330,
      "critic_grad_before": 2467406.544056477,
      "critic_grad_after": 0.9999999393740607,
      "critic_was_clipped": true,
      "actor_avg_grad_before": 0.0,
      "actor_avg_grad_after": 0.0,
      "actor_clipped_count": 0,
      "actor_clipped_ratio": 0.0
    },
    {
      "episode": 340,
      "critic_grad_before": 17668620.438641038,
      "critic_grad_after": 0.999999975279709,
      "critic_was_clipped": true,
      "actor_avg_grad_before": 0.0,
      "actor_avg_grad_after": 0.0,
      "actor_clipped_count": 0,
      "actor_clipped_ratio": 0.0
    }
  ]
}