{
  "gradient_history": [
    {
      "episode": 10,
      "actor_grad": 1.61462805500172e-12,
      "critic_grad": 2973717.7031204496,
      "actor_per_layer": {
        "fc1": 1.0133093565084897e-13,
        "fc2": 1.944464882428771e-13,
        "fc3": 1.5996707038290015e-12
      },
      "critic_per_layer": {
        "fc1": 158008.13070869658,
        "fc2": 156676.17174090593,
        "fc3": 2965380.7488568
      }
    },
    {
      "episode": 20,
      "actor_grad": 0.0,
      "critic_grad": 4178101.9589833682,
      "actor_per_layer": {
        "fc1": 0.0,
        "fc2": 0.0,
        "fc3": 0.0
      },
      "critic_per_layer": {
        "fc1": 239003.93055970393,
        "fc2": 227735.62798238025,
        "fc3": 4165038.9655542406
      }
    },
    {
      "episode": 30,
      "actor_grad": 0.0,
      "critic_grad": 6929890.647193799,
      "actor_per_layer": {
        "fc1": 0.0,
        "fc2": 0.0,
        "fc3": 0.0
      },
      "critic_per_layer": {
        "fc1": 411716.23374293133,
        "fc2": 386446.16486817074,
        "fc3": 6906846.855591581
      }
    },
    {
      "episode": 40,
      "actor_grad": 0.0,
      "critic_grad": 11396212.397685947,
      "actor_per_layer": {
        "fc1": 0.0,
        "fc2": 0.0,
        "fc3": 0.0
      },
      "critic_per_layer": {
        "fc1": 691074.4002123432,
        "fc2": 652505.544695779,
        "fc3": 11356509.573838403
      }
    },
    {
      "episode": 50,
      "actor_grad": 0.0,
      "critic_grad": 17540967.103782002,
      "actor_per_layer": {
        "fc1": 0.0,
        "fc2": 0.0,
        "fc3": 0.0
      },
      "critic_per_layer": {
        "fc1": 1081461.288853203,
        "fc2": 1021615.2340645691,
        "fc3": 17477765.03819071
      }
    },
    {
      "episode": 60,
      "actor_grad": 0.0,
      "critic_grad": 19598712.796577983,
      "actor_per_layer": {
        "fc1": 0.0,
        "fc2": 0.0,
        "fc3": 0.0
      },
      "critic_per_layer": {
        "fc1": 1218846.9187184037,
        "fc2": 1151751.7863186747,
        "fc3": 19526838.53812982
      }
    },
    {
      "episode": 70,
      "actor_grad": 0.0,
      "critic_grad": 35826565.99883444,
      "actor_per_layer": {
        "fc1": 0.0,
        "fc2": 0.0,
        "fc3": 0.0
      },
      "critic_per_layer": {
        "fc1": 2230225.8321761675,
        "fc2": 2110212.548488025,
        "fc3": 35694760.49795736
      }
    },
    {
      "episode": 80,
      "actor_grad": 0.0,
      "critic_grad": 42016129.3220461,
      "actor_per_layer": {
        "fc1": 0.0,
        "fc2": 0.0,
        "fc3": 0.0
      },
      "critic_per_layer": {
        "fc1": 2616121.3452110025,
        "fc2": 2471994.041025301,
        "fc3": 41861680.30281595
      }
    },
    {
      "episode": 90,
      "actor_grad": 0.0,
      "critic_grad": 55497419.733293466,
      "actor_per_layer": {
        "fc1": 0.0,
        "fc2": 0.0,
        "fc3": 0.0
      },
      "critic_per_layer": {
        "fc1": 3449237.8756922833,
        "fc2": 3256048.540681299,
        "fc3": 55294344.222813316
      }
    },
    {
      "episode": 100,
      "actor_grad": 0.0,
      "critic_grad": 81544369.958058,
      "actor_per_layer": {
        "fc1": 0.0,
        "fc2": 0.0,
        "fc3": 0.0
      },
      "critic_per_layer": {
        "fc1": 5052680.182565928,
        "fc2": 4769796.545429907,
        "fc3": 81247792.18996994
      }
    },
    {
      "episode": 110,
      "actor_grad": 0.0,
      "critic_grad": 100467054.23436636,
      "actor_per_layer": {
        "fc1": 0.0,
        "fc2": 0.0,
        "fc3": 0.0
      },
      "critic_per_layer": {
        "fc1": 6201350.224028025,
        "fc2": 5859126.54384032,
        "fc3": 100104160.14368895
      }
    },
    {
      "episode": 120,
      "actor_grad": 0.0,
      "critic_grad": 129574264.55625516,
      "actor_per_layer": {
        "fc1": 0.0,
        "fc2": 0.0,
        "fc3": 0.0
      },
      "critic_per_layer": {
        "fc1": 7968004.793280609,
        "fc2": 7533348.5464250315,
        "fc3": 129109448.12284939
      }
    },
    {
      "episode": 130,
      "actor_grad": 0.0,
      "critic_grad": 134279370.18280217,
      "actor_per_layer": {
        "fc1": 0.0,
        "fc2": 0.0,
        "fc3": 0.0
      },
      "critic_per_layer": {
        "fc1": 8246104.299007673,
        "fc2": 7786171.039542346,
        "fc3": 133799576.0872317
      }
    },
    {
      "episode": 140,
      "actor_grad": 0.0,
      "critic_grad": 46040257.031882145,
      "actor_per_layer": {
        "fc1": 0.0,
        "fc2": 0.0,
        "fc3": 0.0
      },
      "critic_per_layer": {
        "fc1": 2817725.8517891285,
        "fc2": 2663196.5114795393,
        "fc3": 45876716.021607034
      }
    },
    {
      "episode": 150,
      "actor_grad": 0.0,
      "critic_grad": 16222734.9971348,
      "actor_per_layer": {
        "fc1": 0.0,
        "fc2": 0.0,
        "fc3": 0.0
      },
      "critic_per_layer": {
        "fc1": 992289.9112484751,
        "fc2": 936304.6911123286,
        "fc3": 16165266.005998718
      }
    },
    {
      "episode": 160,
      "actor_grad": 0.0,
      "critic_grad": 136608068.6358172,
      "actor_per_layer": {
        "fc1": 0.0,
        "fc2": 0.0,
        "fc3": 0.0
      },
      "critic_per_layer": {
        "fc1": 8345563.800197729,
        "fc2": 7869452.526731791,
        "fc3": 136125632.0396511
      }
    },
    {
      "episode": 170,
      "actor_grad": 0.0,
      "critic_grad": 181520211.5147927,
      "actor_per_layer": {
        "fc1": 0.0,
        "fc2": 0.0,
        "fc3": 0.0
      },
      "critic_per_layer": {
        "fc1": 11062623.398863655,
        "fc2": 10435881.031503977,
        "fc3": 180882000.0414809
      }
    },
    {
      "episode": 180,
      "actor_grad": 0.0,
      "critic_grad": 1854382.715335692,
      "actor_per_layer": {
        "fc1": 0.0,
        "fc2": 0.0,
        "fc3": 0.0
      },
      "critic_per_layer": {
        "fc1": 205106.65789900647,
        "fc2": 107921.30489229216,
        "fc3": 1839842.2502409327
      }
    },
    {
      "episode": 190,
      "actor_grad": 0.0,
      "critic_grad": 223207802.59084707,
      "actor_per_layer": {
        "fc1": 0.0,
        "fc2": 0.0,
        "fc3": 0.0
      },
      "critic_per_layer": {
        "fc1": 13571865.497950625,
        "fc2": 12787726.0306275,
        "fc3": 222427520.03137046
      }
    },
    {
      "episode": 200,
      "actor_grad": 0.0,
      "critic_grad": 50183767.68468478,
      "actor_per_layer": {
        "fc1": 0.0,
        "fc2": 0.0,
        "fc3": 0.0
      },
      "critic_per_layer": {
        "fc1": 3062242.6084849625,
        "fc2": 2870600.2560228053,
        "fc3": 50007928.00554042
      }
    },
    {
      "episode": 210,
      "actor_grad": 0.0,
      "critic_grad": 202760018.52800706,
      "actor_per_layer": {
        "fc1": 0.0,
        "fc2": 0.0,
        "fc3": 0.0
      },
      "critic_per_layer": {
        "fc1": 12310423.434419826,
        "fc2": 11584815.021881927,
        "fc3": 202054128.01834026
      }
    },
    {
      "episode": 220,
      "actor_grad": 0.0,
      "critic_grad": 203454215.179628,
      "actor_per_layer": {
        "fc1": 0.0,
        "fc2": 0.0,
        "fc3": 0.0
      },
      "critic_per_layer": {
        "fc1": 12331413.447455877,
        "fc2": 11611282.02057555,
        "fc3": 202747952.01576006
      }
    },
    {
      "episode": 230,
      "actor_grad": 0.0,
      "critic_grad": 161048821.37610918,
      "actor_per_layer": {
        "fc1": 0.0,
        "fc2": 0.0,
        "fc3": 0.0
      },
      "critic_per_layer": {
        "fc1": 9781715.348227106,
        "fc2": 9180592.014821999,
        "fc3": 160489120.01047787
      }
    },
    {
      "episode": 240,
      "actor_grad": 0.0,
      "critic_grad": 122822997.39689986,
      "actor_per_layer": {
        "fc1": 0.0,
        "fc2": 0.0,
        "fc3": 0.0
      },
      "critic_per_layer": {
        "fc1": 7438099.27142063,
        "fc2": 6995010.510676659,
        "fc3": 122397848.00699268
      }
    },
    {
      "episode": 250,
      "actor_grad": 0.0,
      "critic_grad": 25965591.20406143,
      "actor_per_layer": {
        "fc1": 0.0,
        "fc2": 0.0,
        "fc3": 0.0
      },
      "critic_per_layer": {
        "fc1": 2077408.9146846086,
        "fc2": 1479612.001918103,
        "fc3": 25840028.001172934
      }
    },
    {
      "episode": 260,
      "actor_grad": 0.0,
      "critic_grad": 180738209.70607162,
      "actor_per_layer": {
        "fc1": 0.0,
        "fc2": 0.0,
        "fc3": 0.0
      },
      "critic_per_layer": {
        "fc1": 10928730.40107119,
        "fc2": 10273518.013795825,
        "fc3": 180114736.0079037
      }
    },
    {
      "episode": 270,
      "actor_grad": 0.0,
      "critic_grad": 191393880.15039575,
      "actor_per_layer": {
        "fc1": 0.0,
        "fc2": 0.0,
        "fc3": 0.0
      },
      "critic_per_layer": {
        "fc1": 11558209.426471408,
        "fc2": 10869745.013812328,
        "fc3": 190735088.00745755
      }
    },
    {
      "episode": 280,
      "actor_grad": 0.0,
      "critic_grad": 114395239.32697861,
      "actor_per_layer": {
        "fc1": 0.0,
        "fc2": 0.0,
        "fc3": 0.0
      },
      "critic_per_layer": {
        "fc1": 6908712.754309642,
        "fc2": 6492594.007879041,
        "fc3": 114001696.00406832
      }
    },
    {
      "episode": 290,
      "actor_grad": 0.0,
      "critic_grad": 72351173.216556,
      "actor_per_layer": {
        "fc1": 0.0,
        "fc2": 0.0,
        "fc3": 0.0
      },
      "critic_per_layer": {
        "fc1": 4373115.661422341,
        "fc2": 4103483.004799497,
        "fc3": 72102216.00237565
      }
    },
    {
      "episode": 300,
      "actor_grad": 0.0,
      "critic_grad": 91885026.20664187,
      "actor_per_layer": {
        "fc1": 0.0,
        "fc2": 0.0,
        "fc3": 0.0
      },
      "critic_per_layer": {
        "fc1": 5546380.197998841,
        "fc2": 5207844.505657368,
        "fc3": 91569504.00269406
      }
    },
    {
      "episode": 310,
      "actor_grad": 0.0,
      "critic_grad": 269833963.9086932,
      "actor_per_layer": {
        "fc1": 0.0,
        "fc2": 0.0,
        "fc3": 0.0
      },
      "critic_per_layer": {
        "fc1": 16263146.598220618,
        "fc2": 15282002.016405206,
        "fc3": 268909536.00750816
      }
    },
    {
      "episode": 320,
      "actor_grad": 0.0,
      "critic_grad": 149038111.429655,
      "actor_per_layer": {
        "fc1": 0.0,
        "fc2": 0.0,
        "fc3": 0.0
      },
      "critic_per_layer": {
        "fc1": 8994138.33322672,
        "fc2": 8433311.008749774,
        "fc3": 148527248.00382835
      }
    },
    {
      "episode": 330,
      "actor_grad": 0.0,
      "critic_grad": 213149080.27317286,
      "actor_per_layer": {
        "fc1": 0.0,
        "fc2": 0.0,
        "fc3": 0.0
      },
      "critic_per_layer": {
        "fc1": 12857272.465072466,
        "fc2": 12050563.011712916,
        "fc3": 212419408.00491634
      }
    },
    {
      "episode": 340,
      "actor_grad": 0.0,
      "critic_grad": 39137340.23990229,
      "actor_per_layer": {
        "fc1": 0.0,
        "fc2": 0.0,
        "fc3": 0.0
      },
      "critic_per_layer": {
        "fc1": 2358384.086272328,
        "fc2": 2210809.0020802715,
        "fc3": 39003612.00083671
      }
    },
    {
      "episode": 350,
      "actor_grad": 0.0,
      "critic_grad": 107516038.23825587,
      "actor_per_layer": {
        "fc1": 0.0,
        "fc2": 0.0,
        "fc3": 0.0
      },
      "critic_per_layer": {
        "fc1": 6479905.239487813,
        "fc2": 6069640.505602034,
        "fc3": 107148816.00218508
      }
    },
    {
      "episode": 360,
      "actor_grad": 0.0,
      "critic_grad": 60973186.33034514,
      "actor_per_layer": {
        "fc1": 0.0,
        "fc2": 0.0,
        "fc3": 0.0
      },
      "critic_per_layer": {
        "fc1": 3680586.1305161035,
        "fc2": 3440336.5029759286,
        "fc3": 60764684.00112957
      }
    }
  ],
  "asymmetry_history": [
    {
      "episode": 10,
      "ratio": 5.4296615085803925e-19,
      "actor_grad": 1.61462805500172e-12,
      "critic_grad": 2973717.7031204496
    },
    {
      "episode": 20,
      "ratio": 0.0,
      "actor_grad": 0.0,
      "critic_grad": 4178101.9589833682
    },
    {
      "episode": 30,
      "ratio": 0.0,
      "actor_grad": 0.0,
      "critic_grad": 6929890.647193799
    },
    {
      "episode": 40,
      "ratio": 0.0,
      "actor_grad": 0.0,
      "critic_grad": 11396212.397685947
    },
    {
      "episode": 50,
      "ratio": 0.0,
      "actor_grad": 0.0,
      "critic_grad": 17540967.103782002
    },
    {
      "episode": 60,
      "ratio": 0.0,
      "actor_grad": 0.0,
      "critic_grad": 19598712.796577983
    },
    {
      "episode": 70,
      "ratio": 0.0,
      "actor_grad": 0.0,
      "critic_grad": 35826565.99883444
    },
    {
      "episode": 80,
      "ratio": 0.0,
      "actor_grad": 0.0,
      "critic_grad": 42016129.3220461
    },
    {
      "episode": 90,
      "ratio": 0.0,
      "actor_grad": 0.0,
      "critic_grad": 55497419.733293466
    },
    {
      "episode": 100,
      "ratio": 0.0,
      "actor_grad": 0.0,
      "critic_grad": 81544369.958058
    },
    {
      "episode": 110,
      "ratio": 0.0,
      "actor_grad": 0.0,
      "critic_grad": 100467054.23436636
    },
    {
      "episode": 120,
      "ratio": 0.0,
      "actor_grad": 0.0,
      "critic_grad": 129574264.55625516
    },
    {
      "episode": 130,
      "ratio": 0.0,
      "actor_grad": 0.0,
      "critic_grad": 134279370.18280217
    },
    {
      "episode": 140,
      "ratio": 0.0,
      "actor_grad": 0.0,
      "critic_grad": 46040257.031882145
    },
    {
      "episode": 150,
      "ratio": 0.0,
      "actor_grad": 0.0,
      "critic_grad": 16222734.9971348
    },
    {
      "episode": 160,
      "ratio": 0.0,
      "actor_grad": 0.0,
      "critic_grad": 136608068.6358172
    },
    {
      "episode": 170,
      "ratio": 0.0,
      "actor_grad": 0.0,
      "critic_grad": 181520211.5147927
    },
    {
      "episode": 180,
      "ratio": 0.0,
      "actor_grad": 0.0,
      "critic_grad": 1854382.715335692
    },
    {
      "episode": 190,
      "ratio": 0.0,
      "actor_grad": 0.0,
      "critic_grad": 223207802.59084707
    },
    {
      "episode": 200,
      "ratio": 0.0,
      "actor_grad": 0.0,
      "critic_grad": 50183767.68468478
    },
    {
      "episode": 210,
      "ratio": 0.0,
      "actor_grad": 0.0,
      "critic_grad": 202760018.52800706
    },
    {
      "episode": 220,
      "ratio": 0.0,
      "actor_grad": 0.0,
      "critic_grad": 203454215.179628
    },
    {
      "episode": 230,
      "ratio": 0.0,
      "actor_grad": 0.0,
      "critic_grad": 161048821.37610918
    },
    {
      "episode": 240,
      "ratio": 0.0,
      "actor_grad": 0.0,
      "critic_grad": 122822997.39689986
    },
    {
      "episode": 250,
      "ratio": 0.0,
      "actor_grad": 0.0,
      "critic_grad": 25965591.20406143
    },
    {
      "episode": 260,
      "ratio": 0.0,
      "actor_grad": 0.0,
      "critic_grad": 180738209.70607162
    },
    {
      "episode": 270,
      "ratio": 0.0,
      "actor_grad": 0.0,
      "critic_grad": 191393880.15039575
    },
    {
      "episode": 280,
      "ratio": 0.0,
      "actor_grad": 0.0,
      "critic_grad": 114395239.32697861
    },
    {
      "episode": 290,
      "ratio": 0.0,
      "actor_grad": 0.0,
      "critic_grad": 72351173.216556
    },
    {
      "episode": 300,
      "ratio": 0.0,
      "actor_grad": 0.0,
      "critic_grad": 91885026.20664187
    },
    {
      "episode": 310,
      "ratio": 0.0,
      "actor_grad": 0.0,
      "critic_grad": 269833963.9086932
    },
    {
      "episode": 320,
      "ratio": 0.0,
      "actor_grad": 0.0,
      "critic_grad": 149038111.429655
    },
    {
      "episode": 330,
      "ratio": 0.0,
      "actor_grad": 0.0,
      "critic_grad": 213149080.27317286
    },
    {
      "episode": 340,
      "ratio": 0.0,
      "actor_grad": 0.0,
      "critic_grad": 39137340.23990229
    },
    {
      "episode": 350,
      "ratio": 0.0,
      "actor_grad": 0.0,
      "critic_grad": 107516038.23825587
    },
    {
      "episode": 360,
      "ratio": 0.0,
      "actor_grad": 0.0,
      "critic_grad": 60973186.33034514
    }
  ],
  "activation_history": [
    {
      "episode": 10,
      "mean_preact": 1.0979613065719604,
      "std_preact": 37.185279846191406,
      "min_preact": -144.6096954345703,
      "max_preact": 139.71334838867188,
      "avg_actor_output_saturation": 0.9418657439446366,
      "actor_activations_sample": {
        "fc3": {
          "min": -1.0,
          "max": 1.0,
          "mean": 0.011576290242373943,
          "saturation": 0.9418657439446366
        }
      }
    },
    {
      "episode": 20,
      "mean_preact": 3.299293279647827,
      "std_preact": 84.41365051269531,
      "min_preact": -236.2516326904297,
      "max_preact": 230.07406616210938,
      "avg_actor_output_saturation": 1.0,
      "actor_activations_sample": {
        "fc3": {
          "min": -1.0,
          "max": 1.0,
          "mean": 0.013333333656191826,
          "saturation": 1.0
        }
      }
    },
    {
      "episode": 30,
      "mean_preact": 4.616911888122559,
      "std_preact": 110.7340316772461,
      "min_preact": -272.9558410644531,
      "max_preact": 266.3814697265625,
      "avg_actor_output_saturation": 1.0,
      "actor_activations_sample": {
        "fc3": {
          "min": -1.0,
          "max": 1.0,
          "mean": 0.013333333656191826,
          "saturation": 1.0
        }
      }
    },
    {
      "episode": 40,
      "mean_preact": 5.271578788757324,
      "std_preact": 122.55799865722656,
      "min_preact": -293.2925109863281,
      "max_preact": 286.4329528808594,
      "avg_actor_output_saturation": 1.0,
      "actor_activations_sample": {
        "fc3": {
          "min": -1.0,
          "max": 1.0,
          "mean": 0.013333333656191826,
          "saturation": 1.0
        }
      }
    },
    {
      "episode": 50,
      "mean_preact": 5.477590084075928,
      "std_preact": 127.30101013183594,
      "min_preact": -299.2123107910156,
      "max_preact": 292.2855224609375,
      "avg_actor_output_saturation": 1.0,
      "actor_activations_sample": {
        "fc3": {
          "min": -1.0,
          "max": 1.0,
          "mean": 0.013333333656191826,
          "saturation": 1.0
        }
      }
    },
    {
      "episode": 60,
      "mean_preact": 5.348433017730713,
      "std_preact": 129.45330810546875,
      "min_preact": -303.85589599609375,
      "max_preact": 296.8767395019531,
      "avg_actor_output_saturation": 1.0,
      "actor_activations_sample": {
        "fc3": {
          "min": -1.0,
          "max": 1.0,
          "mean": 0.013333333656191826,
          "saturation": 1.0
        }
      }
    },
    {
      "episode": 70,
      "mean_preact": 5.619340419769287,
      "std_preact": 129.7538299560547,
      "min_preact": -304.6565856933594,
      "max_preact": 297.66845703125,
      "avg_actor_output_saturation": 1.0,
      "actor_activations_sample": {
        "fc3": {
          "min": -1.0,
          "max": 1.0,
          "mean": 0.013333333656191826,
          "saturation": 1.0
        }
      }
    },
    {
      "episode": 80,
      "mean_preact": 5.878320693969727,
      "std_preact": 130.43399047851562,
      "min_preact": -305.4809265136719,
      "max_preact": 298.4788818359375,
      "avg_actor_output_saturation": 1.0,
      "actor_activations_sample": {
        "fc3": {
          "min": -1.0,
          "max": 1.0,
          "mean": 0.013333333656191826,
          "saturation": 1.0
        }
      }
    },
    {
      "episode": 90,
      "mean_preact": 5.776513576507568,
      "std_preact": 130.69552612304688,
      "min_preact": -305.8048400878906,
      "max_preact": 298.7991638183594,
      "avg_actor_output_saturation": 1.0,
      "actor_activations_sample": {
        "fc3": {
          "min": -1.0,
          "max": 1.0,
          "mean": 0.013333333656191826,
          "saturation": 1.0
        }
      }
    },
    {
      "episode": 100,
      "mean_preact": 5.797182083129883,
      "std_preact": 130.41671752929688,
      "min_preact": -305.4336853027344,
      "max_preact": 298.4367980957031,
      "avg_actor_output_saturation": 1.0,
      "actor_activations_sample": {
        "fc3": {
          "min": -1.0,
          "max": 1.0,
          "mean": 0.013333333656191826,
          "saturation": 1.0
        }
      }
    },
    {
      "episode": 110,
      "mean_preact": 5.558957099914551,
      "std_preact": 130.16795349121094,
      "min_preact": -305.4505310058594,
      "max_preact": 298.4534912109375,
      "avg_actor_output_saturation": 1.0,
      "actor_activations_sample": {
        "fc3": {
          "min": -1.0,
          "max": 1.0,
          "mean": 0.013333333656191826,
          "saturation": 1.0
        }
      }
    },
    {
      "episode": 120,
      "mean_preact": 5.785641193389893,
      "std_preact": 130.2577667236328,
      "min_preact": -304.90740966796875,
      "max_preact": 297.9187927246094,
      "avg_actor_output_saturation": 1.0,
      "actor_activations_sample": {
        "fc3": {
          "min": -1.0,
          "max": 1.0,
          "mean": 0.013333333656191826,
          "saturation": 1.0
        }
      }
    },
    {
      "episode": 130,
      "mean_preact": 5.80979585647583,
      "std_preact": 130.36685180664062,
      "min_preact": -305.46484375,
      "max_preact": 298.4676513671875,
      "avg_actor_output_saturation": 1.0,
      "actor_activations_sample": {
        "fc3": {
          "min": -1.0,
          "max": 1.0,
          "mean": 0.013333333656191826,
          "saturation": 1.0
        }
      }
    },
    {
      "episode": 140,
      "mean_preact": 5.704016208648682,
      "std_preact": 130.33111572265625,
      "min_preact": -305.75213623046875,
      "max_preact": 298.7470703125,
      "avg_actor_output_saturation": 1.0,
      "actor_activations_sample": {
        "fc3": {
          "min": -1.0,
          "max": 1.0,
          "mean": 0.013333333656191826,
          "saturation": 1.0
        }
      }
    },
    {
      "episode": 150,
      "mean_preact": 5.753922462463379,
      "std_preact": 130.48651123046875,
      "min_preact": -305.88702392578125,
      "max_preact": 298.8804016113281,
      "avg_actor_output_saturation": 1.0,
      "actor_activations_sample": {
        "fc3": {
          "min": -1.0,
          "max": 1.0,
          "mean": 0.013333333656191826,
          "saturation": 1.0
        }
      }
    },
    {
      "episode": 160,
      "mean_preact": 5.68096399307251,
      "std_preact": 130.174072265625,
      "min_preact": -305.7530822753906,
      "max_preact": 298.7480163574219,
      "avg_actor_output_saturation": 1.0,
      "actor_activations_sample": {
        "fc3": {
          "min": -1.0,
          "max": 1.0,
          "mean": 0.013333333656191826,
          "saturation": 1.0
        }
      }
    },
    {
      "episode": 170,
      "mean_preact": 5.807202339172363,
      "std_preact": 130.2471466064453,
      "min_preact": -305.8871154785156,
      "max_preact": 298.88055419921875,
      "avg_actor_output_saturation": 1.0,
      "actor_activations_sample": {
        "fc3": {
          "min": -1.0,
          "max": 1.0,
          "mean": 0.013333333656191826,
          "saturation": 1.0
        }
      }
    },
    {
      "episode": 180,
      "mean_preact": 5.761794567108154,
      "std_preact": 130.0056915283203,
      "min_preact": -305.8871154785156,
      "max_preact": 298.88055419921875,
      "avg_actor_output_saturation": 1.0,
      "actor_activations_sample": {
        "fc3": {
          "min": -1.0,
          "max": 1.0,
          "mean": 0.013333333656191826,
          "saturation": 1.0
        }
      }
    },
    {
      "episode": 190,
      "mean_preact": 5.727956295013428,
      "std_preact": 129.8916778564453,
      "min_preact": -305.8871154785156,
      "max_preact": 298.88055419921875,
      "avg_actor_output_saturation": 1.0,
      "actor_activations_sample": {
        "fc3": {
          "min": -1.0,
          "max": 1.0,
          "mean": 0.013333333656191826,
          "saturation": 1.0
        }
      }
    },
    {
      "episode": 200,
      "mean_preact": 5.773304462432861,
      "std_preact": 130.17623901367188,
      "min_preact": -305.8871154785156,
      "max_preact": 298.88055419921875,
      "avg_actor_output_saturation": 1.0,
      "actor_activations_sample": {
        "fc3": {
          "min": -1.0,
          "max": 1.0,
          "mean": 0.013333333656191826,
          "saturation": 1.0
        }
      }
    },
    {
      "episode": 210,
      "mean_preact": 5.856377124786377,
      "std_preact": 130.3983154296875,
      "min_preact": -305.8871154785156,
      "max_preact": 298.88055419921875,
      "avg_actor_output_saturation": 1.0,
      "actor_activations_sample": {
        "fc3": {
          "min": -1.0,
          "max": 1.0,
          "mean": 0.013333333656191826,
          "saturation": 1.0
        }
      }
    },
    {
      "episode": 220,
      "mean_preact": 5.641332149505615,
      "std_preact": 130.37428283691406,
      "min_preact": -305.7530822753906,
      "max_preact": 298.7480163574219,
      "avg_actor_output_saturation": 1.0,
      "actor_activations_sample": {
        "fc3": {
          "min": -1.0,
          "max": 1.0,
          "mean": 0.013333333656191826,
          "saturation": 1.0
        }
      }
    },
    {
      "episode": 230,
      "mean_preact": 5.824408054351807,
      "std_preact": 130.17721557617188,
      "min_preact": -305.8871154785156,
      "max_preact": 298.88055419921875,
      "avg_actor_output_saturation": 1.0,
      "actor_activations_sample": {
        "fc3": {
          "min": -1.0,
          "max": 1.0,
          "mean": 0.013333333656191826,
          "saturation": 1.0
        }
      }
    },
    {
      "episode": 240,
      "mean_preact": 5.817867279052734,
      "std_preact": 129.87551879882812,
      "min_preact": -305.2126770019531,
      "max_preact": 298.2198181152344,
      "avg_actor_output_saturation": 1.0,
      "actor_activations_sample": {
        "fc3": {
          "min": -1.0,
          "max": 1.0,
          "mean": 0.013333333656191826,
          "saturation": 1.0
        }
      }
    },
    {
      "episode": 250,
      "mean_preact": 5.807910919189453,
      "std_preact": 129.9551239013672,
      "min_preact": -305.2126770019531,
      "max_preact": 298.2198181152344,
      "avg_actor_output_saturation": 1.0,
      "actor_activations_sample": {
        "fc3": {
          "min": -1.0,
          "max": 1.0,
          "mean": 0.013333333656191826,
          "saturation": 1.0
        }
      }
    },
    {
      "episode": 260,
      "mean_preact": 5.796787738800049,
      "std_preact": 129.99415588378906,
      "min_preact": -305.7530822753906,
      "max_preact": 298.7480163574219,
      "avg_actor_output_saturation": 1.0,
      "actor_activations_sample": {
        "fc3": {
          "min": -1.0,
          "max": 1.0,
          "mean": 0.013333333656191826,
          "saturation": 1.0
        }
      }
    },
    {
      "episode": 270,
      "mean_preact": 5.744891166687012,
      "std_preact": 130.073974609375,
      "min_preact": -305.8871154785156,
      "max_preact": 298.88055419921875,
      "avg_actor_output_saturation": 1.0,
      "actor_activations_sample": {
        "fc3": {
          "min": -1.0,
          "max": 1.0,
          "mean": 0.013333333656191826,
          "saturation": 1.0
        }
      }
    },
    {
      "episode": 280,
      "mean_preact": 5.717207431793213,
      "std_preact": 129.9770050048828,
      "min_preact": -305.64837646484375,
      "max_preact": 298.6435852050781,
      "avg_actor_output_saturation": 1.0,
      "actor_activations_sample": {
        "fc3": {
          "min": -1.0,
          "max": 1.0,
          "mean": 0.013333333656191826,
          "saturation": 1.0
        }
      }
    },
    {
      "episode": 290,
      "mean_preact": 6.000728130340576,
      "std_preact": 129.46629333496094,
      "min_preact": -305.8871154785156,
      "max_preact": 298.88055419921875,
      "avg_actor_output_saturation": 1.0,
      "actor_activations_sample": {
        "fc3": {
          "min": -1.0,
          "max": 1.0,
          "mean": 0.013333333656191826,
          "saturation": 1.0
        }
      }
    },
    {
      "episode": 300,
      "mean_preact": 5.722923278808594,
      "std_preact": 129.95741271972656,
      "min_preact": -305.5355529785156,
      "max_preact": 298.5324401855469,
      "avg_actor_output_saturation": 1.0,
      "actor_activations_sample": {
        "fc3": {
          "min": -1.0,
          "max": 1.0,
          "mean": 0.013333333656191826,
          "saturation": 1.0
        }
      }
    },
    {
      "episode": 310,
      "mean_preact": 5.754599094390869,
      "std_preact": 130.00949096679688,
      "min_preact": -305.7649841308594,
      "max_preact": 298.76080322265625,
      "avg_actor_output_saturation": 1.0,
      "actor_activations_sample": {
        "fc3": {
          "min": -1.0,
          "max": 1.0,
          "mean": 0.013333333656191826,
          "saturation": 1.0
        }
      }
    },
    {
      "episode": 320,
      "mean_preact": 5.754125595092773,
      "std_preact": 129.46095275878906,
      "min_preact": -304.4422912597656,
      "max_preact": 297.4658508300781,
      "avg_actor_output_saturation": 1.0,
      "actor_activations_sample": {
        "fc3": {
          "min": -1.0,
          "max": 1.0,
          "mean": 0.013333333656191826,
          "saturation": 1.0
        }
      }
    },
    {
      "episode": 330,
      "mean_preact": 5.691699504852295,
      "std_preact": 129.85179138183594,
      "min_preact": -305.00433349609375,
      "max_preact": 298.01629638671875,
      "avg_actor_output_saturation": 1.0,
      "actor_activations_sample": {
        "fc3": {
          "min": -1.0,
          "max": 1.0,
          "mean": 0.013333333656191826,
          "saturation": 1.0
        }
      }
    },
    {
      "episode": 340,
      "mean_preact": 5.7857985496521,
      "std_preact": 129.545166015625,
      "min_preact": -305.8500061035156,
      "max_preact": 298.84307861328125,
      "avg_actor_output_saturation": 1.0,
      "actor_activations_sample": {
        "fc3": {
          "min": -1.0,
          "max": 1.0,
          "mean": 0.013333333656191826,
          "saturation": 1.0
        }
      }
    },
    {
      "episode": 350,
      "mean_preact": 5.860739707946777,
      "std_preact": 129.70191955566406,
      "min_preact": -304.8016357421875,
      "max_preact": 297.8167419433594,
      "avg_actor_output_saturation": 1.0,
      "actor_activations_sample": {
        "fc3": {
          "min": -1.0,
          "max": 1.0,
          "mean": 0.013333333656191826,
          "saturation": 1.0
        }
      }
    },
    {
      "episode": 360,
      "mean_preact": 5.798214912414551,
      "std_preact": 130.0003204345703,
      "min_preact": -305.69085693359375,
      "max_preact": 298.685791015625,
      "avg_actor_output_saturation": 1.0,
      "actor_activations_sample": {
        "fc3": {
          "min": -1.0,
          "max": 1.0,
          "mean": 0.013333333656191826,
          "saturation": 1.0
        }
      }
    }
  ]
}