{
  "gradient_history": [
    {
      "episode": 10,
      "actor_grad": 0.0,
      "critic_grad": 16662091.592069902,
      "actor_per_layer": {
        "fc1": 0.0,
        "fc2": 0.0,
        "fc3": 0.0
      },
      "critic_per_layer": {
        "fc1": 1034878.099782792,
        "fc2": 1037351.9132932082,
        "fc3": 16597536.70124285
      }
    },
    {
      "episode": 20,
      "actor_grad": 0.0,
      "critic_grad": 79658230.05428359,
      "actor_per_layer": {
        "fc1": 0.0,
        "fc2": 0.0,
        "fc3": 0.0
      },
      "critic_per_layer": {
        "fc1": 4688814.169316977,
        "fc2": 5017080.037379898,
        "fc3": 79361688.14336868
      }
    },
    {
      "episode": 30,
      "actor_grad": 0.0,
      "critic_grad": 56537869.70610102,
      "actor_per_layer": {
        "fc1": 0.0,
        "fc2": 0.0,
        "fc3": 0.0
      },
      "critic_per_layer": {
        "fc1": 3248098.6196079366,
        "fc2": 3550573.759920289,
        "fc3": 56332708.01440955
      }
    },
    {
      "episode": 40,
      "actor_grad": 0.0,
      "critic_grad": 104561389.45048474,
      "actor_per_layer": {
        "fc1": 0.0,
        "fc2": 0.0,
        "fc3": 0.0
      },
      "critic_per_layer": {
        "fc1": 5980124.225411542,
        "fc2": 6540110.509305341,
        "fc3": 104185168.00673051
      }
    },
    {
      "episode": 50,
      "actor_grad": 0.0,
      "critic_grad": 63155235.8708864,
      "actor_per_layer": {
        "fc1": 0.0,
        "fc2": 0.0,
        "fc3": 0.0
      },
      "critic_per_layer": {
        "fc1": 3773037.6027134997,
        "fc2": 3940598.503076784,
        "fc3": 62919152.001543656
      }
    },
    {
      "episode": 60,
      "actor_grad": 0.0,
      "critic_grad": 4231536.288952355,
      "actor_per_layer": {
        "fc1": 0.0,
        "fc2": 0.0,
        "fc3": 0.0
      },
      "critic_per_layer": {
        "fc1": 652762.1254243632,
        "fc2": 265639.21878404095,
        "fc3": 4172437.7500180807
      }
    },
    {
      "episode": 70,
      "actor_grad": 0.0,
      "critic_grad": 51174242.32042361,
      "actor_per_layer": {
        "fc1": 0.0,
        "fc2": 0.0,
        "fc3": 0.0
      },
      "critic_per_layer": {
        "fc1": 2892923.6235802984,
        "fc2": 3204174.004343484,
        "fc3": 50991836.002711795
      }
    },
    {
      "episode": 80,
      "actor_grad": 0.0,
      "critic_grad": 32163000.365068763,
      "actor_per_layer": {
        "fc1": 0.0,
        "fc2": 0.0,
        "fc3": 0.0
      },
      "critic_per_layer": {
        "fc1": 1826444.0663518866,
        "fc2": 2014385.3774403268,
        "fc3": 32047854.001587313
      }
    },
    {
      "episode": 90,
      "actor_grad": 0.0,
      "critic_grad": 69555276.44916213,
      "actor_per_layer": {
        "fc1": 0.0,
        "fc2": 0.0,
        "fc3": 0.0
      },
      "critic_per_layer": {
        "fc1": 3935781.652611789,
        "fc2": 4349634.50513257,
        "fc3": 69307480.00305662
      }
    },
    {
      "episode": 100,
      "actor_grad": 0.0,
      "critic_grad": 17657962.48437173,
      "actor_per_layer": {
        "fc1": 0.0,
        "fc2": 0.0,
        "fc3": 0.0
      },
      "critic_per_layer": {
        "fc1": 1086628.6514943235,
        "fc2": 1102392.7508575981,
        "fc3": 17589986.000451725
      }
    },
    {
      "episode": 110,
      "actor_grad": 0.0,
      "critic_grad": 72456815.70429443,
      "actor_per_layer": {
        "fc1": 0.0,
        "fc2": 0.0,
        "fc3": 0.0
      },
      "critic_per_layer": {
        "fc1": 4228844.132624008,
        "fc2": 4522792.504059057,
        "fc3": 72191768.00212948
      }
    },
    {
      "episode": 120,
      "actor_grad": 0.0,
      "critic_grad": 7157816.94067694,
      "actor_per_layer": {
        "fc1": 0.0,
        "fc2": 0.0,
        "fc3": 0.0
      },
      "critic_per_layer": {
        "fc1": 899302.7518505091,
        "fc2": 449309.03137991054,
        "fc3": 7086869.500073804
      }
    },
    {
      "episode": 130,
      "actor_grad": 0.0,
      "critic_grad": 6689917.550139688,
      "actor_per_layer": {
        "fc1": 0.0,
        "fc2": 0.0,
        "fc3": 0.0
      },
      "critic_per_layer": {
        "fc1": 395436.7306101259,
        "fc2": 417886.0003800521,
        "fc3": 6665133.000206203
      }
    },
    {
      "episode": 140,
      "actor_grad": 0.0,
      "critic_grad": 66579009.28492029,
      "actor_per_layer": {
        "fc1": 0.0,
        "fc2": 0.0,
        "fc3": 0.0
      },
      "critic_per_layer": {
        "fc1": 3784832.6389405085,
        "fc2": 4159338.004408976,
        "fc3": 66341084.00246255
      }
    },
    {
      "episode": 150,
      "actor_grad": 0.0,
      "critic_grad": 52692332.46330718,
      "actor_per_layer": {
        "fc1": 0.0,
        "fc2": 0.0,
        "fc3": 0.0
      },
      "critic_per_layer": {
        "fc1": 2976955.617933752,
        "fc2": 3290691.2535883305,
        "fc3": 52505152.00193316
      }
    },
    {
      "episode": 160,
      "actor_grad": 0.0,
      "critic_grad": 62958662.675810784,
      "actor_per_layer": {
        "fc1": 0.0,
        "fc2": 0.0,
        "fc3": 0.0
      },
      "critic_per_layer": {
        "fc1": 3557093.380666879,
        "fc2": 3926436.7536690067,
        "fc3": 62735344.0018239
      }
    },
    {
      "episode": 170,
      "actor_grad": 0.0,
      "critic_grad": 15797617.215274254,
      "actor_per_layer": {
        "fc1": 0.0,
        "fc2": 0.0,
        "fc3": 0.0
      },
      "critic_per_layer": {
        "fc1": 986668.9637581507,
        "fc2": 983175.5007477195,
        "fc3": 15736091.000341075
      }
    },
    {
      "episode": 180,
      "actor_grad": 0.0,
      "critic_grad": 20222078.77073225,
      "actor_per_layer": {
        "fc1": 0.0,
        "fc2": 0.0,
        "fc3": 0.0
      },
      "critic_per_layer": {
        "fc1": 1146148.2986569174,
        "fc2": 1256961.376201473,
        "fc3": 20150406.00052325
      }
    },
    {
      "episode": 190,
      "actor_grad": 0.0,
      "critic_grad": 13622985.709017737,
      "actor_per_layer": {
        "fc1": 0.0,
        "fc2": 0.0,
        "fc3": 0.0
      },
      "critic_per_layer": {
        "fc1": 827797.708233274,
        "fc2": 847684.9380931223,
        "fc3": 13571364.000279238
      }
    },
    {
      "episode": 200,
      "actor_grad": 0.0,
      "critic_grad": 907881.3366231835,
      "actor_per_layer": {
        "fc1": 0.0,
        "fc2": 0.0,
        "fc3": 0.0
      },
      "critic_per_layer": {
        "fc1": 79062.19621162738,
        "fc2": 56527.81253755701,
        "fc3": 902664.0000180638
      }
    },
    {
      "episode": 210,
      "actor_grad": 0.0,
      "critic_grad": 5695381.342277798,
      "actor_per_layer": {
        "fc1": 0.0,
        "fc2": 0.0,
        "fc3": 0.0
      },
      "critic_per_layer": {
        "fc1": 380283.9818467877,
        "fc2": 354526.65664641425,
        "fc3": 5671601.50017999
      }
    },
    {
      "episode": 220,
      "actor_grad": 0.0,
      "critic_grad": 1852748.5037169806,
      "actor_per_layer": {
        "fc1": 0.0,
        "fc2": 0.0,
        "fc3": 0.0
      },
      "critic_per_layer": {
        "fc1": 487026.90933755,
        "fc2": 115620.58627790783,
        "fc3": 1783848.0001489413
      }
    },
    {
      "episode": 230,
      "actor_grad": 0.0,
      "critic_grad": 14247644.369703697,
      "actor_per_layer": {
        "fc1": 0.0,
        "fc2": 0.0,
        "fc3": 0.0
      },
      "critic_per_layer": {
        "fc1": 1178610.3836409785,
        "fc2": 884503.3752760091,
        "fc3": 14171235.000106676
      }
    },
    {
      "episode": 240,
      "actor_grad": 0.0,
      "critic_grad": 10581091.996843792,
      "actor_per_layer": {
        "fc1": 0.0,
        "fc2": 0.0,
        "fc3": 0.0
      },
      "critic_per_layer": {
        "fc1": 602980.3978822975,
        "fc2": 656533.56296938,
        "fc3": 10543476.000168834
      }
    },
    {
      "episode": 250,
      "actor_grad": 0.0,
      "critic_grad": 41963080.79717985,
      "actor_per_layer": {
        "fc1": 0.0,
        "fc2": 0.0,
        "fc3": 0.0
      },
      "critic_per_layer": {
        "fc1": 2388225.0958706075,
        "fc2": 2602734.501897208,
        "fc3": 41814140.00065925
      }
    },
    {
      "episode": 260,
      "actor_grad": 0.0,
      "critic_grad": 6412500.3872238835,
      "actor_per_layer": {
        "fc1": 0.0,
        "fc2": 0.0,
        "fc3": 0.0
      },
      "critic_per_layer": {
        "fc1": 727723.127235293,
        "fc2": 397529.40633789677,
        "fc3": 6358659.500030646
      }
    },
    {
      "episode": 270,
      "actor_grad": 0.0,
      "critic_grad": 7713266.247355162,
      "actor_per_layer": {
        "fc1": 0.0,
        "fc2": 0.0,
        "fc3": 0.0
      },
      "critic_per_layer": {
        "fc1": 508656.4170992888,
        "fc2": 478142.593991607,
        "fc3": 7681609.500081548
      }
    },
    {
      "episode": 280,
      "actor_grad": 0.0,
      "critic_grad": 4941305.840463647,
      "actor_per_layer": {
        "fc1": 0.0,
        "fc2": 0.0,
        "fc3": 0.0
      },
      "critic_per_layer": {
        "fc1": 436979.65747754613,
        "fc2": 306123.187535628,
        "fc3": 4912417.000011703
      }
    },
    {
      "episode": 290,
      "actor_grad": 0.0,
      "critic_grad": 26231303.21981486,
      "actor_per_layer": {
        "fc1": 0.0,
        "fc2": 0.0,
        "fc3": 0.0
      },
      "critic_per_layer": {
        "fc1": 1513592.7993550529,
        "fc2": 1625228.6259104826,
        "fc3": 26137118.00029091
      }
    },
    {
      "episode": 300,
      "actor_grad": 0.0,
      "critic_grad": 17906039.725977197,
      "actor_per_layer": {
        "fc1": 0.0,
        "fc2": 0.0,
        "fc3": 0.0
      },
      "critic_per_layer": {
        "fc1": 1154041.2914277352,
        "fc2": 1109623.1258739466,
        "fc3": 17834326.000286054
      }
    },
    {
      "episode": 310,
      "actor_grad": 0.0,
      "critic_grad": 10124382.371683061,
      "actor_per_layer": {
        "fc1": 0.0,
        "fc2": 0.0,
        "fc3": 0.0
      },
      "critic_per_layer": {
        "fc1": 775482.2721910786,
        "fc2": 627730.1880757922,
        "fc3": 10075103.000195205
      }
    },
    {
      "episode": 320,
      "actor_grad": 0.0,
      "critic_grad": 9937212.802001582,
      "actor_per_layer": {
        "fc1": 0.0,
        "fc2": 0.0,
        "fc3": 0.0
      },
      "critic_per_layer": {
        "fc1": 677882.4576743544,
        "fc2": 615351.8754291079,
        "fc3": 9894949.000133723
      }
    },
    {
      "episode": 330,
      "actor_grad": 0.0,
      "critic_grad": 15876526.50644,
      "actor_per_layer": {
        "fc1": 0.0,
        "fc2": 0.0,
        "fc3": 0.0
      },
      "critic_per_layer": {
        "fc1": 912579.0346130629,
        "fc2": 982907.5630987625,
        "fc3": 15819772.000180023
      }
    },
    {
      "episode": 340,
      "actor_grad": 0.0,
      "critic_grad": 93254766.74533735,
      "actor_per_layer": {
        "fc1": 0.0,
        "fc2": 0.0,
        "fc3": 0.0
      },
      "critic_per_layer": {
        "fc1": 5360859.166502526,
        "fc2": 5770303.00275308,
        "fc3": 92921560.0007911
      }
    }
  ],
  "asymmetry_history": [
    {
      "episode": 10,
      "ratio": 0.0,
      "actor_grad": 0.0,
      "critic_grad": 16662091.592069902
    },
    {
      "episode": 20,
      "ratio": 0.0,
      "actor_grad": 0.0,
      "critic_grad": 79658230.05428359
    },
    {
      "episode": 30,
      "ratio": 0.0,
      "actor_grad": 0.0,
      "critic_grad": 56537869.70610102
    },
    {
      "episode": 40,
      "ratio": 0.0,
      "actor_grad": 0.0,
      "critic_grad": 104561389.45048474
    },
    {
      "episode": 50,
      "ratio": 0.0,
      "actor_grad": 0.0,
      "critic_grad": 63155235.8708864
    },
    {
      "episode": 60,
      "ratio": 0.0,
      "actor_grad": 0.0,
      "critic_grad": 4231536.288952355
    },
    {
      "episode": 70,
      "ratio": 0.0,
      "actor_grad": 0.0,
      "critic_grad": 51174242.32042361
    },
    {
      "episode": 80,
      "ratio": 0.0,
      "actor_grad": 0.0,
      "critic_grad": 32163000.365068763
    },
    {
      "episode": 90,
      "ratio": 0.0,
      "actor_grad": 0.0,
      "critic_grad": 69555276.44916213
    },
    {
      "episode": 100,
      "ratio": 0.0,
      "actor_grad": 0.0,
      "critic_grad": 17657962.48437173
    },
    {
      "episode": 110,
      "ratio": 0.0,
      "actor_grad": 0.0,
      "critic_grad": 72456815.70429443
    },
    {
      "episode": 120,
      "ratio": 0.0,
      "actor_grad": 0.0,
      "critic_grad": 7157816.94067694
    },
    {
      "episode": 130,
      "ratio": 0.0,
      "actor_grad": 0.0,
      "critic_grad": 6689917.550139688
    },
    {
      "episode": 140,
      "ratio": 0.0,
      "actor_grad": 0.0,
      "critic_grad": 66579009.28492029
    },
    {
      "episode": 150,
      "ratio": 0.0,
      "actor_grad": 0.0,
      "critic_grad": 52692332.46330718
    },
    {
      "episode": 160,
      "ratio": 0.0,
      "actor_grad": 0.0,
      "critic_grad": 62958662.675810784
    },
    {
      "episode": 170,
      "ratio": 0.0,
      "actor_grad": 0.0,
      "critic_grad": 15797617.215274254
    },
    {
      "episode": 180,
      "ratio": 0.0,
      "actor_grad": 0.0,
      "critic_grad": 20222078.77073225
    },
    {
      "episode": 190,
      "ratio": 0.0,
      "actor_grad": 0.0,
      "critic_grad": 13622985.709017737
    },
    {
      "episode": 200,
      "ratio": 0.0,
      "actor_grad": 0.0,
      "critic_grad": 907881.3366231835
    },
    {
      "episode": 210,
      "ratio": 0.0,
      "actor_grad": 0.0,
      "critic_grad": 5695381.342277798
    },
    {
      "episode": 220,
      "ratio": 0.0,
      "actor_grad": 0.0,
      "critic_grad": 1852748.5037169806
    },
    {
      "episode": 230,
      "ratio": 0.0,
      "actor_grad": 0.0,
      "critic_grad": 14247644.369703697
    },
    {
      "episode": 240,
      "ratio": 0.0,
      "actor_grad": 0.0,
      "critic_grad": 10581091.996843792
    },
    {
      "episode": 250,
      "ratio": 0.0,
      "actor_grad": 0.0,
      "critic_grad": 41963080.79717985
    },
    {
      "episode": 260,
      "ratio": 0.0,
      "actor_grad": 0.0,
      "critic_grad": 6412500.3872238835
    },
    {
      "episode": 270,
      "ratio": 0.0,
      "actor_grad": 0.0,
      "critic_grad": 7713266.247355162
    },
    {
      "episode": 280,
      "ratio": 0.0,
      "actor_grad": 0.0,
      "critic_grad": 4941305.840463647
    },
    {
      "episode": 290,
      "ratio": 0.0,
      "actor_grad": 0.0,
      "critic_grad": 26231303.21981486
    },
    {
      "episode": 300,
      "ratio": 0.0,
      "actor_grad": 0.0,
      "critic_grad": 17906039.725977197
    },
    {
      "episode": 310,
      "ratio": 0.0,
      "actor_grad": 0.0,
      "critic_grad": 10124382.371683061
    },
    {
      "episode": 320,
      "ratio": 0.0,
      "actor_grad": 0.0,
      "critic_grad": 9937212.802001582
    },
    {
      "episode": 330,
      "ratio": 0.0,
      "actor_grad": 0.0,
      "critic_grad": 15876526.50644
    },
    {
      "episode": 340,
      "ratio": 0.0,
      "actor_grad": 0.0,
      "critic_grad": 93254766.74533735
    }
  ],
  "activation_history": [
    {
      "episode": 10,
      "mean_preact": -100.03398895263672,
      "std_preact": 836.4638061523438,
      "min_preact": -2954.62451171875,
      "max_preact": 2977.42041015625,
      "avg_actor_output_saturation": 0.9451681660899653,
      "actor_activations_sample": {
        "fc3": {
          "min": -1.0,
          "max": 1.0,
          "mean": -0.15662510693073273,
          "saturation": 0.9451681660899653
        }
      }
    },
    {
      "episode": 20,
      "mean_preact": -274.7295227050781,
      "std_preact": 2029.089111328125,
      "min_preact": -5039.5146484375,
      "max_preact": 5069.57958984375,
      "avg_actor_output_saturation": 1.0,
      "actor_activations_sample": {
        "fc3": {
          "min": -1.0,
          "max": 1.0,
          "mean": -0.1599999964237213,
          "saturation": 1.0
        }
      }
    },
    {
      "episode": 30,
      "mean_preact": -366.56915283203125,
      "std_preact": 2706.0224609375,
      "min_preact": -5948.53466796875,
      "max_preact": 5981.25634765625,
      "avg_actor_output_saturation": 1.0,
      "actor_activations_sample": {
        "fc3": {
          "min": -1.0,
          "max": 1.0,
          "mean": -0.1599999964237213,
          "saturation": 1.0
        }
      }
    },
    {
      "episode": 40,
      "mean_preact": -410.3601989746094,
      "std_preact": 3005.416748046875,
      "min_preact": -6322.1708984375,
      "max_preact": 6355.9111328125,
      "avg_actor_output_saturation": 1.0,
      "actor_activations_sample": {
        "fc3": {
          "min": -1.0,
          "max": 1.0,
          "mean": -0.1599999964237213,
          "saturation": 1.0
        }
      }
    },
    {
      "episode": 50,
      "mean_preact": -421.1047668457031,
      "std_preact": 3126.655029296875,
      "min_preact": -6502.751953125,
      "max_preact": 6537.189453125,
      "avg_actor_output_saturation": 1.0,
      "actor_activations_sample": {
        "fc3": {
          "min": -1.0,
          "max": 1.0,
          "mean": -0.1599999964237213,
          "saturation": 1.0
        }
      }
    },
    {
      "episode": 60,
      "mean_preact": -430.7525634765625,
      "std_preact": 3177.509521484375,
      "min_preact": -6557.8564453125,
      "max_preact": 6592.419921875,
      "avg_actor_output_saturation": 1.0,
      "actor_activations_sample": {
        "fc3": {
          "min": -1.0,
          "max": 1.0,
          "mean": -0.1599999964237213,
          "saturation": 1.0
        }
      }
    },
    {
      "episode": 70,
      "mean_preact": -426.65093994140625,
      "std_preact": 3185.683837890625,
      "min_preact": -6620.21630859375,
      "max_preact": 6654.9931640625,
      "avg_actor_output_saturation": 1.0,
      "actor_activations_sample": {
        "fc3": {
          "min": -1.0,
          "max": 1.0,
          "mean": -0.1599999964237213,
          "saturation": 1.0
        }
      }
    },
    {
      "episode": 80,
      "mean_preact": -430.1610412597656,
      "std_preact": 3194.14990234375,
      "min_preact": -6619.400390625,
      "max_preact": 6654.17724609375,
      "avg_actor_output_saturation": 1.0,
      "actor_activations_sample": {
        "fc3": {
          "min": -1.0,
          "max": 1.0,
          "mean": -0.1599999964237213,
          "saturation": 1.0
        }
      }
    },
    {
      "episode": 90,
      "mean_preact": -425.6191101074219,
      "std_preact": 3198.17578125,
      "min_preact": -6613.46337890625,
      "max_preact": 6648.1591796875,
      "avg_actor_output_saturation": 1.0,
      "actor_activations_sample": {
        "fc3": {
          "min": -1.0,
          "max": 1.0,
          "mean": -0.1599999964237213,
          "saturation": 1.0
        }
      }
    },
    {
      "episode": 100,
      "mean_preact": -432.81500244140625,
      "std_preact": 3209.851318359375,
      "min_preact": -6607.7578125,
      "max_preact": 6642.42236328125,
      "avg_actor_output_saturation": 1.0,
      "actor_activations_sample": {
        "fc3": {
          "min": -1.0,
          "max": 1.0,
          "mean": -0.1599999964237213,
          "saturation": 1.0
        }
      }
    },
    {
      "episode": 110,
      "mean_preact": -436.8424987792969,
      "std_preact": 3207.761474609375,
      "min_preact": -6645.29296875,
      "max_preact": 6680.17236328125,
      "avg_actor_output_saturation": 1.0,
      "actor_activations_sample": {
        "fc3": {
          "min": -1.0,
          "max": 1.0,
          "mean": -0.1599999964237213,
          "saturation": 1.0
        }
      }
    },
    {
      "episode": 120,
      "mean_preact": -435.671630859375,
      "std_preact": 3197.09130859375,
      "min_preact": -6625.23974609375,
      "max_preact": 6659.97998046875,
      "avg_actor_output_saturation": 1.0,
      "actor_activations_sample": {
        "fc3": {
          "min": -1.0,
          "max": 1.0,
          "mean": -0.1599999964237213,
          "saturation": 1.0
        }
      }
    },
    {
      "episode": 130,
      "mean_preact": -434.5237731933594,
      "std_preact": 3197.26611328125,
      "min_preact": -6634.09521484375,
      "max_preact": 6668.91259765625,
      "avg_actor_output_saturation": 1.0,
      "actor_activations_sample": {
        "fc3": {
          "min": -1.0,
          "max": 1.0,
          "mean": -0.1599999964237213,
          "saturation": 1.0
        }
      }
    },
    {
      "episode": 140,
      "mean_preact": -430.8321228027344,
      "std_preact": 3193.710693359375,
      "min_preact": -6634.13720703125,
      "max_preact": 6668.9541015625,
      "avg_actor_output_saturation": 1.0,
      "actor_activations_sample": {
        "fc3": {
          "min": -1.0,
          "max": 1.0,
          "mean": -0.1599999964237213,
          "saturation": 1.0
        }
      }
    },
    {
      "episode": 150,
      "mean_preact": -428.532958984375,
      "std_preact": 3207.09765625,
      "min_preact": -6624.5556640625,
      "max_preact": 6659.3134765625,
      "avg_actor_output_saturation": 1.0,
      "actor_activations_sample": {
        "fc3": {
          "min": -1.0,
          "max": 1.0,
          "mean": -0.1599999964237213,
          "saturation": 1.0
        }
      }
    },
    {
      "episode": 160,
      "mean_preact": -432.6313781738281,
      "std_preact": 3201.82080078125,
      "min_preact": -6634.013671875,
      "max_preact": 6668.8447265625,
      "avg_actor_output_saturation": 1.0,
      "actor_activations_sample": {
        "fc3": {
          "min": -1.0,
          "max": 1.0,
          "mean": -0.1599999964237213,
          "saturation": 1.0
        }
      }
    },
    {
      "episode": 170,
      "mean_preact": -430.751220703125,
      "std_preact": 3198.931640625,
      "min_preact": -6626.78271484375,
      "max_preact": 6661.50634765625,
      "avg_actor_output_saturation": 1.0,
      "actor_activations_sample": {
        "fc3": {
          "min": -1.0,
          "max": 1.0,
          "mean": -0.1599999964237213,
          "saturation": 1.0
        }
      }
    },
    {
      "episode": 180,
      "mean_preact": -435.8184814453125,
      "std_preact": 3203.0048828125,
      "min_preact": -6634.01318359375,
      "max_preact": 6668.8447265625,
      "avg_actor_output_saturation": 1.0,
      "actor_activations_sample": {
        "fc3": {
          "min": -1.0,
          "max": 1.0,
          "mean": -0.1599999964237213,
          "saturation": 1.0
        }
      }
    },
    {
      "episode": 190,
      "mean_preact": -436.2585144042969,
      "std_preact": 3208.191650390625,
      "min_preact": -6636.3125,
      "max_preact": 6671.15966796875,
      "avg_actor_output_saturation": 1.0,
      "actor_activations_sample": {
        "fc3": {
          "min": -1.0,
          "max": 1.0,
          "mean": -0.1599999964237213,
          "saturation": 1.0
        }
      }
    },
    {
      "episode": 200,
      "mean_preact": -433.7037048339844,
      "std_preact": 3199.787353515625,
      "min_preact": -6634.01318359375,
      "max_preact": 6668.8447265625,
      "avg_actor_output_saturation": 1.0,
      "actor_activations_sample": {
        "fc3": {
          "min": -1.0,
          "max": 1.0,
          "mean": -0.1599999964237213,
          "saturation": 1.0
        }
      }
    },
    {
      "episode": 210,
      "mean_preact": -432.9089660644531,
      "std_preact": 3194.04736328125,
      "min_preact": -6624.55712890625,
      "max_preact": 6659.314453125,
      "avg_actor_output_saturation": 1.0,
      "actor_activations_sample": {
        "fc3": {
          "min": -1.0,
          "max": 1.0,
          "mean": -0.1599999964237213,
          "saturation": 1.0
        }
      }
    },
    {
      "episode": 220,
      "mean_preact": -432.44244384765625,
      "std_preact": 3203.242919921875,
      "min_preact": -6617.49560546875,
      "max_preact": 6652.20556640625,
      "avg_actor_output_saturation": 1.0,
      "actor_activations_sample": {
        "fc3": {
          "min": -1.0,
          "max": 1.0,
          "mean": -0.1599999964237213,
          "saturation": 1.0
        }
      }
    },
    {
      "episode": 230,
      "mean_preact": -429.6829833984375,
      "std_preact": 3204.053466796875,
      "min_preact": -6608.4482421875,
      "max_preact": 6643.11474609375,
      "avg_actor_output_saturation": 1.0,
      "actor_activations_sample": {
        "fc3": {
          "min": -1.0,
          "max": 1.0,
          "mean": -0.1599999964237213,
          "saturation": 1.0
        }
      }
    },
    {
      "episode": 240,
      "mean_preact": -433.3865051269531,
      "std_preact": 3205.101806640625,
      "min_preact": -6619.0,
      "max_preact": 6653.67333984375,
      "avg_actor_output_saturation": 1.0,
      "actor_activations_sample": {
        "fc3": {
          "min": -1.0,
          "max": 1.0,
          "mean": -0.1599999964237213,
          "saturation": 1.0
        }
      }
    },
    {
      "episode": 250,
      "mean_preact": -435.2244567871094,
      "std_preact": 3202.21435546875,
      "min_preact": -6620.66650390625,
      "max_preact": 6655.42724609375,
      "avg_actor_output_saturation": 1.0,
      "actor_activations_sample": {
        "fc3": {
          "min": -1.0,
          "max": 1.0,
          "mean": -0.1599999964237213,
          "saturation": 1.0
        }
      }
    },
    {
      "episode": 260,
      "mean_preact": -434.08843994140625,
      "std_preact": 3201.0732421875,
      "min_preact": -6625.296875,
      "max_preact": 6660.05224609375,
      "avg_actor_output_saturation": 1.0,
      "actor_activations_sample": {
        "fc3": {
          "min": -1.0,
          "max": 1.0,
          "mean": -0.1599999964237213,
          "saturation": 1.0
        }
      }
    },
    {
      "episode": 270,
      "mean_preact": -438.28033447265625,
      "std_preact": 3204.337646484375,
      "min_preact": -6621.669921875,
      "max_preact": 6656.373046875,
      "avg_actor_output_saturation": 1.0,
      "actor_activations_sample": {
        "fc3": {
          "min": -1.0,
          "max": 1.0,
          "mean": -0.1599999964237213,
          "saturation": 1.0
        }
      }
    },
    {
      "episode": 280,
      "mean_preact": -433.4532165527344,
      "std_preact": 3201.8974609375,
      "min_preact": -6634.01318359375,
      "max_preact": 6668.8447265625,
      "avg_actor_output_saturation": 1.0,
      "actor_activations_sample": {
        "fc3": {
          "min": -1.0,
          "max": 1.0,
          "mean": -0.1599999964237213,
          "saturation": 1.0
        }
      }
    },
    {
      "episode": 290,
      "mean_preact": -435.56103515625,
      "std_preact": 3204.487060546875,
      "min_preact": -6611.51025390625,
      "max_preact": 6646.1943359375,
      "avg_actor_output_saturation": 1.0,
      "actor_activations_sample": {
        "fc3": {
          "min": -1.0,
          "max": 1.0,
          "mean": -0.1599999964237213,
          "saturation": 1.0
        }
      }
    },
    {
      "episode": 300,
      "mean_preact": -435.2012634277344,
      "std_preact": 3201.389892578125,
      "min_preact": -6611.51025390625,
      "max_preact": 6646.1943359375,
      "avg_actor_output_saturation": 1.0,
      "actor_activations_sample": {
        "fc3": {
          "min": -1.0,
          "max": 1.0,
          "mean": -0.1599999964237213,
          "saturation": 1.0
        }
      }
    },
    {
      "episode": 310,
      "mean_preact": -437.29949951171875,
      "std_preact": 3206.12451171875,
      "min_preact": -6625.46533203125,
      "max_preact": 6660.20654296875,
      "avg_actor_output_saturation": 1.0,
      "actor_activations_sample": {
        "fc3": {
          "min": -1.0,
          "max": 1.0,
          "mean": -0.1599999964237213,
          "saturation": 1.0
        }
      }
    },
    {
      "episode": 320,
      "mean_preact": -432.82275390625,
      "std_preact": 3199.335205078125,
      "min_preact": -6634.01318359375,
      "max_preact": 6668.8447265625,
      "avg_actor_output_saturation": 1.0,
      "actor_activations_sample": {
        "fc3": {
          "min": -1.0,
          "max": 1.0,
          "mean": -0.1599999964237213,
          "saturation": 1.0
        }
      }
    },
    {
      "episode": 330,
      "mean_preact": -435.9299621582031,
      "std_preact": 3200.453369140625,
      "min_preact": -6612.72607421875,
      "max_preact": 6647.43994140625,
      "avg_actor_output_saturation": 1.0,
      "actor_activations_sample": {
        "fc3": {
          "min": -1.0,
          "max": 1.0,
          "mean": -0.1599999964237213,
          "saturation": 1.0
        }
      }
    },
    {
      "episode": 340,
      "mean_preact": -434.73004150390625,
      "std_preact": 3196.641845703125,
      "min_preact": -6630.86083984375,
      "max_preact": 6665.65234375,
      "avg_actor_output_saturation": 1.0,
      "actor_activations_sample": {
        "fc3": {
          "min": -1.0,
          "max": 1.0,
          "mean": -0.1599999964237213,
          "saturation": 1.0
        }
      }
    }
  ]
}