{
  "gradient_history": [
    {
      "episode": 10,
      "actor_grad": 0.01417539950487505,
      "critic_grad": 175788.20580191654,
      "actor_per_layer": {
        "fc1": 0.0020635286726414254,
        "fc2": 0.008084717216787293,
        "fc3": 0.011459543972801954
      },
      "critic_per_layer": {
        "fc1": 11638.775811928743,
        "fc2": 11339.90268853374,
        "fc3": 175035.53583107406
      }
    },
    {
      "episode": 20,
      "actor_grad": 0.0,
      "critic_grad": 711234.9135269768,
      "actor_per_layer": {
        "fc1": 0.0,
        "fc2": 0.0,
        "fc3": 0.0
      },
      "critic_per_layer": {
        "fc1": 45947.51340278144,
        "fc2": 46115.73471326446,
        "fc3": 708249.4385763275
      }
    },
    {
      "episode": 30,
      "actor_grad": 0.0,
      "critic_grad": 1641782.0862095389,
      "actor_per_layer": {
        "fc1": 0.0,
        "fc2": 0.0,
        "fc3": 0.0
      },
      "critic_per_layer": {
        "fc1": 104260.38661632437,
        "fc2": 105438.77375940852,
        "fc3": 1635072.1254333928
      }
    },
    {
      "episode": 40,
      "actor_grad": 0.0,
      "critic_grad": 2845984.095225729,
      "actor_per_layer": {
        "fc1": 0.0,
        "fc2": 0.0,
        "fc3": 0.0
      },
      "critic_per_layer": {
        "fc1": 179481.99095232048,
        "fc2": 181448.7346865684,
        "fc3": 2834517.250235434
      }
    },
    {
      "episode": 50,
      "actor_grad": 0.0,
      "critic_grad": 2017785.3596048753,
      "actor_per_layer": {
        "fc1": 0.0,
        "fc2": 0.0,
        "fc3": 0.0
      },
      "critic_per_layer": {
        "fc1": 129079.20008954915,
        "fc2": 128078.6251509019,
        "fc3": 2009575.1250748187
      }
    },
    {
      "episode": 60,
      "actor_grad": 0.0,
      "critic_grad": 3322822.185518874,
      "actor_per_layer": {
        "fc1": 0.0,
        "fc2": 0.0,
        "fc3": 0.0
      },
      "critic_per_layer": {
        "fc1": 220544.47688195982,
        "fc2": 210665.01584090432,
        "fc3": 3308795.5000867066
      }
    },
    {
      "episode": 70,
      "actor_grad": 0.0,
      "critic_grad": 2573074.4819439445,
      "actor_per_layer": {
        "fc1": 0.0,
        "fc2": 0.0,
        "fc3": 0.0
      },
      "critic_per_layer": {
        "fc1": 172489.63138762894,
        "fc2": 163155.93766772037,
        "fc3": 2562096.750065974
      }
    },
    {
      "episode": 80,
      "actor_grad": 0.0,
      "critic_grad": 747725.4753336726,
      "actor_per_layer": {
        "fc1": 0.0,
        "fc2": 0.0,
        "fc3": 0.0
      },
      "critic_per_layer": {
        "fc1": 49920.37682835155,
        "fc2": 47439.949271394355,
        "fc3": 744547.3750228453
      }
    },
    {
      "episode": 90,
      "actor_grad": 0.0,
      "critic_grad": 1905392.3676155112,
      "actor_per_layer": {
        "fc1": 0.0,
        "fc2": 0.0,
        "fc3": 0.0
      },
      "critic_per_layer": {
        "fc1": 128282.05947181299,
        "fc2": 120956.57827292006,
        "fc3": 1897217.2500685365
      }
    },
    {
      "episode": 100,
      "actor_grad": 0.0,
      "critic_grad": 2225952.890378855,
      "actor_per_layer": {
        "fc1": 0.0,
        "fc2": 0.0,
        "fc3": 0.0
      },
      "critic_per_layer": {
        "fc1": 152937.02123386174,
        "fc2": 141266.62516390966,
        "fc3": 2216195.000070367
      }
    },
    {
      "episode": 110,
      "actor_grad": 0.0,
      "critic_grad": 2077240.7406193246,
      "actor_per_layer": {
        "fc1": 0.0,
        "fc2": 0.0,
        "fc3": 0.0
      },
      "critic_per_layer": {
        "fc1": 146563.75536660408,
        "fc2": 131738.76576510447,
        "fc3": 2067871.625052253
      }
    },
    {
      "episode": 120,
      "actor_grad": 0.0,
      "critic_grad": 1541334.167053611,
      "actor_per_layer": {
        "fc1": 0.0,
        "fc2": 0.0,
        "fc3": 0.0
      },
      "critic_per_layer": {
        "fc1": 109729.4259403071,
        "fc2": 97741.07822693928,
        "fc3": 1534313.2500362156
      }
    },
    {
      "episode": 130,
      "actor_grad": 0.0,
      "critic_grad": 2755253.115572487,
      "actor_per_layer": {
        "fc1": 0.0,
        "fc2": 0.0,
        "fc3": 0.0
      },
      "critic_per_layer": {
        "fc1": 196467.42928056908,
        "fc2": 174922.85957324167,
        "fc3": 2742667.000075383
      }
    },
    {
      "episode": 140,
      "actor_grad": 0.0,
      "critic_grad": 2533107.9187904014,
      "actor_per_layer": {
        "fc1": 0.0,
        "fc2": 0.0,
        "fc3": 0.0
      },
      "critic_per_layer": {
        "fc1": 181472.2724616382,
        "fc2": 160911.71893917388,
        "fc3": 2521470.0000742204
      }
    },
    {
      "episode": 150,
      "actor_grad": 0.0,
      "critic_grad": 634432.2405674086,
      "actor_per_layer": {
        "fc1": 0.0,
        "fc2": 0.0,
        "fc3": 0.0
      },
      "critic_per_layer": {
        "fc1": 45850.08369122227,
        "fc2": 40277.285200826096,
        "fc3": 631490.1250168062
      }
    },
    {
      "episode": 160,
      "actor_grad": 0.0,
      "critic_grad": 1878805.1127096254,
      "actor_per_layer": {
        "fc1": 0.0,
        "fc2": 0.0,
        "fc3": 0.0
      },
      "critic_per_layer": {
        "fc1": 136712.6768728793,
        "fc2": 119283.42200781831,
        "fc3": 1870024.0000492465
      }
    },
    {
      "episode": 170,
      "actor_grad": 0.0,
      "critic_grad": 1432653.765359075,
      "actor_per_layer": {
        "fc1": 0.0,
        "fc2": 0.0,
        "fc3": 0.0
      },
      "critic_per_layer": {
        "fc1": 105683.02737950874,
        "fc2": 90986.90635306141,
        "fc3": 1425850.3750372045
      }
    },
    {
      "episode": 180,
      "actor_grad": 0.0,
      "critic_grad": 2155581.671302731,
      "actor_per_layer": {
        "fc1": 0.0,
        "fc2": 0.0,
        "fc3": 0.0
      },
      "critic_per_layer": {
        "fc1": 162980.75604886518,
        "fc2": 136814.89076821558,
        "fc3": 2145052.750045578
      }
    },
    {
      "episode": 190,
      "actor_grad": 0.0,
      "critic_grad": 1582991.566977205,
      "actor_per_layer": {
        "fc1": 0.0,
        "fc2": 0.0,
        "fc3": 0.0
      },
      "critic_per_layer": {
        "fc1": 120958.61397909618,
        "fc2": 100465.07823132841,
        "fc3": 1575162.8750326666
      }
    },
    {
      "episode": 200,
      "actor_grad": 0.0,
      "critic_grad": 2135155.3612674344,
      "actor_per_layer": {
        "fc1": 0.0,
        "fc2": 0.0,
        "fc3": 0.0
      },
      "critic_per_layer": {
        "fc1": 163470.50606953606,
        "fc2": 135767.90640876204,
        "fc3": 2124554.750055602
      }
    },
    {
      "episode": 210,
      "actor_grad": 0.0,
      "critic_grad": 1791223.03906852,
      "actor_per_layer": {
        "fc1": 0.0,
        "fc2": 0.0,
        "fc3": 0.0
      },
      "critic_per_layer": {
        "fc1": 138861.17703762784,
        "fc2": 113817.71106434893,
        "fc3": 1782201.7500411288
      }
    },
    {
      "episode": 220,
      "actor_grad": 0.0,
      "critic_grad": 1979100.8405415749,
      "actor_per_layer": {
        "fc1": 0.0,
        "fc2": 0.0,
        "fc3": 0.0
      },
      "critic_per_layer": {
        "fc1": 155437.5837683141,
        "fc2": 125719.61732246679,
        "fc3": 1968977.875042005
      }
    },
    {
      "episode": 230,
      "actor_grad": 0.0,
      "critic_grad": 1778977.2224555828,
      "actor_per_layer": {
        "fc1": 0.0,
        "fc2": 0.0,
        "fc3": 0.0
      },
      "critic_per_layer": {
        "fc1": 144268.83341903338,
        "fc2": 112913.29698549533,
        "fc3": 1769518.8750289036
      }
    },
    {
      "episode": 240,
      "actor_grad": 0.0,
      "critic_grad": 2119683.251119538,
      "actor_per_layer": {
        "fc1": 0.0,
        "fc2": 0.0,
        "fc3": 0.0
      },
      "critic_per_layer": {
        "fc1": 174052.14692642447,
        "fc2": 134480.21887029576,
        "fc3": 2108240.5000283043
      }
    },
    {
      "episode": 250,
      "actor_grad": 0.0,
      "critic_grad": 1357144.6807885692,
      "actor_per_layer": {
        "fc1": 0.0,
        "fc2": 0.0,
        "fc3": 0.0
      },
      "critic_per_layer": {
        "fc1": 112327.96504790097,
        "fc2": 86078.51569866239,
        "fc3": 1349746.1250161158
      }
    },
    {
      "episode": 260,
      "actor_grad": 0.0,
      "critic_grad": 1524030.495500048,
      "actor_per_layer": {
        "fc1": 0.0,
        "fc2": 0.0,
        "fc3": 0.0
      },
      "critic_per_layer": {
        "fc1": 126231.21558590575,
        "fc2": 96681.00789619089,
        "fc3": 1515713.5000183918
      }
    },
    {
      "episode": 270,
      "actor_grad": 0.0,
      "critic_grad": 1439605.9212096494,
      "actor_per_layer": {
        "fc1": 0.0,
        "fc2": 0.0,
        "fc3": 0.0
      },
      "critic_per_layer": {
        "fc1": 120154.84032627323,
        "fc2": 91324.07039051145,
        "fc3": 1431673.1250167966
      }
    },
    {
      "episode": 280,
      "actor_grad": 0.0,
      "critic_grad": 1675467.8144451012,
      "actor_per_layer": {
        "fc1": 0.0,
        "fc2": 0.0,
        "fc3": 0.0
      },
      "critic_per_layer": {
        "fc1": 139471.17706973795,
        "fc2": 106246.05477476142,
        "fc3": 1666268.875017782
      }
    },
    {
      "episode": 290,
      "actor_grad": 0.0,
      "critic_grad": 2075029.5018104883,
      "actor_per_layer": {
        "fc1": 0.0,
        "fc2": 0.0,
        "fc3": 0.0
      },
      "critic_per_layer": {
        "fc1": 173477.99095460674,
        "fc2": 131575.34385849087,
        "fc3": 2063574.7500216116
      }
    },
    {
      "episode": 300,
      "actor_grad": 0.0,
      "critic_grad": 2011006.2473101465,
      "actor_per_layer": {
        "fc1": 0.0,
        "fc2": 0.0,
        "fc3": 0.0
      },
      "critic_per_layer": {
        "fc1": 169520.06897849552,
        "fc2": 127516.77354357185,
        "fc3": 1999787.125020811
      }
    },
    {
      "episode": 310,
      "actor_grad": 0.0,
      "critic_grad": 1564092.6170074039,
      "actor_per_layer": {
        "fc1": 0.0,
        "fc2": 0.0,
        "fc3": 0.0
      },
      "critic_per_layer": {
        "fc1": 132303.8173513027,
        "fc2": 99162.0703902505,
        "fc3": 1555329.0000148718
      }
    }
  ],
  "asymmetry_history": [
    {
      "episode": 10,
      "ratio": 8.063908178713831e-08,
      "actor_grad": 0.01417539950487505,
      "critic_grad": 175788.20580191654
    },
    {
      "episode": 20,
      "ratio": 0.0,
      "actor_grad": 0.0,
      "critic_grad": 711234.9135269768
    },
    {
      "episode": 30,
      "ratio": 0.0,
      "actor_grad": 0.0,
      "critic_grad": 1641782.0862095389
    },
    {
      "episode": 40,
      "ratio": 0.0,
      "actor_grad": 0.0,
      "critic_grad": 2845984.095225729
    },
    {
      "episode": 50,
      "ratio": 0.0,
      "actor_grad": 0.0,
      "critic_grad": 2017785.3596048753
    },
    {
      "episode": 60,
      "ratio": 0.0,
      "actor_grad": 0.0,
      "critic_grad": 3322822.185518874
    },
    {
      "episode": 70,
      "ratio": 0.0,
      "actor_grad": 0.0,
      "critic_grad": 2573074.4819439445
    },
    {
      "episode": 80,
      "ratio": 0.0,
      "actor_grad": 0.0,
      "critic_grad": 747725.4753336726
    },
    {
      "episode": 90,
      "ratio": 0.0,
      "actor_grad": 0.0,
      "critic_grad": 1905392.3676155112
    },
    {
      "episode": 100,
      "ratio": 0.0,
      "actor_grad": 0.0,
      "critic_grad": 2225952.890378855
    },
    {
      "episode": 110,
      "ratio": 0.0,
      "actor_grad": 0.0,
      "critic_grad": 2077240.7406193246
    },
    {
      "episode": 120,
      "ratio": 0.0,
      "actor_grad": 0.0,
      "critic_grad": 1541334.167053611
    },
    {
      "episode": 130,
      "ratio": 0.0,
      "actor_grad": 0.0,
      "critic_grad": 2755253.115572487
    },
    {
      "episode": 140,
      "ratio": 0.0,
      "actor_grad": 0.0,
      "critic_grad": 2533107.9187904014
    },
    {
      "episode": 150,
      "ratio": 0.0,
      "actor_grad": 0.0,
      "critic_grad": 634432.2405674086
    },
    {
      "episode": 160,
      "ratio": 0.0,
      "actor_grad": 0.0,
      "critic_grad": 1878805.1127096254
    },
    {
      "episode": 170,
      "ratio": 0.0,
      "actor_grad": 0.0,
      "critic_grad": 1432653.765359075
    },
    {
      "episode": 180,
      "ratio": 0.0,
      "actor_grad": 0.0,
      "critic_grad": 2155581.671302731
    },
    {
      "episode": 190,
      "ratio": 0.0,
      "actor_grad": 0.0,
      "critic_grad": 1582991.566977205
    },
    {
      "episode": 200,
      "ratio": 0.0,
      "actor_grad": 0.0,
      "critic_grad": 2135155.3612674344
    },
    {
      "episode": 210,
      "ratio": 0.0,
      "actor_grad": 0.0,
      "critic_grad": 1791223.03906852
    },
    {
      "episode": 220,
      "ratio": 0.0,
      "actor_grad": 0.0,
      "critic_grad": 1979100.8405415749
    },
    {
      "episode": 230,
      "ratio": 0.0,
      "actor_grad": 0.0,
      "critic_grad": 1778977.2224555828
    },
    {
      "episode": 240,
      "ratio": 0.0,
      "actor_grad": 0.0,
      "critic_grad": 2119683.251119538
    },
    {
      "episode": 250,
      "ratio": 0.0,
      "actor_grad": 0.0,
      "critic_grad": 1357144.6807885692
    },
    {
      "episode": 260,
      "ratio": 0.0,
      "actor_grad": 0.0,
      "critic_grad": 1524030.495500048
    },
    {
      "episode": 270,
      "ratio": 0.0,
      "actor_grad": 0.0,
      "critic_grad": 1439605.9212096494
    },
    {
      "episode": 280,
      "ratio": 0.0,
      "actor_grad": 0.0,
      "critic_grad": 1675467.8144451012
    },
    {
      "episode": 290,
      "ratio": 0.0,
      "actor_grad": 0.0,
      "critic_grad": 2075029.5018104883
    },
    {
      "episode": 300,
      "ratio": 0.0,
      "actor_grad": 0.0,
      "critic_grad": 2011006.2473101465
    },
    {
      "episode": 310,
      "ratio": 0.0,
      "actor_grad": 0.0,
      "critic_grad": 1564092.6170074039
    }
  ],
  "activation_history": [
    {
      "episode": 10,
      "mean_preact": -87.10832214355469,
      "std_preact": 2483.892333984375,
      "min_preact": -15985.81640625,
      "max_preact": 16395.380859375,
      "avg_actor_output_saturation": 0.9946938869665514,
      "actor_activations_sample": {
        "fc3": {
          "min": -1.0,
          "max": 1.0,
          "mean": -0.025338565930724144,
          "saturation": 0.9946938869665514
        }
      }
    },
    {
      "episode": 20,
      "mean_preact": -228.43927001953125,
      "std_preact": 7163.90576171875,
      "min_preact": -31327.423828125,
      "max_preact": 32885.2109375,
      "avg_actor_output_saturation": 1.0,
      "actor_activations_sample": {
        "fc3": {
          "min": -1.0,
          "max": 1.0,
          "mean": 0.023510674014687538,
          "saturation": 1.0
        }
      }
    },
    {
      "episode": 30,
      "mean_preact": -271.8510437011719,
      "std_preact": 10470.9482421875,
      "min_preact": -39252.421875,
      "max_preact": 41072.8984375,
      "avg_actor_output_saturation": 1.0,
      "actor_activations_sample": {
        "fc3": {
          "min": -1.0,
          "max": 1.0,
          "mean": 0.02666666731238365,
          "saturation": 1.0
        }
      }
    },
    {
      "episode": 40,
      "mean_preact": -290.50628662109375,
      "std_preact": 12041.029296875,
      "min_preact": -43223.34375,
      "max_preact": 44237.36328125,
      "avg_actor_output_saturation": 1.0,
      "actor_activations_sample": {
        "fc3": {
          "min": -1.0,
          "max": 1.0,
          "mean": 0.02666666731238365,
          "saturation": 1.0
        }
      }
    },
    {
      "episode": 50,
      "mean_preact": -302.0806884765625,
      "std_preact": 12689.3759765625,
      "min_preact": -44504.6875,
      "max_preact": 45582.15625,
      "avg_actor_output_saturation": 1.0,
      "actor_activations_sample": {
        "fc3": {
          "min": -1.0,
          "max": 1.0,
          "mean": 0.02666666731238365,
          "saturation": 1.0
        }
      }
    },
    {
      "episode": 60,
      "mean_preact": -282.04632568359375,
      "std_preact": 13021.59375,
      "min_preact": -45091.328125,
      "max_preact": 46665.55859375,
      "avg_actor_output_saturation": 1.0,
      "actor_activations_sample": {
        "fc3": {
          "min": -1.0,
          "max": 1.0,
          "mean": 0.02666666731238365,
          "saturation": 1.0
        }
      }
    },
    {
      "episode": 70,
      "mean_preact": -277.2200622558594,
      "std_preact": 13107.244140625,
      "min_preact": -44780.69921875,
      "max_preact": 46797.1484375,
      "avg_actor_output_saturation": 1.0,
      "actor_activations_sample": {
        "fc3": {
          "min": -1.0,
          "max": 1.0,
          "mean": 0.02666666731238365,
          "saturation": 1.0
        }
      }
    },
    {
      "episode": 80,
      "mean_preact": -299.8144226074219,
      "std_preact": 13102.4970703125,
      "min_preact": -45339.50390625,
      "max_preact": 46949.94921875,
      "avg_actor_output_saturation": 1.0,
      "actor_activations_sample": {
        "fc3": {
          "min": -1.0,
          "max": 1.0,
          "mean": 0.02666666731238365,
          "saturation": 1.0
        }
      }
    },
    {
      "episode": 90,
      "mean_preact": -279.40692138671875,
      "std_preact": 13106.4208984375,
      "min_preact": -44884.37890625,
      "max_preact": 47003.52734375,
      "avg_actor_output_saturation": 1.0,
      "actor_activations_sample": {
        "fc3": {
          "min": -1.0,
          "max": 1.0,
          "mean": 0.02666666731238365,
          "saturation": 1.0
        }
      }
    },
    {
      "episode": 100,
      "mean_preact": -296.4114074707031,
      "std_preact": 13138.4208984375,
      "min_preact": -45052.9140625,
      "max_preact": 47024.56640625,
      "avg_actor_output_saturation": 1.0,
      "actor_activations_sample": {
        "fc3": {
          "min": -1.0,
          "max": 1.0,
          "mean": 0.02666666731238365,
          "saturation": 1.0
        }
      }
    },
    {
      "episode": 110,
      "mean_preact": -291.9988098144531,
      "std_preact": 13155.548828125,
      "min_preact": -44907.94140625,
      "max_preact": 47043.89453125,
      "avg_actor_output_saturation": 1.0,
      "actor_activations_sample": {
        "fc3": {
          "min": -1.0,
          "max": 1.0,
          "mean": 0.02666666731238365,
          "saturation": 1.0
        }
      }
    },
    {
      "episode": 120,
      "mean_preact": -276.59820556640625,
      "std_preact": 13148.2431640625,
      "min_preact": -44911.40625,
      "max_preact": 47802.67578125,
      "avg_actor_output_saturation": 1.0,
      "actor_activations_sample": {
        "fc3": {
          "min": -1.0,
          "max": 1.0,
          "mean": 0.02666666731238365,
          "saturation": 1.0
        }
      }
    },
    {
      "episode": 130,
      "mean_preact": -281.390869140625,
      "std_preact": 13130.5966796875,
      "min_preact": -44949.68359375,
      "max_preact": 47248.51171875,
      "avg_actor_output_saturation": 1.0,
      "actor_activations_sample": {
        "fc3": {
          "min": -1.0,
          "max": 1.0,
          "mean": 0.02666666731238365,
          "saturation": 1.0
        }
      }
    },
    {
      "episode": 140,
      "mean_preact": -259.2584533691406,
      "std_preact": 13140.1689453125,
      "min_preact": -45422.5234375,
      "max_preact": 46995.36328125,
      "avg_actor_output_saturation": 1.0,
      "actor_activations_sample": {
        "fc3": {
          "min": -1.0,
          "max": 1.0,
          "mean": 0.02666666731238365,
          "saturation": 1.0
        }
      }
    },
    {
      "episode": 150,
      "mean_preact": -284.8819580078125,
      "std_preact": 13120.9228515625,
      "min_preact": -45422.60546875,
      "max_preact": 47626.34765625,
      "avg_actor_output_saturation": 1.0,
      "actor_activations_sample": {
        "fc3": {
          "min": -1.0,
          "max": 1.0,
          "mean": 0.02666666731238365,
          "saturation": 1.0
        }
      }
    },
    {
      "episode": 160,
      "mean_preact": -278.79443359375,
      "std_preact": 13122.591796875,
      "min_preact": -45554.22265625,
      "max_preact": 47048.50390625,
      "avg_actor_output_saturation": 1.0,
      "actor_activations_sample": {
        "fc3": {
          "min": -1.0,
          "max": 1.0,
          "mean": 0.02666666731238365,
          "saturation": 1.0
        }
      }
    },
    {
      "episode": 170,
      "mean_preact": -286.6500549316406,
      "std_preact": 13133.0625,
      "min_preact": -45422.60546875,
      "max_preact": 47048.50390625,
      "avg_actor_output_saturation": 1.0,
      "actor_activations_sample": {
        "fc3": {
          "min": -1.0,
          "max": 1.0,
          "mean": 0.02666666731238365,
          "saturation": 1.0
        }
      }
    },
    {
      "episode": 180,
      "mean_preact": -278.8373107910156,
      "std_preact": 13136.7548828125,
      "min_preact": -45067.78515625,
      "max_preact": 47037.67578125,
      "avg_actor_output_saturation": 1.0,
      "actor_activations_sample": {
        "fc3": {
          "min": -1.0,
          "max": 1.0,
          "mean": 0.02666666731238365,
          "saturation": 1.0
        }
      }
    },
    {
      "episode": 190,
      "mean_preact": -277.25738525390625,
      "std_preact": 13138.826171875,
      "min_preact": -45422.60546875,
      "max_preact": 47048.50390625,
      "avg_actor_output_saturation": 1.0,
      "actor_activations_sample": {
        "fc3": {
          "min": -1.0,
          "max": 1.0,
          "mean": 0.02666666731238365,
          "saturation": 1.0
        }
      }
    },
    {
      "episode": 200,
      "mean_preact": -278.40875244140625,
      "std_preact": 13149.4150390625,
      "min_preact": -45422.60546875,
      "max_preact": 46995.48828125,
      "avg_actor_output_saturation": 1.0,
      "actor_activations_sample": {
        "fc3": {
          "min": -1.0,
          "max": 1.0,
          "mean": 0.02666666731238365,
          "saturation": 1.0
        }
      }
    },
    {
      "episode": 210,
      "mean_preact": -262.3973083496094,
      "std_preact": 13155.3251953125,
      "min_preact": -45422.60546875,
      "max_preact": 47223.90234375,
      "avg_actor_output_saturation": 1.0,
      "actor_activations_sample": {
        "fc3": {
          "min": -1.0,
          "max": 1.0,
          "mean": 0.02666666731238365,
          "saturation": 1.0
        }
      }
    },
    {
      "episode": 220,
      "mean_preact": -273.6143798828125,
      "std_preact": 13147.177734375,
      "min_preact": -45477.82421875,
      "max_preact": 47249.17578125,
      "avg_actor_output_saturation": 1.0,
      "actor_activations_sample": {
        "fc3": {
          "min": -1.0,
          "max": 1.0,
          "mean": 0.02666666731238365,
          "saturation": 1.0
        }
      }
    },
    {
      "episode": 230,
      "mean_preact": -280.2493591308594,
      "std_preact": 13121.87890625,
      "min_preact": -45422.60546875,
      "max_preact": 47804.08203125,
      "avg_actor_output_saturation": 1.0,
      "actor_activations_sample": {
        "fc3": {
          "min": -1.0,
          "max": 1.0,
          "mean": 0.02666666731238365,
          "saturation": 1.0
        }
      }
    },
    {
      "episode": 240,
      "mean_preact": -281.68438720703125,
      "std_preact": 13143.3232421875,
      "min_preact": -45422.60546875,
      "max_preact": 46915.19921875,
      "avg_actor_output_saturation": 1.0,
      "actor_activations_sample": {
        "fc3": {
          "min": -1.0,
          "max": 1.0,
          "mean": 0.02666666731238365,
          "saturation": 1.0
        }
      }
    },
    {
      "episode": 250,
      "mean_preact": -281.97991943359375,
      "std_preact": 13134.439453125,
      "min_preact": -45691.5703125,
      "max_preact": 47405.578125,
      "avg_actor_output_saturation": 1.0,
      "actor_activations_sample": {
        "fc3": {
          "min": -1.0,
          "max": 1.0,
          "mean": 0.02666666731238365,
          "saturation": 1.0
        }
      }
    },
    {
      "episode": 260,
      "mean_preact": -271.8957824707031,
      "std_preact": 13159.7275390625,
      "min_preact": -45422.60546875,
      "max_preact": 47608.9609375,
      "avg_actor_output_saturation": 1.0,
      "actor_activations_sample": {
        "fc3": {
          "min": -1.0,
          "max": 1.0,
          "mean": 0.02666666731238365,
          "saturation": 1.0
        }
      }
    },
    {
      "episode": 270,
      "mean_preact": -287.0884094238281,
      "std_preact": 13154.66796875,
      "min_preact": -45422.60546875,
      "max_preact": 47223.8984375,
      "avg_actor_output_saturation": 1.0,
      "actor_activations_sample": {
        "fc3": {
          "min": -1.0,
          "max": 1.0,
          "mean": 0.02666666731238365,
          "saturation": 1.0
        }
      }
    },
    {
      "episode": 280,
      "mean_preact": -277.01715087890625,
      "std_preact": 13129.43359375,
      "min_preact": -45422.60546875,
      "max_preact": 47197.38671875,
      "avg_actor_output_saturation": 1.0,
      "actor_activations_sample": {
        "fc3": {
          "min": -1.0,
          "max": 1.0,
          "mean": 0.02666666731238365,
          "saturation": 1.0
        }
      }
    },
    {
      "episode": 290,
      "mean_preact": -282.4428405761719,
      "std_preact": 13124.01171875,
      "min_preact": -45422.60546875,
      "max_preact": 47227.1875,
      "avg_actor_output_saturation": 1.0,
      "actor_activations_sample": {
        "fc3": {
          "min": -1.0,
          "max": 1.0,
          "mean": 0.02666666731238365,
          "saturation": 1.0
        }
      }
    },
    {
      "episode": 300,
      "mean_preact": -294.0875244140625,
      "std_preact": 13145.9111328125,
      "min_preact": -45276.44140625,
      "max_preact": 47182.38671875,
      "avg_actor_output_saturation": 1.0,
      "actor_activations_sample": {
        "fc3": {
          "min": -1.0,
          "max": 1.0,
          "mean": 0.02666666731238365,
          "saturation": 1.0
        }
      }
    },
    {
      "episode": 310,
      "mean_preact": -278.23944091796875,
      "std_preact": 13147.7333984375,
      "min_preact": -45422.60546875,
      "max_preact": 46908.5078125,
      "avg_actor_output_saturation": 1.0,
      "actor_activations_sample": {
        "fc3": {
          "min": -1.0,
          "max": 1.0,
          "mean": 0.02666666731238365,
          "saturation": 1.0
        }
      }
    }
  ],
  "clipping_history": [
    {
      "episode": 10,
      "critic_grad_before": 23356264.955945585,
      "critic_grad_after": 1.0000000107502645,
      "critic_was_clipped": true,
      "actor_avg_grad_before": 8.090762018686037e-07,
      "actor_avg_grad_after": 8.090762018686037e-07,
      "actor_clipped_count": 0,
      "actor_clipped_ratio": 0.0
    },
    {
      "episode": 20,
      "critic_grad_before": 96058120.00828828,
      "critic_grad_after": 0.999999962223232,
      "critic_was_clipped": true,
      "actor_avg_grad_before": 0.0,
      "actor_avg_grad_after": 0.0,
      "actor_clipped_count": 0,
      "actor_clipped_ratio": 0.0
    },
    {
      "episode": 30,
      "critic_grad_before": 204165654.4460976,
      "critic_grad_after": 1.000000001397569,
      "critic_was_clipped": true,
      "actor_avg_grad_before": 0.0,
      "actor_avg_grad_after": 0.0,
      "actor_clipped_count": 0,
      "actor_clipped_ratio": 0.0
    },
    {
      "episode": 40,
      "critic_grad_before": 302437291.0486887,
      "critic_grad_after": 0.9999998855468543,
      "critic_was_clipped": true,
      "actor_avg_grad_before": 0.0,
      "actor_avg_grad_after": 0.0,
      "actor_clipped_count": 0,
      "actor_clipped_ratio": 0.0
    },
    {
      "episode": 50,
      "critic_grad_before": 73308291.83800311,
      "critic_grad_after": 1.0000001667870257,
      "critic_was_clipped": true,
      "actor_avg_grad_before": 0.0,
      "actor_avg_grad_after": 0.0,
      "actor_clipped_count": 0,
      "actor_clipped_ratio": 0.0
    },
    {
      "episode": 60,
      "critic_grad_before": 35718407.24625422,
      "critic_grad_after": 1.000000076647907,
      "critic_was_clipped": true,
      "actor_avg_grad_before": 0.0,
      "actor_avg_grad_after": 0.0,
      "actor_clipped_count": 0,
      "actor_clipped_ratio": 0.0
    },
    {
      "episode": 70,
      "critic_grad_before": 331121089.9919296,
      "critic_grad_after": 1.000000047832826,
      "critic_was_clipped": true,
      "actor_avg_grad_before": 0.0,
      "actor_avg_grad_after": 0.0,
      "actor_clipped_count": 0,
      "actor_clipped_ratio": 0.0
    },
    {
      "episode": 80,
      "critic_grad_before": 5740103.087081895,
      "critic_grad_after": 1.0000000323298082,
      "critic_was_clipped": true,
      "actor_avg_grad_before": 0.0,
      "actor_avg_grad_after": 0.0,
      "actor_clipped_count": 0,
      "actor_clipped_ratio": 0.0
    },
    {
      "episode": 90,
      "critic_grad_before": 29790682.931632705,
      "critic_grad_after": 0.9999999575505165,
      "critic_was_clipped": true,
      "actor_avg_grad_before": 0.0,
      "actor_avg_grad_after": 0.0,
      "actor_clipped_count": 0,
      "actor_clipped_ratio": 0.0
    },
    {
      "episode": 100,
      "critic_grad_before": 10881302.268713143,
      "critic_grad_after": 0.9999999737154616,
      "critic_was_clipped": true,
      "actor_avg_grad_before": 0.0,
      "actor_avg_grad_after": 0.0,
      "actor_clipped_count": 0,
      "actor_clipped_ratio": 0.0
    },
    {
      "episode": 110,
      "critic_grad_before": 218234777.68390048,
      "critic_grad_after": 1.0000000378239038,
      "critic_was_clipped": true,
      "actor_avg_grad_before": 0.0,
      "actor_avg_grad_after": 0.0,
      "actor_clipped_count": 0,
      "actor_clipped_ratio": 0.0
    },
    {
      "episode": 120,
      "critic_grad_before": 305331503.20663285,
      "critic_grad_after": 0.9999999526809693,
      "critic_was_clipped": true,
      "actor_avg_grad_before": 0.0,
      "actor_avg_grad_after": 0.0,
      "actor_clipped_count": 0,
      "actor_clipped_ratio": 0.0
    },
    {
      "episode": 130,
      "critic_grad_before": 74503652.49791978,
      "critic_grad_after": 1.0000000577722437,
      "critic_was_clipped": true,
      "actor_avg_grad_before": 0.0,
      "actor_avg_grad_after": 0.0,
      "actor_clipped_count": 0,
      "actor_clipped_ratio": 0.0
    },
    {
      "episode": 140,
      "critic_grad_before": 31428722.831625994,
      "critic_grad_after": 0.9999999793949688,
      "critic_was_clipped": true,
      "actor_avg_grad_before": 0.0,
      "actor_avg_grad_after": 0.0,
      "actor_clipped_count": 0,
      "actor_clipped_ratio": 0.0
    },
    {
      "episode": 150,
      "critic_grad_before": 325916.6398938694,
      "critic_grad_after": 0.9999999909156817,
      "critic_was_clipped": true,
      "actor_avg_grad_before": 0.0,
      "actor_avg_grad_after": 0.0,
      "actor_clipped_count": 0,
      "actor_clipped_ratio": 0.0
    },
    {
      "episode": 160,
      "critic_grad_before": 55403766.81608796,
      "critic_grad_after": 0.9999999957161372,
      "critic_was_clipped": true,
      "actor_avg_grad_before": 0.0,
      "actor_avg_grad_after": 0.0,
      "actor_clipped_count": 0,
      "actor_clipped_ratio": 0.0
    },
    {
      "episode": 170,
      "critic_grad_before": 11585129.295491807,
      "critic_grad_after": 1.0000001015314564,
      "critic_was_clipped": true,
      "actor_avg_grad_before": 0.0,
      "actor_avg_grad_after": 0.0,
      "actor_clipped_count": 0,
      "actor_clipped_ratio": 0.0
    },
    {
      "episode": 180,
      "critic_grad_before": 44928723.99083693,
      "critic_grad_after": 1.0000000030569633,
      "critic_was_clipped": true,
      "actor_avg_grad_before": 0.0,
      "actor_avg_grad_after": 0.0,
      "actor_clipped_count": 0,
      "actor_clipped_ratio": 0.0
    },
    {
      "episode": 190,
      "critic_grad_before": 64568372.330017805,
      "critic_grad_after": 1.0000000149030523,
      "critic_was_clipped": true,
      "actor_avg_grad_before": 0.0,
      "actor_avg_grad_after": 0.0,
      "actor_clipped_count": 0,
      "actor_clipped_ratio": 0.0
    },
    {
      "episode": 200,
      "critic_grad_before": 65734159.467555575,
      "critic_grad_after": 1.000000011067321,
      "critic_was_clipped": true,
      "actor_avg_grad_before": 0.0,
      "actor_avg_grad_after": 0.0,
      "actor_clipped_count": 0,
      "actor_clipped_ratio": 0.0
    },
    {
      "episode": 210,
      "critic_grad_before": 20113983.750547756,
      "critic_grad_after": 0.9999999305857616,
      "critic_was_clipped": true,
      "actor_avg_grad_before": 0.0,
      "actor_avg_grad_after": 0.0,
      "actor_clipped_count": 0,
      "actor_clipped_ratio": 0.0
    },
    {
      "episode": 220,
      "critic_grad_before": 46729941.24530473,
      "critic_grad_after": 0.9999999658475263,
      "critic_was_clipped": true,
      "actor_avg_grad_before": 0.0,
      "actor_avg_grad_after": 0.0,
      "actor_clipped_count": 0,
      "actor_clipped_ratio": 0.0
    },
    {
      "episode": 230,
      "critic_grad_before": 65620673.21642815,
      "critic_grad_after": 1.000000017879116,
      "critic_was_clipped": true,
      "actor_avg_grad_before": 0.0,
      "actor_avg_grad_after": 0.0,
      "actor_clipped_count": 0,
      "actor_clipped_ratio": 0.0
    },
    {
      "episode": 240,
      "critic_grad_before": 2740060.2494929167,
      "critic_grad_after": 0.9999999516926001,
      "critic_was_clipped": true,
      "actor_avg_grad_before": 0.0,
      "actor_avg_grad_after": 0.0,
      "actor_clipped_count": 0,
      "actor_clipped_ratio": 0.0
    },
    {
      "episode": 250,
      "critic_grad_before": 73774939.10361917,
      "critic_grad_after": 0.9999999405465957,
      "critic_was_clipped": true,
      "actor_avg_grad_before": 0.0,
      "actor_avg_grad_after": 0.0,
      "actor_clipped_count": 0,
      "actor_clipped_ratio": 0.0
    },
    {
      "episode": 260,
      "critic_grad_before": 36762659.22952218,
      "critic_grad_after": 1.0000000191433769,
      "critic_was_clipped": true,
      "actor_avg_grad_before": 0.0,
      "actor_avg_grad_after": 0.0,
      "actor_clipped_count": 0,
      "actor_clipped_ratio": 0.0
    },
    {
      "episode": 270,
      "critic_grad_before": 4900016.051334897,
      "critic_grad_after": 0.9999999162156995,
      "critic_was_clipped": true,
      "actor_avg_grad_before": 0.0,
      "actor_avg_grad_after": 0.0,
      "actor_clipped_count": 0,
      "actor_clipped_ratio": 0.0
    },
    {
      "episode": 280,
      "critic_grad_before": 6374492.167085518,
      "critic_grad_after": 1.0000000027703149,
      "critic_was_clipped": true,
      "actor_avg_grad_before": 0.0,
      "actor_avg_grad_after": 0.0,
      "actor_clipped_count": 0,
      "actor_clipped_ratio": 0.0
    },
    {
      "episode": 290,
      "critic_grad_before": 144961746.14853287,
      "critic_grad_after": 0.9999999764060521,
      "critic_was_clipped": true,
      "actor_avg_grad_before": 0.0,
      "actor_avg_grad_after": 0.0,
      "actor_clipped_count": 0,
      "actor_clipped_ratio": 0.0
    },
    {
      "episode": 300,
      "critic_grad_before": 156313946.882263,
      "critic_grad_after": 1.000000007522463,
      "critic_was_clipped": true,
      "actor_avg_grad_before": 0.0,
      "actor_avg_grad_after": 0.0,
      "actor_clipped_count": 0,
      "actor_clipped_ratio": 0.0
    },
    {
      "episode": 310,
      "critic_grad_before": 14256384.891704489,
      "critic_grad_after": 1.0000000485558282,
      "critic_was_clipped": true,
      "actor_avg_grad_before": 0.0,
      "actor_avg_grad_after": 0.0,
      "actor_clipped_count": 0,
      "actor_clipped_ratio": 0.0
    }
  ]
}