{
  "gradient_history": [
    {
      "episode": 10,
      "actor_grad": 0.0,
      "critic_grad": 58277871.10297889,
      "actor_per_layer": {
        "fc1": 0.0,
        "fc2": 0.0,
        "fc3": 0.0
      },
      "critic_per_layer": {
        "fc1": 14063792.51143181,
        "fc2": 37956448.07383731,
        "fc3": 41926460.02358067
      }
    },
    {
      "episode": 20,
      "actor_grad": 0.0,
      "critic_grad": 32533420.252654847,
      "actor_per_layer": {
        "fc1": 0.0,
        "fc2": 0.0,
        "fc3": 0.0
      },
      "critic_per_layer": {
        "fc1": 8510282.323385652,
        "fc2": 15671792.055959947,
        "fc3": 27210172.029350955
      }
    },
    {
      "episode": 30,
      "actor_grad": 0.0,
      "critic_grad": 11975010.575293133,
      "actor_per_layer": {
        "fc1": 0.0,
        "fc2": 0.0,
        "fc3": 0.0
      },
      "critic_per_layer": {
        "fc1": 3651840.133591952,
        "fc2": 5539247.513894597,
        "fc3": 9969036.006399114
      }
    },
    {
      "episode": 40,
      "actor_grad": 0.0,
      "critic_grad": 35180606.73962953,
      "actor_per_layer": {
        "fc1": 0.0,
        "fc2": 0.0,
        "fc3": 0.0
      },
      "critic_per_layer": {
        "fc1": 12995378.45964637,
        "fc2": 15620364.03684398,
        "fc3": 28719322.008283846
      }
    },
    {
      "episode": 50,
      "actor_grad": 0.0,
      "critic_grad": 7466527.6095438525,
      "actor_per_layer": {
        "fc1": 0.0,
        "fc2": 0.0,
        "fc3": 0.0
      },
      "critic_per_layer": {
        "fc1": 3462854.559451209,
        "fc2": 3922479.0050200596,
        "fc3": 5326521.500880799
      }
    },
    {
      "episode": 60,
      "actor_grad": 0.0,
      "critic_grad": 16022371.140680263,
      "actor_per_layer": {
        "fc1": 0.0,
        "fc2": 0.0,
        "fc3": 0.0
      },
      "critic_per_layer": {
        "fc1": 5349990.100359123,
        "fc2": 6766524.011608689,
        "fc3": 13502153.002246944
      }
    },
    {
      "episode": 70,
      "actor_grad": 0.0,
      "critic_grad": 33816481.4635178,
      "actor_per_layer": {
        "fc1": 0.0,
        "fc2": 0.0,
        "fc3": 0.0
      },
      "critic_per_layer": {
        "fc1": 10496788.38876319,
        "fc2": 14321366.040586308,
        "fc3": 28779686.009849213
      }
    },
    {
      "episode": 80,
      "actor_grad": 0.0,
      "critic_grad": 53032559.25084204,
      "actor_per_layer": {
        "fc1": 0.0,
        "fc2": 0.0,
        "fc3": 0.0
      },
      "critic_per_layer": {
        "fc1": 10736582.398234379,
        "fc2": 22369228.038091764,
        "fc3": 46869988.010237895
      }
    },
    {
      "episode": 90,
      "actor_grad": 0.0,
      "critic_grad": 10897517.03283227,
      "actor_per_layer": {
        "fc1": 0.0,
        "fc2": 0.0,
        "fc3": 0.0
      },
      "critic_per_layer": {
        "fc1": 2716399.082535981,
        "fc2": 4872954.006773161,
        "fc3": 9361163.002167013
      }
    },
    {
      "episode": 100,
      "actor_grad": 0.0,
      "critic_grad": 7702537.538529336,
      "actor_per_layer": {
        "fc1": 0.0,
        "fc2": 0.0,
        "fc3": 0.0
      },
      "critic_per_layer": {
        "fc1": 1884481.3126404213,
        "fc2": 3245507.256807453,
        "fc3": 6726403.003149065
      }
    },
    {
      "episode": 110,
      "actor_grad": 0.0,
      "critic_grad": 11114496.282058751,
      "actor_per_layer": {
        "fc1": 0.0,
        "fc2": 0.0,
        "fc3": 0.0
      },
      "critic_per_layer": {
        "fc1": 2210440.3338003512,
        "fc2": 4305409.5109469835,
        "fc3": 10005470.007833397
      }
    },
    {
      "episode": 120,
      "actor_grad": 0.0,
      "critic_grad": 10027584.170878453,
      "actor_per_layer": {
        "fc1": 0.0,
        "fc2": 0.0,
        "fc3": 0.0
      },
      "critic_per_layer": {
        "fc1": 1987163.6777422316,
        "fc2": 4777374.502694386,
        "fc3": 8589547.00103094
      }
    },
    {
      "episode": 130,
      "actor_grad": 0.0,
      "critic_grad": 16323145.303955823,
      "actor_per_layer": {
        "fc1": 0.0,
        "fc2": 0.0,
        "fc3": 0.0
      },
      "critic_per_layer": {
        "fc1": 3798679.627871665,
        "fc2": 8755829.007068776,
        "fc3": 13242000.003693584
      }
    },
    {
      "episode": 140,
      "actor_grad": 0.0,
      "critic_grad": 14375558.305132315,
      "actor_per_layer": {
        "fc1": 0.0,
        "fc2": 0.0,
        "fc3": 0.0
      },
      "critic_per_layer": {
        "fc1": 2510628.856217686,
        "fc2": 6278231.005964055,
        "fc3": 12686104.002661232
      }
    },
    {
      "episode": 150,
      "actor_grad": 0.0,
      "critic_grad": 5431419.475440227,
      "actor_per_layer": {
        "fc1": 0.0,
        "fc2": 0.0,
        "fc3": 0.0
      },
      "critic_per_layer": {
        "fc1": 970353.032912872,
        "fc2": 2434037.0023137145,
        "fc3": 4757541.001512846
      }
    },
    {
      "episode": 160,
      "actor_grad": 0.0,
      "critic_grad": 113253538.12579922,
      "actor_per_layer": {
        "fc1": 0.0,
        "fc2": 0.0,
        "fc3": 0.0
      },
      "critic_per_layer": {
        "fc1": 18488420.64534488,
        "fc2": 44130544.031174295,
        "fc3": 102650072.00954722
      }
    },
    {
      "episode": 170,
      "actor_grad": 0.0,
      "critic_grad": 25207772.95545042,
      "actor_per_layer": {
        "fc1": 0.0,
        "fc2": 0.0,
        "fc3": 0.0
      },
      "critic_per_layer": {
        "fc1": 4002145.892248101,
        "fc2": 9660088.014999801,
        "fc3": 22936812.00980547
      }
    },
    {
      "episode": 180,
      "actor_grad": 0.0,
      "critic_grad": 2476431.060250435,
      "actor_per_layer": {
        "fc1": 0.0,
        "fc2": 0.0,
        "fc3": 0.0
      },
      "critic_per_layer": {
        "fc1": 997821.3864275853,
        "fc2": 1001401.626448299,
        "fc3": 2033287.500455242
      }
    },
    {
      "episode": 190,
      "actor_grad": 0.0,
      "critic_grad": 31407962.677978743,
      "actor_per_layer": {
        "fc1": 0.0,
        "fc2": 0.0,
        "fc3": 0.0
      },
      "critic_per_layer": {
        "fc1": 4894588.695011624,
        "fc2": 13832281.0137161,
        "fc3": 27769968.005843274
      }
    },
    {
      "episode": 200,
      "actor_grad": 0.0,
      "critic_grad": 1863111.3879637616,
      "actor_per_layer": {
        "fc1": 0.0,
        "fc2": 0.0,
        "fc3": 0.0
      },
      "critic_per_layer": {
        "fc1": 649547.1261321576,
        "fc2": 782211.5626377928,
        "fc3": 1561223.1250431347
      }
    },
    {
      "episode": 210,
      "actor_grad": 0.0,
      "critic_grad": 59500659.403373785,
      "actor_per_layer": {
        "fc1": 0.0,
        "fc2": 0.0,
        "fc3": 0.0
      },
      "critic_per_layer": {
        "fc1": 9629498.353475545,
        "fc2": 26748968.022417698,
        "fc3": 52269436.00836324
      }
    },
    {
      "episode": 220,
      "actor_grad": 0.0,
      "critic_grad": 9731562.624413734,
      "actor_per_layer": {
        "fc1": 0.0,
        "fc2": 0.0,
        "fc3": 0.0
      },
      "critic_per_layer": {
        "fc1": 1547552.177135469,
        "fc2": 4397928.504508157,
        "fc3": 8542050.002263172
      }
    },
    {
      "episode": 230,
      "actor_grad": 0.0,
      "critic_grad": 39298514.31895695,
      "actor_per_layer": {
        "fc1": 0.0,
        "fc2": 0.0,
        "fc3": 0.0
      },
      "critic_per_layer": {
        "fc1": 6104354.676971525,
        "fc2": 17814140.010160424,
        "fc3": 34492992.00349836
      }
    },
    {
      "episode": 240,
      "actor_grad": 0.0,
      "critic_grad": 1760445.7634601945,
      "actor_per_layer": {
        "fc1": 0.0,
        "fc2": 0.0,
        "fc3": 0.0
      },
      "critic_per_layer": {
        "fc1": 301604.0398215218,
        "fc2": 793072.2505165263,
        "fc3": 1542478.7501644674
      }
    },
    {
      "episode": 250,
      "actor_grad": 0.0,
      "critic_grad": 1584116.0327085406,
      "actor_per_layer": {
        "fc1": 0.0,
        "fc2": 0.0,
        "fc3": 0.0
      },
      "critic_per_layer": {
        "fc1": 552301.2532222122,
        "fc2": 683134.500464166,
        "fc3": 1318223.8751627107
      }
    },
    {
      "episode": 260,
      "actor_grad": 0.0,
      "critic_grad": 15999442.02933881,
      "actor_per_layer": {
        "fc1": 0.0,
        "fc2": 0.0,
        "fc3": 0.0
      },
      "critic_per_layer": {
        "fc1": 2340411.8382254974,
        "fc2": 7331794.504731189,
        "fc3": 14026739.001566283
      }
    }
  ],
  "asymmetry_history": [
    {
      "episode": 10,
      "ratio": 0.0,
      "actor_grad": 0.0,
      "critic_grad": 58277871.10297889
    },
    {
      "episode": 20,
      "ratio": 0.0,
      "actor_grad": 0.0,
      "critic_grad": 32533420.252654847
    },
    {
      "episode": 30,
      "ratio": 0.0,
      "actor_grad": 0.0,
      "critic_grad": 11975010.575293133
    },
    {
      "episode": 40,
      "ratio": 0.0,
      "actor_grad": 0.0,
      "critic_grad": 35180606.73962953
    },
    {
      "episode": 50,
      "ratio": 0.0,
      "actor_grad": 0.0,
      "critic_grad": 7466527.6095438525
    },
    {
      "episode": 60,
      "ratio": 0.0,
      "actor_grad": 0.0,
      "critic_grad": 16022371.140680263
    },
    {
      "episode": 70,
      "ratio": 0.0,
      "actor_grad": 0.0,
      "critic_grad": 33816481.4635178
    },
    {
      "episode": 80,
      "ratio": 0.0,
      "actor_grad": 0.0,
      "critic_grad": 53032559.25084204
    },
    {
      "episode": 90,
      "ratio": 0.0,
      "actor_grad": 0.0,
      "critic_grad": 10897517.03283227
    },
    {
      "episode": 100,
      "ratio": 0.0,
      "actor_grad": 0.0,
      "critic_grad": 7702537.538529336
    },
    {
      "episode": 110,
      "ratio": 0.0,
      "actor_grad": 0.0,
      "critic_grad": 11114496.282058751
    },
    {
      "episode": 120,
      "ratio": 0.0,
      "actor_grad": 0.0,
      "critic_grad": 10027584.170878453
    },
    {
      "episode": 130,
      "ratio": 0.0,
      "actor_grad": 0.0,
      "critic_grad": 16323145.303955823
    },
    {
      "episode": 140,
      "ratio": 0.0,
      "actor_grad": 0.0,
      "critic_grad": 14375558.305132315
    },
    {
      "episode": 150,
      "ratio": 0.0,
      "actor_grad": 0.0,
      "critic_grad": 5431419.475440227
    },
    {
      "episode": 160,
      "ratio": 0.0,
      "actor_grad": 0.0,
      "critic_grad": 113253538.12579922
    },
    {
      "episode": 170,
      "ratio": 0.0,
      "actor_grad": 0.0,
      "critic_grad": 25207772.95545042
    },
    {
      "episode": 180,
      "ratio": 0.0,
      "actor_grad": 0.0,
      "critic_grad": 2476431.060250435
    },
    {
      "episode": 190,
      "ratio": 0.0,
      "actor_grad": 0.0,
      "critic_grad": 31407962.677978743
    },
    {
      "episode": 200,
      "ratio": 0.0,
      "actor_grad": 0.0,
      "critic_grad": 1863111.3879637616
    },
    {
      "episode": 210,
      "ratio": 0.0,
      "actor_grad": 0.0,
      "critic_grad": 59500659.403373785
    },
    {
      "episode": 220,
      "ratio": 0.0,
      "actor_grad": 0.0,
      "critic_grad": 9731562.624413734
    },
    {
      "episode": 230,
      "ratio": 0.0,
      "actor_grad": 0.0,
      "critic_grad": 39298514.31895695
    },
    {
      "episode": 240,
      "ratio": 0.0,
      "actor_grad": 0.0,
      "critic_grad": 1760445.7634601945
    },
    {
      "episode": 250,
      "ratio": 0.0,
      "actor_grad": 0.0,
      "critic_grad": 1584116.0327085406
    },
    {
      "episode": 260,
      "ratio": 0.0,
      "actor_grad": 0.0,
      "critic_grad": 15999442.02933881
    }
  ],
  "activation_history": [
    {
      "episode": 10,
      "mean_preact": -822.5399780273438,
      "std_preact": 106824.015625,
      "min_preact": -359076.09375,
      "max_preact": 359686.96875,
      "avg_actor_output_saturation": 0.9445361014994234,
      "actor_activations_sample": {
        "fc3": {
          "min": -1.0,
          "max": 1.0,
          "mean": 0.020149506628513336,
          "saturation": 0.9445361014994234
        }
      }
    },
    {
      "episode": 20,
      "mean_preact": -1447.6163330078125,
      "std_preact": 326628.59375,
      "min_preact": -728874.0625,
      "max_preact": 729556.625,
      "avg_actor_output_saturation": 1.0,
      "actor_activations_sample": {
        "fc3": {
          "min": -1.0,
          "max": 1.0,
          "mean": 0.02666666731238365,
          "saturation": 1.0
        }
      }
    },
    {
      "episode": 30,
      "mean_preact": -165.18576049804688,
      "std_preact": 484968.75,
      "min_preact": -948032.1875,
      "max_preact": 949164.1875,
      "avg_actor_output_saturation": 1.0,
      "actor_activations_sample": {
        "fc3": {
          "min": -1.0,
          "max": 1.0,
          "mean": 0.02666666731238365,
          "saturation": 1.0
        }
      }
    },
    {
      "episode": 40,
      "mean_preact": -254.64231872558594,
      "std_preact": 562080.1875,
      "min_preact": -1029906.6875,
      "max_preact": 1031100.375,
      "avg_actor_output_saturation": 1.0,
      "actor_activations_sample": {
        "fc3": {
          "min": -1.0,
          "max": 1.0,
          "mean": 0.02666666731238365,
          "saturation": 1.0
        }
      }
    },
    {
      "episode": 50,
      "mean_preact": -624.3455200195312,
      "std_preact": 592777.375,
      "min_preact": -1057448.375,
      "max_preact": 1058662.375,
      "avg_actor_output_saturation": 1.0,
      "actor_activations_sample": {
        "fc3": {
          "min": -1.0,
          "max": 1.0,
          "mean": 0.02666666731238365,
          "saturation": 1.0
        }
      }
    },
    {
      "episode": 60,
      "mean_preact": -447.2816467285156,
      "std_preact": 608106.3125,
      "min_preact": -1082227.625,
      "max_preact": 1083459.875,
      "avg_actor_output_saturation": 1.0,
      "actor_activations_sample": {
        "fc3": {
          "min": -1.0,
          "max": 1.0,
          "mean": 0.02666666731238365,
          "saturation": 1.0
        }
      }
    },
    {
      "episode": 70,
      "mean_preact": -730.4119262695312,
      "std_preact": 612657.125,
      "min_preact": -1089738.625,
      "max_preact": 1090976.25,
      "avg_actor_output_saturation": 1.0,
      "actor_activations_sample": {
        "fc3": {
          "min": -1.0,
          "max": 1.0,
          "mean": 0.02666666731238365,
          "saturation": 1.0
        }
      }
    },
    {
      "episode": 80,
      "mean_preact": 297.425537109375,
      "std_preact": 614452.6875,
      "min_preact": -1076556.25,
      "max_preact": 1077778.25,
      "avg_actor_output_saturation": 1.0,
      "actor_activations_sample": {
        "fc3": {
          "min": -1.0,
          "max": 1.0,
          "mean": 0.02666666731238365,
          "saturation": 1.0
        }
      }
    },
    {
      "episode": 90,
      "mean_preact": -227.477294921875,
      "std_preact": 614686.3125,
      "min_preact": -1078504.625,
      "max_preact": 1079728.375,
      "avg_actor_output_saturation": 1.0,
      "actor_activations_sample": {
        "fc3": {
          "min": -1.0,
          "max": 1.0,
          "mean": 0.02666666731238365,
          "saturation": 1.0
        }
      }
    },
    {
      "episode": 100,
      "mean_preact": -146.99197387695312,
      "std_preact": 615081.8125,
      "min_preact": -1093295.125,
      "max_preact": 1094535.5,
      "avg_actor_output_saturation": 1.0,
      "actor_activations_sample": {
        "fc3": {
          "min": -1.0,
          "max": 1.0,
          "mean": 0.02666666731238365,
          "saturation": 1.0
        }
      }
    },
    {
      "episode": 110,
      "mean_preact": -334.49127197265625,
      "std_preact": 614866.0,
      "min_preact": -1095388.0,
      "max_preact": 1096630.5,
      "avg_actor_output_saturation": 1.0,
      "actor_activations_sample": {
        "fc3": {
          "min": -1.0,
          "max": 1.0,
          "mean": 0.02666666731238365,
          "saturation": 1.0
        }
      }
    },
    {
      "episode": 120,
      "mean_preact": 1695.1109619140625,
      "std_preact": 615572.0625,
      "min_preact": -1095509.75,
      "max_preact": 1096752.375,
      "avg_actor_output_saturation": 1.0,
      "actor_activations_sample": {
        "fc3": {
          "min": -1.0,
          "max": 1.0,
          "mean": 0.02666666731238365,
          "saturation": 1.0
        }
      }
    },
    {
      "episode": 130,
      "mean_preact": 1564.3885498046875,
      "std_preact": 615371.4375,
      "min_preact": -1082981.375,
      "max_preact": 1084209.875,
      "avg_actor_output_saturation": 1.0,
      "actor_activations_sample": {
        "fc3": {
          "min": -1.0,
          "max": 1.0,
          "mean": 0.02666666731238365,
          "saturation": 1.0
        }
      }
    },
    {
      "episode": 140,
      "mean_preact": -31.38361930847168,
      "std_preact": 616558.0625,
      "min_preact": -1095527.25,
      "max_preact": 1096769.875,
      "avg_actor_output_saturation": 1.0,
      "actor_activations_sample": {
        "fc3": {
          "min": -1.0,
          "max": 1.0,
          "mean": 0.02666666731238365,
          "saturation": 1.0
        }
      }
    },
    {
      "episode": 150,
      "mean_preact": 400.3905334472656,
      "std_preact": 617047.375,
      "min_preact": -1078958.125,
      "max_preact": 1080182.0,
      "avg_actor_output_saturation": 1.0,
      "actor_activations_sample": {
        "fc3": {
          "min": -1.0,
          "max": 1.0,
          "mean": 0.02666666731238365,
          "saturation": 1.0
        }
      }
    },
    {
      "episode": 160,
      "mean_preact": 352.00872802734375,
      "std_preact": 615418.8125,
      "min_preact": -1082989.375,
      "max_preact": 1084217.875,
      "avg_actor_output_saturation": 1.0,
      "actor_activations_sample": {
        "fc3": {
          "min": -1.0,
          "max": 1.0,
          "mean": 0.02666666731238365,
          "saturation": 1.0
        }
      }
    },
    {
      "episode": 170,
      "mean_preact": 236.8997344970703,
      "std_preact": 615859.4375,
      "min_preact": -1081257.625,
      "max_preact": 1082484.0,
      "avg_actor_output_saturation": 1.0,
      "actor_activations_sample": {
        "fc3": {
          "min": -1.0,
          "max": 1.0,
          "mean": 0.02666666731238365,
          "saturation": 1.0
        }
      }
    },
    {
      "episode": 180,
      "mean_preact": 20.232131958007812,
      "std_preact": 616827.125,
      "min_preact": -1072931.0,
      "max_preact": 1074148.125,
      "avg_actor_output_saturation": 1.0,
      "actor_activations_sample": {
        "fc3": {
          "min": -1.0,
          "max": 1.0,
          "mean": 0.02666666731238365,
          "saturation": 1.0
        }
      }
    },
    {
      "episode": 190,
      "mean_preact": -310.8582458496094,
      "std_preact": 617536.4375,
      "min_preact": -1079460.0,
      "max_preact": 1080684.625,
      "avg_actor_output_saturation": 1.0,
      "actor_activations_sample": {
        "fc3": {
          "min": -1.0,
          "max": 1.0,
          "mean": 0.02666666731238365,
          "saturation": 1.0
        }
      }
    },
    {
      "episode": 200,
      "mean_preact": 187.08956909179688,
      "std_preact": 617043.8125,
      "min_preact": -1080924.375,
      "max_preact": 1082150.5,
      "avg_actor_output_saturation": 1.0,
      "actor_activations_sample": {
        "fc3": {
          "min": -1.0,
          "max": 1.0,
          "mean": 0.02666666731238365,
          "saturation": 1.0
        }
      }
    },
    {
      "episode": 210,
      "mean_preact": 124.93480682373047,
      "std_preact": 617114.5,
      "min_preact": -1093617.75,
      "max_preact": 1094858.25,
      "avg_actor_output_saturation": 1.0,
      "actor_activations_sample": {
        "fc3": {
          "min": -1.0,
          "max": 1.0,
          "mean": 0.02666666731238365,
          "saturation": 1.0
        }
      }
    },
    {
      "episode": 220,
      "mean_preact": 559.798583984375,
      "std_preact": 617616.9375,
      "min_preact": -1081786.5,
      "max_preact": 1083013.625,
      "avg_actor_output_saturation": 1.0,
      "actor_activations_sample": {
        "fc3": {
          "min": -1.0,
          "max": 1.0,
          "mean": 0.02666666731238365,
          "saturation": 1.0
        }
      }
    },
    {
      "episode": 230,
      "mean_preact": 1317.4681396484375,
      "std_preact": 614658.0,
      "min_preact": -1072931.0,
      "max_preact": 1074148.125,
      "avg_actor_output_saturation": 1.0,
      "actor_activations_sample": {
        "fc3": {
          "min": -1.0,
          "max": 1.0,
          "mean": 0.02666666731238365,
          "saturation": 1.0
        }
      }
    },
    {
      "episode": 240,
      "mean_preact": 622.6328125,
      "std_preact": 618453.25,
      "min_preact": -1095532.375,
      "max_preact": 1096775.125,
      "avg_actor_output_saturation": 1.0,
      "actor_activations_sample": {
        "fc3": {
          "min": -1.0,
          "max": 1.0,
          "mean": 0.02666666731238365,
          "saturation": 1.0
        }
      }
    },
    {
      "episode": 250,
      "mean_preact": 490.0357971191406,
      "std_preact": 617268.875,
      "min_preact": -1085361.625,
      "max_preact": 1086592.625,
      "avg_actor_output_saturation": 1.0,
      "actor_activations_sample": {
        "fc3": {
          "min": -1.0,
          "max": 1.0,
          "mean": 0.02666666731238365,
          "saturation": 1.0
        }
      }
    },
    {
      "episode": 260,
      "mean_preact": 956.557861328125,
      "std_preact": 617936.3125,
      "min_preact": -1072699.125,
      "max_preact": 1073916.0,
      "avg_actor_output_saturation": 1.0,
      "actor_activations_sample": {
        "fc3": {
          "min": -1.0,
          "max": 1.0,
          "mean": 0.02666666731238365,
          "saturation": 1.0
        }
      }
    }
  ]
}