{
  "gradient_history": [
    {
      "episode": 10,
      "actor_grad": 0.0,
      "critic_grad": 50565598.923750825,
      "actor_per_layer": {
        "fc1": 0.0,
        "fc2": 0.0,
        "fc3": 0.0
      },
      "critic_per_layer": {
        "fc1": 3072351.354854222,
        "fc2": 3580252.0033888253,
        "fc3": 50345032.0017992
      }
    },
    {
      "episode": 20,
      "actor_grad": 0.0,
      "critic_grad": 13399889.174515588,
      "actor_per_layer": {
        "fc1": 0.0,
        "fc2": 0.0,
        "fc3": 0.0
      },
      "critic_per_layer": {
        "fc1": 1140109.2656839457,
        "fc2": 940896.6884598002,
        "fc3": 13318104.000691956
      }
    },
    {
      "episode": 30,
      "actor_grad": 0.0,
      "critic_grad": 13650023.64260699,
      "actor_per_layer": {
        "fc1": 0.0,
        "fc2": 0.0,
        "fc3": 0.0
      },
      "critic_per_layer": {
        "fc1": 886214.5837117345,
        "fc2": 955464.0635947844,
        "fc3": 13587673.000868302
      }
    },
    {
      "episode": 40,
      "actor_grad": 0.0,
      "critic_grad": 56146732.82083535,
      "actor_per_layer": {
        "fc1": 0.0,
        "fc2": 0.0,
        "fc3": 0.0
      },
      "critic_per_layer": {
        "fc1": 3609115.8652309063,
        "fc2": 3937788.2547082505,
        "fc3": 55892072.00298349
      }
    },
    {
      "episode": 50,
      "actor_grad": 0.0,
      "critic_grad": 30395863.04737189,
      "actor_per_layer": {
        "fc1": 0.0,
        "fc2": 0.0,
        "fc3": 0.0
      },
      "critic_per_layer": {
        "fc1": 1890275.1930403744,
        "fc2": 2128579.003339264,
        "fc3": 30262262.00262808
      }
    },
    {
      "episode": 60,
      "actor_grad": 0.0,
      "critic_grad": 7717491.565449426,
      "actor_per_layer": {
        "fc1": 0.0,
        "fc2": 0.0,
        "fc3": 0.0
      },
      "critic_per_layer": {
        "fc1": 665411.0188219822,
        "fc2": 542615.4384849238,
        "fc3": 7669581.000597825
      }
    },
    {
      "episode": 70,
      "actor_grad": 0.0,
      "critic_grad": 6864875.337443204,
      "actor_per_layer": {
        "fc1": 0.0,
        "fc2": 0.0,
        "fc3": 0.0
      },
      "critic_per_layer": {
        "fc1": 525179.1345863579,
        "fc2": 482935.43792889663,
        "fc3": 6827699.000250632
      }
    },
    {
      "episode": 80,
      "actor_grad": 0.0,
      "critic_grad": 38433878.33802016,
      "actor_per_layer": {
        "fc1": 0.0,
        "fc2": 0.0,
        "fc3": 0.0
      },
      "critic_per_layer": {
        "fc1": 2595769.1104554827,
        "fc2": 2702598.7545819664,
        "fc3": 38250764.0028101
      }
    },
    {
      "episode": 90,
      "actor_grad": 0.0,
      "critic_grad": 1147517.0556733941,
      "actor_per_layer": {
        "fc1": 0.0,
        "fc2": 0.0,
        "fc3": 0.0
      },
      "critic_per_layer": {
        "fc1": 352199.4690388252,
        "fc2": 81523.92974261129,
        "fc3": 1089084.3750368597
      }
    },
    {
      "episode": 100,
      "actor_grad": 0.0,
      "critic_grad": 25637520.1935183,
      "actor_per_layer": {
        "fc1": 0.0,
        "fc2": 0.0,
        "fc3": 0.0
      },
      "critic_per_layer": {
        "fc1": 1940634.8097010422,
        "fc2": 1804347.0022988087,
        "fc3": 25500210.001169216
      }
    },
    {
      "episode": 110,
      "actor_grad": 0.0,
      "critic_grad": 461241.82013627526,
      "actor_per_layer": {
        "fc1": 0.0,
        "fc2": 0.0,
        "fc3": 0.0
      },
      "critic_per_layer": {
        "fc1": 457428.90664504207,
        "fc2": 36034.33221471355,
        "fc3": 46950.38775116886
      }
    },
    {
      "episode": 120,
      "actor_grad": 0.0,
      "critic_grad": 37229773.983035214,
      "actor_per_layer": {
        "fc1": 0.0,
        "fc2": 0.0,
        "fc3": 0.0
      },
      "critic_per_layer": {
        "fc1": 2802117.1071412587,
        "fc2": 2621039.5045943684,
        "fc3": 37031532.00262052
      }
    },
    {
      "episode": 130,
      "actor_grad": 0.0,
      "critic_grad": 42450185.40275906,
      "actor_per_layer": {
        "fc1": 0.0,
        "fc2": 0.0,
        "fc3": 0.0
      },
      "critic_per_layer": {
        "fc1": 3231912.6117978487,
        "fc2": 2992672.2540186346,
        "fc3": 42221048.0018953
      }
    },
    {
      "episode": 140,
      "actor_grad": 0.0,
      "critic_grad": 14511359.126858866,
      "actor_per_layer": {
        "fc1": 0.0,
        "fc2": 0.0,
        "fc3": 0.0
      },
      "critic_per_layer": {
        "fc1": 1175264.0491654398,
        "fc2": 1022799.5643286004,
        "fc3": 14427480.000839321
      }
    },
    {
      "episode": 150,
      "actor_grad": 0.0,
      "critic_grad": 31060407.51694902,
      "actor_per_layer": {
        "fc1": 0.0,
        "fc2": 0.0,
        "fc3": 0.0
      },
      "critic_per_layer": {
        "fc1": 2441827.8368069143,
        "fc2": 2190807.5031463625,
        "fc3": 30886676.001449164
      }
    },
    {
      "episode": 160,
      "actor_grad": 0.0,
      "critic_grad": 13895196.5354154,
      "actor_per_layer": {
        "fc1": 0.0,
        "fc2": 0.0,
        "fc3": 0.0
      },
      "critic_per_layer": {
        "fc1": 1100376.9124300266,
        "fc2": 980139.1263454298,
        "fc3": 13816837.000609726
      }
    },
    {
      "episode": 170,
      "actor_grad": 0.0,
      "critic_grad": 22588653.48579065,
      "actor_per_layer": {
        "fc1": 0.0,
        "fc2": 0.0,
        "fc3": 0.0
      },
      "critic_per_layer": {
        "fc1": 1742275.188798971,
        "fc2": 1594896.752205283,
        "fc3": 22464818.000985958
      }
    },
    {
      "episode": 180,
      "actor_grad": 0.0,
      "critic_grad": 26715287.00142425,
      "actor_per_layer": {
        "fc1": 0.0,
        "fc2": 0.0,
        "fc3": 0.0
      },
      "critic_per_layer": {
        "fc1": 1949564.063387511,
        "fc2": 1887530.3768388499,
        "fc3": 26577114.000728637
      }
    },
    {
      "episode": 190,
      "actor_grad": 0.0,
      "critic_grad": 30655385.47185657,
      "actor_per_layer": {
        "fc1": 0.0,
        "fc2": 0.0,
        "fc3": 0.0
      },
      "critic_per_layer": {
        "fc1": 2314291.080358106,
        "fc2": 2165730.7526630526,
        "fc3": 30491086.001165316
      }
    },
    {
      "episode": 200,
      "actor_grad": 0.0,
      "critic_grad": 8585423.349835949,
      "actor_per_layer": {
        "fc1": 0.0,
        "fc2": 0.0,
        "fc3": 0.0
      },
      "critic_per_layer": {
        "fc1": 847725.3944845091,
        "fc2": 606608.5007814147,
        "fc3": 8521906.00031672
      }
    },
    {
      "episode": 210,
      "actor_grad": 0.0,
      "critic_grad": 4958858.419861414,
      "actor_per_layer": {
        "fc1": 0.0,
        "fc2": 0.0,
        "fc3": 0.0
      },
      "critic_per_layer": {
        "fc1": 392521.1366862366,
        "fc2": 350504.2503762628,
        "fc3": 4930857.000152525
      }
    },
    {
      "episode": 220,
      "actor_grad": 0.0,
      "critic_grad": 17779350.02413966,
      "actor_per_layer": {
        "fc1": 0.0,
        "fc2": 0.0,
        "fc3": 0.0
      },
      "critic_per_layer": {
        "fc1": 1267157.668682296,
        "fc2": 1251841.626192513,
        "fc3": 17689898.000455126
      }
    },
    {
      "episode": 230,
      "actor_grad": 0.0,
      "critic_grad": 47490952.911750235,
      "actor_per_layer": {
        "fc1": 0.0,
        "fc2": 0.0,
        "fc3": 0.0
      },
      "critic_per_layer": {
        "fc1": 3506803.8838807293,
        "fc2": 3352875.5042070257,
        "fc3": 47242472.00178421
      }
    },
    {
      "episode": 240,
      "actor_grad": 0.0,
      "critic_grad": 38469275.1923845,
      "actor_per_layer": {
        "fc1": 0.0,
        "fc2": 0.0,
        "fc3": 0.0
      },
      "critic_per_layer": {
        "fc1": 2684237.0959808384,
        "fc2": 2717591.252174565,
        "fc3": 38279168.00070338
      }
    },
    {
      "episode": 250,
      "actor_grad": 0.0,
      "critic_grad": 22477102.653679088,
      "actor_per_layer": {
        "fc1": 0.0,
        "fc2": 0.0,
        "fc3": 0.0
      },
      "critic_per_layer": {
        "fc1": 1604264.5616112414,
        "fc2": 1588348.6264128077,
        "fc3": 22363444.000452127
      }
    },
    {
      "episode": 260,
      "actor_grad": 0.0,
      "critic_grad": 41683261.17790835,
      "actor_per_layer": {
        "fc1": 0.0,
        "fc2": 0.0,
        "fc3": 0.0
      },
      "critic_per_layer": {
        "fc1": 2983835.8609891194,
        "fc2": 2945924.0029073334,
        "fc3": 41471828.001059845
      }
    },
    {
      "episode": 270,
      "actor_grad": 0.0,
      "critic_grad": 26945851.650478523,
      "actor_per_layer": {
        "fc1": 0.0,
        "fc2": 0.0,
        "fc3": 0.0
      },
      "critic_per_layer": {
        "fc1": 1850447.9351689785,
        "fc2": 1906284.626310409,
        "fc3": 26814564.000414357
      }
    }
  ],
  "asymmetry_history": [
    {
      "episode": 10,
      "ratio": 0.0,
      "actor_grad": 0.0,
      "critic_grad": 50565598.923750825
    },
    {
      "episode": 20,
      "ratio": 0.0,
      "actor_grad": 0.0,
      "critic_grad": 13399889.174515588
    },
    {
      "episode": 30,
      "ratio": 0.0,
      "actor_grad": 0.0,
      "critic_grad": 13650023.64260699
    },
    {
      "episode": 40,
      "ratio": 0.0,
      "actor_grad": 0.0,
      "critic_grad": 56146732.82083535
    },
    {
      "episode": 50,
      "ratio": 0.0,
      "actor_grad": 0.0,
      "critic_grad": 30395863.04737189
    },
    {
      "episode": 60,
      "ratio": 0.0,
      "actor_grad": 0.0,
      "critic_grad": 7717491.565449426
    },
    {
      "episode": 70,
      "ratio": 0.0,
      "actor_grad": 0.0,
      "critic_grad": 6864875.337443204
    },
    {
      "episode": 80,
      "ratio": 0.0,
      "actor_grad": 0.0,
      "critic_grad": 38433878.33802016
    },
    {
      "episode": 90,
      "ratio": 0.0,
      "actor_grad": 0.0,
      "critic_grad": 1147517.0556733941
    },
    {
      "episode": 100,
      "ratio": 0.0,
      "actor_grad": 0.0,
      "critic_grad": 25637520.1935183
    },
    {
      "episode": 110,
      "ratio": 0.0,
      "actor_grad": 0.0,
      "critic_grad": 461241.82013627526
    },
    {
      "episode": 120,
      "ratio": 0.0,
      "actor_grad": 0.0,
      "critic_grad": 37229773.983035214
    },
    {
      "episode": 130,
      "ratio": 0.0,
      "actor_grad": 0.0,
      "critic_grad": 42450185.40275906
    },
    {
      "episode": 140,
      "ratio": 0.0,
      "actor_grad": 0.0,
      "critic_grad": 14511359.126858866
    },
    {
      "episode": 150,
      "ratio": 0.0,
      "actor_grad": 0.0,
      "critic_grad": 31060407.51694902
    },
    {
      "episode": 160,
      "ratio": 0.0,
      "actor_grad": 0.0,
      "critic_grad": 13895196.5354154
    },
    {
      "episode": 170,
      "ratio": 0.0,
      "actor_grad": 0.0,
      "critic_grad": 22588653.48579065
    },
    {
      "episode": 180,
      "ratio": 0.0,
      "actor_grad": 0.0,
      "critic_grad": 26715287.00142425
    },
    {
      "episode": 190,
      "ratio": 0.0,
      "actor_grad": 0.0,
      "critic_grad": 30655385.47185657
    },
    {
      "episode": 200,
      "ratio": 0.0,
      "actor_grad": 0.0,
      "critic_grad": 8585423.349835949
    },
    {
      "episode": 210,
      "ratio": 0.0,
      "actor_grad": 0.0,
      "critic_grad": 4958858.419861414
    },
    {
      "episode": 220,
      "ratio": 0.0,
      "actor_grad": 0.0,
      "critic_grad": 17779350.02413966
    },
    {
      "episode": 230,
      "ratio": 0.0,
      "actor_grad": 0.0,
      "critic_grad": 47490952.911750235
    },
    {
      "episode": 240,
      "ratio": 0.0,
      "actor_grad": 0.0,
      "critic_grad": 38469275.1923845
    },
    {
      "episode": 250,
      "ratio": 0.0,
      "actor_grad": 0.0,
      "critic_grad": 22477102.653679088
    },
    {
      "episode": 260,
      "ratio": 0.0,
      "actor_grad": 0.0,
      "critic_grad": 41683261.17790835
    },
    {
      "episode": 270,
      "ratio": 0.0,
      "actor_grad": 0.0,
      "critic_grad": 26945851.650478523
    }
  ],
  "activation_history": [
    {
      "episode": 10,
      "mean_preact": -310.8986511230469,
      "std_preact": 3507.282958984375,
      "min_preact": -15439.8857421875,
      "max_preact": 15441.697265625,
      "avg_actor_output_saturation": 0.9428373702422145,
      "actor_activations_sample": {
        "fc3": {
          "min": -1.0,
          "max": 1.0,
          "mean": -0.09921392798423767,
          "saturation": 0.9428373702422145
        }
      }
    },
    {
      "episode": 20,
      "mean_preact": -1102.0203857421875,
      "std_preact": 10677.6337890625,
      "min_preact": -32580.224609375,
      "max_preact": 32583.39453125,
      "avg_actor_output_saturation": 1.0,
      "actor_activations_sample": {
        "fc3": {
          "min": -1.0,
          "max": 1.0,
          "mean": -0.1066666692495346,
          "saturation": 1.0
        }
      }
    },
    {
      "episode": 30,
      "mean_preact": -1640.6865234375,
      "std_preact": 15754.8701171875,
      "min_preact": -41448.9453125,
      "max_preact": 41452.7109375,
      "avg_actor_output_saturation": 1.0,
      "actor_activations_sample": {
        "fc3": {
          "min": -1.0,
          "max": 1.0,
          "mean": -0.1066666692495346,
          "saturation": 1.0
        }
      }
    },
    {
      "episode": 40,
      "mean_preact": -1887.58056640625,
      "std_preact": 18169.822265625,
      "min_preact": -45102.52734375,
      "max_preact": 45106.5234375,
      "avg_actor_output_saturation": 1.0,
      "actor_activations_sample": {
        "fc3": {
          "min": -1.0,
          "max": 1.0,
          "mean": -0.1066666692495346,
          "saturation": 1.0
        }
      }
    },
    {
      "episode": 50,
      "mean_preact": -2010.663818359375,
      "std_preact": 19244.5078125,
      "min_preact": -47778.62109375,
      "max_preact": 47782.80859375,
      "avg_actor_output_saturation": 1.0,
      "actor_activations_sample": {
        "fc3": {
          "min": -1.0,
          "max": 1.0,
          "mean": -0.1066666692495346,
          "saturation": 1.0
        }
      }
    },
    {
      "episode": 60,
      "mean_preact": -2056.995361328125,
      "std_preact": 19662.869140625,
      "min_preact": -48382.69921875,
      "max_preact": 48386.9296875,
      "avg_actor_output_saturation": 1.0,
      "actor_activations_sample": {
        "fc3": {
          "min": -1.0,
          "max": 1.0,
          "mean": -0.1066666692495346,
          "saturation": 1.0
        }
      }
    },
    {
      "episode": 70,
      "mean_preact": -2118.279296875,
      "std_preact": 19864.794921875,
      "min_preact": -48408.80078125,
      "max_preact": 48413.015625,
      "avg_actor_output_saturation": 1.0,
      "actor_activations_sample": {
        "fc3": {
          "min": -1.0,
          "max": 1.0,
          "mean": -0.1066666692495346,
          "saturation": 1.0
        }
      }
    },
    {
      "episode": 80,
      "mean_preact": -2116.50830078125,
      "std_preact": 19868.732421875,
      "min_preact": -48929.828125,
      "max_preact": 48934.09375,
      "avg_actor_output_saturation": 1.0,
      "actor_activations_sample": {
        "fc3": {
          "min": -1.0,
          "max": 1.0,
          "mean": -0.1066666692495346,
          "saturation": 1.0
        }
      }
    },
    {
      "episode": 90,
      "mean_preact": -2131.93896484375,
      "std_preact": 19880.255859375,
      "min_preact": -48973.578125,
      "max_preact": 48977.84375,
      "avg_actor_output_saturation": 1.0,
      "actor_activations_sample": {
        "fc3": {
          "min": -1.0,
          "max": 1.0,
          "mean": -0.1066666692495346,
          "saturation": 1.0
        }
      }
    },
    {
      "episode": 100,
      "mean_preact": -2094.194580078125,
      "std_preact": 19882.9921875,
      "min_preact": -48991.6796875,
      "max_preact": 48995.9453125,
      "avg_actor_output_saturation": 1.0,
      "actor_activations_sample": {
        "fc3": {
          "min": -1.0,
          "max": 1.0,
          "mean": -0.1066666692495346,
          "saturation": 1.0
        }
      }
    },
    {
      "episode": 110,
      "mean_preact": -2130.281005859375,
      "std_preact": 19889.423828125,
      "min_preact": -48788.45703125,
      "max_preact": 48792.7109375,
      "avg_actor_output_saturation": 1.0,
      "actor_activations_sample": {
        "fc3": {
          "min": -1.0,
          "max": 1.0,
          "mean": -0.1066666692495346,
          "saturation": 1.0
        }
      }
    },
    {
      "episode": 120,
      "mean_preact": -2118.62451171875,
      "std_preact": 19901.099609375,
      "min_preact": -48792.51171875,
      "max_preact": 48796.76171875,
      "avg_actor_output_saturation": 1.0,
      "actor_activations_sample": {
        "fc3": {
          "min": -1.0,
          "max": 1.0,
          "mean": -0.1066666692495346,
          "saturation": 1.0
        }
      }
    },
    {
      "episode": 130,
      "mean_preact": -2123.861328125,
      "std_preact": 19860.6875,
      "min_preact": -48635.5859375,
      "max_preact": 48639.8359375,
      "avg_actor_output_saturation": 1.0,
      "actor_activations_sample": {
        "fc3": {
          "min": -1.0,
          "max": 1.0,
          "mean": -0.1066666692495346,
          "saturation": 1.0
        }
      }
    },
    {
      "episode": 140,
      "mean_preact": -2161.734375,
      "std_preact": 19894.421875,
      "min_preact": -48793.6796875,
      "max_preact": 48797.9296875,
      "avg_actor_output_saturation": 1.0,
      "actor_activations_sample": {
        "fc3": {
          "min": -1.0,
          "max": 1.0,
          "mean": -0.1066666692495346,
          "saturation": 1.0
        }
      }
    },
    {
      "episode": 150,
      "mean_preact": -2142.98095703125,
      "std_preact": 19880.25,
      "min_preact": -48731.46484375,
      "max_preact": 48735.7109375,
      "avg_actor_output_saturation": 1.0,
      "actor_activations_sample": {
        "fc3": {
          "min": -1.0,
          "max": 1.0,
          "mean": -0.1066666692495346,
          "saturation": 1.0
        }
      }
    },
    {
      "episode": 160,
      "mean_preact": -2122.35205078125,
      "std_preact": 19897.232421875,
      "min_preact": -48798.984375,
      "max_preact": 48803.2421875,
      "avg_actor_output_saturation": 1.0,
      "actor_activations_sample": {
        "fc3": {
          "min": -1.0,
          "max": 1.0,
          "mean": -0.1066666692495346,
          "saturation": 1.0
        }
      }
    },
    {
      "episode": 170,
      "mean_preact": -2130.245361328125,
      "std_preact": 19873.75,
      "min_preact": -49013.7890625,
      "max_preact": 49018.0546875,
      "avg_actor_output_saturation": 1.0,
      "actor_activations_sample": {
        "fc3": {
          "min": -1.0,
          "max": 1.0,
          "mean": -0.1066666692495346,
          "saturation": 1.0
        }
      }
    },
    {
      "episode": 180,
      "mean_preact": -2097.453857421875,
      "std_preact": 19879.9453125,
      "min_preact": -49013.7890625,
      "max_preact": 49018.0546875,
      "avg_actor_output_saturation": 1.0,
      "actor_activations_sample": {
        "fc3": {
          "min": -1.0,
          "max": 1.0,
          "mean": -0.1066666692495346,
          "saturation": 1.0
        }
      }
    },
    {
      "episode": 190,
      "mean_preact": -2118.59765625,
      "std_preact": 19888.376953125,
      "min_preact": -49013.7890625,
      "max_preact": 49018.0546875,
      "avg_actor_output_saturation": 1.0,
      "actor_activations_sample": {
        "fc3": {
          "min": -1.0,
          "max": 1.0,
          "mean": -0.1066666692495346,
          "saturation": 1.0
        }
      }
    },
    {
      "episode": 200,
      "mean_preact": -2123.554443359375,
      "std_preact": 19899.59765625,
      "min_preact": -49013.7890625,
      "max_preact": 49018.0546875,
      "avg_actor_output_saturation": 1.0,
      "actor_activations_sample": {
        "fc3": {
          "min": -1.0,
          "max": 1.0,
          "mean": -0.1066666692495346,
          "saturation": 1.0
        }
      }
    },
    {
      "episode": 210,
      "mean_preact": -2109.247314453125,
      "std_preact": 19962.345703125,
      "min_preact": -49013.7890625,
      "max_preact": 49018.0546875,
      "avg_actor_output_saturation": 1.0,
      "actor_activations_sample": {
        "fc3": {
          "min": -1.0,
          "max": 1.0,
          "mean": -0.1066666692495346,
          "saturation": 1.0
        }
      }
    },
    {
      "episode": 220,
      "mean_preact": -2110.8486328125,
      "std_preact": 19897.025390625,
      "min_preact": -49013.7890625,
      "max_preact": 49018.0546875,
      "avg_actor_output_saturation": 1.0,
      "actor_activations_sample": {
        "fc3": {
          "min": -1.0,
          "max": 1.0,
          "mean": -0.1066666692495346,
          "saturation": 1.0
        }
      }
    },
    {
      "episode": 230,
      "mean_preact": -2118.15380859375,
      "std_preact": 19859.2421875,
      "min_preact": -49013.7890625,
      "max_preact": 49018.0546875,
      "avg_actor_output_saturation": 1.0,
      "actor_activations_sample": {
        "fc3": {
          "min": -1.0,
          "max": 1.0,
          "mean": -0.1066666692495346,
          "saturation": 1.0
        }
      }
    },
    {
      "episode": 240,
      "mean_preact": -2111.112548828125,
      "std_preact": 19935.8125,
      "min_preact": -49013.7890625,
      "max_preact": 49018.0546875,
      "avg_actor_output_saturation": 1.0,
      "actor_activations_sample": {
        "fc3": {
          "min": -1.0,
          "max": 1.0,
          "mean": -0.1066666692495346,
          "saturation": 1.0
        }
      }
    },
    {
      "episode": 250,
      "mean_preact": -2106.57177734375,
      "std_preact": 19929.7265625,
      "min_preact": -48601.16015625,
      "max_preact": 48605.390625,
      "avg_actor_output_saturation": 1.0,
      "actor_activations_sample": {
        "fc3": {
          "min": -1.0,
          "max": 1.0,
          "mean": -0.1066666692495346,
          "saturation": 1.0
        }
      }
    },
    {
      "episode": 260,
      "mean_preact": -2132.569580078125,
      "std_preact": 19943.01953125,
      "min_preact": -49013.7890625,
      "max_preact": 49018.0546875,
      "avg_actor_output_saturation": 1.0,
      "actor_activations_sample": {
        "fc3": {
          "min": -1.0,
          "max": 1.0,
          "mean": -0.1066666692495346,
          "saturation": 1.0
        }
      }
    },
    {
      "episode": 270,
      "mean_preact": -2100.396728515625,
      "std_preact": 19941.703125,
      "min_preact": -49013.7890625,
      "max_preact": 49018.0546875,
      "avg_actor_output_saturation": 1.0,
      "actor_activations_sample": {
        "fc3": {
          "min": -1.0,
          "max": 1.0,
          "mean": -0.1066666692495346,
          "saturation": 1.0
        }
      }
    }
  ]
}