{
  "gradient_history": [
    {
      "episode": 10,
      "actor_grad": 0.0,
      "critic_grad": 132364821.45370251,
      "actor_per_layer": {
        "fc1": 0.0,
        "fc2": 0.0,
        "fc3": 0.0
      },
      "critic_per_layer": {
        "fc1": 32078587.105230864,
        "fc2": 75056024.08599402,
        "fc3": 104201744.01710054
      }
    },
    {
      "episode": 20,
      "actor_grad": 0.0,
      "critic_grad": 16751416.002104636,
      "actor_per_layer": {
        "fc1": 0.0,
        "fc2": 0.0,
        "fc3": 0.0
      },
      "critic_per_layer": {
        "fc1": 4456241.135387411,
        "fc2": 8524224.016023507,
        "fc3": 13714571.00836539
      }
    },
    {
      "episode": 30,
      "actor_grad": 0.0,
      "critic_grad": 9135036.253160194,
      "actor_per_layer": {
        "fc1": 0.0,
        "fc2": 0.0,
        "fc3": 0.0
      },
      "critic_per_layer": {
        "fc1": 1431990.0510110077,
        "fc2": 3197115.7557645,
        "fc3": 8436631.003226282
      }
    },
    {
      "episode": 40,
      "actor_grad": 0.0,
      "critic_grad": 8534242.635252813,
      "actor_per_layer": {
        "fc1": 0.0,
        "fc2": 0.0,
        "fc3": 0.0
      },
      "critic_per_layer": {
        "fc1": 1575041.1889798986,
        "fc2": 2786038.007450768,
        "fc3": 7911418.003836191
      }
    },
    {
      "episode": 50,
      "actor_grad": 0.0,
      "critic_grad": 19677489.26419807,
      "actor_per_layer": {
        "fc1": 0.0,
        "fc2": 0.0,
        "fc3": 0.0
      },
      "critic_per_layer": {
        "fc1": 5618604.717387376,
        "fc2": 7041733.529642689,
        "fc3": 17494252.0180169
      }
    },
    {
      "episode": 60,
      "actor_grad": 0.0,
      "critic_grad": 2881987.6244711913,
      "actor_per_layer": {
        "fc1": 0.0,
        "fc2": 0.0,
        "fc3": 0.0
      },
      "critic_per_layer": {
        "fc1": 627003.3329805083,
        "fc2": 926497.7530410527,
        "fc3": 2655997.2518145265
      }
    },
    {
      "episode": 70,
      "actor_grad": 0.0,
      "critic_grad": 19964203.919397622,
      "actor_per_layer": {
        "fc1": 0.0,
        "fc2": 0.0,
        "fc3": 0.0
      },
      "critic_per_layer": {
        "fc1": 4382385.1468924545,
        "fc2": 7541581.516397848,
        "fc3": 17957970.007523514
      }
    },
    {
      "episode": 80,
      "actor_grad": 0.0,
      "critic_grad": 2704538.524737717,
      "actor_per_layer": {
        "fc1": 0.0,
        "fc2": 0.0,
        "fc3": 0.0
      },
      "critic_per_layer": {
        "fc1": 382545.04521342606,
        "fc2": 1056548.1264870358,
        "fc3": 2460059.7506137653
      }
    },
    {
      "episode": 90,
      "actor_grad": 0.0,
      "critic_grad": 9728756.543335564,
      "actor_per_layer": {
        "fc1": 0.0,
        "fc2": 0.0,
        "fc3": 0.0
      },
      "critic_per_layer": {
        "fc1": 1666510.5545181015,
        "fc2": 3386999.2560420725,
        "fc3": 8966587.003467083
      }
    },
    {
      "episode": 100,
      "actor_grad": 0.0,
      "critic_grad": 854426.5919047798,
      "actor_per_layer": {
        "fc1": 0.0,
        "fc2": 0.0,
        "fc3": 0.0
      },
      "critic_per_layer": {
        "fc1": 300340.0357148378,
        "fc2": 303182.0633684111,
        "fc3": 740217.0629974019
      }
    },
    {
      "episode": 110,
      "actor_grad": 0.0,
      "critic_grad": 7036756.446606517,
      "actor_per_layer": {
        "fc1": 0.0,
        "fc2": 0.0,
        "fc3": 0.0
      },
      "critic_per_layer": {
        "fc1": 1448857.6665231278,
        "fc2": 2621197.754454577,
        "fc3": 6367580.002093244
      }
    },
    {
      "episode": 120,
      "actor_grad": 0.0,
      "critic_grad": 5679234.949705244,
      "actor_per_layer": {
        "fc1": 0.0,
        "fc2": 0.0,
        "fc3": 0.0
      },
      "critic_per_layer": {
        "fc1": 1219821.9192848026,
        "fc2": 2103812.2560662227,
        "fc3": 5132223.503551985
      }
    },
    {
      "episode": 130,
      "actor_grad": 0.0,
      "critic_grad": 4063948.5874085766,
      "actor_per_layer": {
        "fc1": 0.0,
        "fc2": 0.0,
        "fc3": 0.0
      },
      "critic_per_layer": {
        "fc1": 793049.7131505351,
        "fc2": 1577198.7524351378,
        "fc3": 3660491.0010665325
      }
    },
    {
      "episode": 140,
      "actor_grad": 0.0,
      "critic_grad": 1542411.498410851,
      "actor_per_layer": {
        "fc1": 0.0,
        "fc2": 0.0,
        "fc3": 0.0
      },
      "critic_per_layer": {
        "fc1": 315631.3850368681,
        "fc2": 605515.3136767256,
        "fc3": 1383026.1256074277
      }
    },
    {
      "episode": 150,
      "actor_grad": 0.0,
      "critic_grad": 19820440.4460233,
      "actor_per_layer": {
        "fc1": 0.0,
        "fc2": 0.0,
        "fc3": 0.0
      },
      "critic_per_layer": {
        "fc1": 4229072.135397326,
        "fc2": 8014572.512097331,
        "fc3": 17627576.004553095
      }
    },
    {
      "episode": 160,
      "actor_grad": 0.0,
      "critic_grad": 2529468.1610999014,
      "actor_per_layer": {
        "fc1": 0.0,
        "fc2": 0.0,
        "fc3": 0.0
      },
      "critic_per_layer": {
        "fc1": 566142.3958781988,
        "fc2": 1027243.8773552309,
        "fc3": 2241085.00107506
      }
    },
    {
      "episode": 170,
      "actor_grad": 0.0,
      "critic_grad": 5647738.079530916,
      "actor_per_layer": {
        "fc1": 0.0,
        "fc2": 0.0,
        "fc3": 0.0
      },
      "critic_per_layer": {
        "fc1": 1295460.1719846998,
        "fc2": 2304563.5089943106,
        "fc3": 4990763.006875479
      }
    },
    {
      "episode": 180,
      "actor_grad": 0.0,
      "critic_grad": 6686501.616115047,
      "actor_per_layer": {
        "fc1": 0.0,
        "fc2": 0.0,
        "fc3": 0.0
      },
      "critic_per_layer": {
        "fc1": 1337972.6669387335,
        "fc2": 2944062.753374067,
        "fc3": 5852489.001188254
      }
    },
    {
      "episode": 190,
      "actor_grad": 0.0,
      "critic_grad": 2532950.3292902736,
      "actor_per_layer": {
        "fc1": 0.0,
        "fc2": 0.0,
        "fc3": 0.0
      },
      "critic_per_layer": {
        "fc1": 520790.763738031,
        "fc2": 1138256.3767459402,
        "fc3": 2202041.500938179
      }
    },
    {
      "episode": 200,
      "actor_grad": 0.0,
      "critic_grad": 35670892.98169455,
      "actor_per_layer": {
        "fc1": 0.0,
        "fc2": 0.0,
        "fc3": 0.0
      },
      "critic_per_layer": {
        "fc1": 6712675.235993815,
        "fc2": 16241152.017358609,
        "fc3": 31041546.005903587
      }
    },
    {
      "episode": 210,
      "actor_grad": 0.0,
      "critic_grad": 4847036.505328177,
      "actor_per_layer": {
        "fc1": 0.0,
        "fc2": 0.0,
        "fc3": 0.0
      },
      "critic_per_layer": {
        "fc1": 972435.404024125,
        "fc2": 2194912.503463118,
        "fc3": 4210759.001786458
      }
    },
    {
      "episode": 220,
      "actor_grad": 0.0,
      "critic_grad": 13792610.902297068,
      "actor_per_layer": {
        "fc1": 0.0,
        "fc2": 0.0,
        "fc3": 0.0
      },
      "critic_per_layer": {
        "fc1": 2126245.826844948,
        "fc2": 5529053.506838209,
        "fc3": 12455712.003113613
      }
    },
    {
      "episode": 230,
      "actor_grad": 0.0,
      "critic_grad": 11849542.58268369,
      "actor_per_layer": {
        "fc1": 0.0,
        "fc2": 0.0,
        "fc3": 0.0
      },
      "critic_per_layer": {
        "fc1": 1805944.5580339245,
        "fc2": 4675108.503502937,
        "fc3": 10737485.001275495
      }
    },
    {
      "episode": 240,
      "actor_grad": 0.0,
      "critic_grad": 6686388.259417728,
      "actor_per_layer": {
        "fc1": 0.0,
        "fc2": 0.0,
        "fc3": 0.0
      },
      "critic_per_layer": {
        "fc1": 1080125.1580385857,
        "fc2": 2738698.2524612183,
        "fc3": 6003386.501019006
      }
    },
    {
      "episode": 250,
      "actor_grad": 0.0,
      "critic_grad": 9205151.042819155,
      "actor_per_layer": {
        "fc1": 0.0,
        "fc2": 0.0,
        "fc3": 0.0
      },
      "critic_per_layer": {
        "fc1": 1723130.9120296063,
        "fc2": 3827982.752780559,
        "fc3": 8192202.001021287
      }
    },
    {
      "episode": 260,
      "actor_grad": 0.0,
      "critic_grad": 4042307.220061549,
      "actor_per_layer": {
        "fc1": 0.0,
        "fc2": 0.0,
        "fc3": 0.0
      },
      "critic_per_layer": {
        "fc1": 1231917.66680401,
        "fc2": 2380853.5076970193,
        "fc3": 3025584.7531451983
      }
    },
    {
      "episode": 270,
      "actor_grad": 0.0,
      "critic_grad": 932866.6278463549,
      "actor_per_layer": {
        "fc1": 0.0,
        "fc2": 0.0,
        "fc3": 0.0
      },
      "critic_per_layer": {
        "fc1": 459978.9793681139,
        "fc2": 513232.2527071369,
        "fc3": 628690.813254063
      }
    },
    {
      "episode": 280,
      "actor_grad": 0.0,
      "critic_grad": 8589293.513759132,
      "actor_per_layer": {
        "fc1": 0.0,
        "fc2": 0.0,
        "fc3": 0.0
      },
      "critic_per_layer": {
        "fc1": 3611177.3787181815,
        "fc2": 4840286.024796619,
        "fc3": 6107945.006554769
      }
    },
    {
      "episode": 290,
      "actor_grad": 0.0,
      "critic_grad": 17654906.171234198,
      "actor_per_layer": {
        "fc1": 0.0,
        "fc2": 0.0,
        "fc3": 0.0
      },
      "critic_per_layer": {
        "fc1": 6272232.195855752,
        "fc2": 10700158.01973154,
        "fc3": 12564292.003496604
      }
    },
    {
      "episode": 300,
      "actor_grad": 0.0,
      "critic_grad": 15114624.164509289,
      "actor_per_layer": {
        "fc1": 0.0,
        "fc2": 0.0,
        "fc3": 0.0
      },
      "critic_per_layer": {
        "fc1": 5028440.181110302,
        "fc2": 9109524.019820793,
        "fc3": 10962811.00410253
      }
    },
    {
      "episode": 310,
      "actor_grad": 0.0,
      "critic_grad": 7427198.816968209,
      "actor_per_layer": {
        "fc1": 0.0,
        "fc2": 0.0,
        "fc3": 0.0
      },
      "critic_per_layer": {
        "fc1": 2342799.8420909084,
        "fc2": 4487093.01017179,
        "fc3": 5435123.502252755
      }
    },
    {
      "episode": 320,
      "actor_grad": 0.0,
      "critic_grad": 2552798.085532311,
      "actor_per_layer": {
        "fc1": 0.0,
        "fc2": 0.0,
        "fc3": 0.0
      },
      "critic_per_layer": {
        "fc1": 764471.4055388083,
        "fc2": 1557192.8780677759,
        "fc3": 1872835.2506576616
      }
    },
    {
      "episode": 330,
      "actor_grad": 0.0,
      "critic_grad": 1768829.5551294056,
      "actor_per_layer": {
        "fc1": 0.0,
        "fc2": 0.0,
        "fc3": 0.0
      },
      "critic_per_layer": {
        "fc1": 586664.3304462924,
        "fc2": 1084160.1265935753,
        "fc3": 1268534.5002741932
      }
    },
    {
      "episode": 340,
      "actor_grad": 0.0,
      "critic_grad": 11675278.957791898,
      "actor_per_layer": {
        "fc1": 0.0,
        "fc2": 0.0,
        "fc3": 0.0
      },
      "critic_per_layer": {
        "fc1": 3502294.8805378214,
        "fc2": 7131479.014013487,
        "fc3": 8555003.003196554
      }
    },
    {
      "episode": 350,
      "actor_grad": 0.0,
      "critic_grad": 105457524.88509391,
      "actor_per_layer": {
        "fc1": 0.0,
        "fc2": 0.0,
        "fc3": 0.0
      },
      "critic_per_layer": {
        "fc1": 14637358.51103485,
        "fc2": 51519112.02764489,
        "fc3": 90845024.00568022
      }
    }
  ],
  "asymmetry_history": [
    {
      "episode": 10,
      "ratio": 0.0,
      "actor_grad": 0.0,
      "critic_grad": 132364821.45370251
    },
    {
      "episode": 20,
      "ratio": 0.0,
      "actor_grad": 0.0,
      "critic_grad": 16751416.002104636
    },
    {
      "episode": 30,
      "ratio": 0.0,
      "actor_grad": 0.0,
      "critic_grad": 9135036.253160194
    },
    {
      "episode": 40,
      "ratio": 0.0,
      "actor_grad": 0.0,
      "critic_grad": 8534242.635252813
    },
    {
      "episode": 50,
      "ratio": 0.0,
      "actor_grad": 0.0,
      "critic_grad": 19677489.26419807
    },
    {
      "episode": 60,
      "ratio": 0.0,
      "actor_grad": 0.0,
      "critic_grad": 2881987.6244711913
    },
    {
      "episode": 70,
      "ratio": 0.0,
      "actor_grad": 0.0,
      "critic_grad": 19964203.919397622
    },
    {
      "episode": 80,
      "ratio": 0.0,
      "actor_grad": 0.0,
      "critic_grad": 2704538.524737717
    },
    {
      "episode": 90,
      "ratio": 0.0,
      "actor_grad": 0.0,
      "critic_grad": 9728756.543335564
    },
    {
      "episode": 100,
      "ratio": 0.0,
      "actor_grad": 0.0,
      "critic_grad": 854426.5919047798
    },
    {
      "episode": 110,
      "ratio": 0.0,
      "actor_grad": 0.0,
      "critic_grad": 7036756.446606517
    },
    {
      "episode": 120,
      "ratio": 0.0,
      "actor_grad": 0.0,
      "critic_grad": 5679234.949705244
    },
    {
      "episode": 130,
      "ratio": 0.0,
      "actor_grad": 0.0,
      "critic_grad": 4063948.5874085766
    },
    {
      "episode": 140,
      "ratio": 0.0,
      "actor_grad": 0.0,
      "critic_grad": 1542411.498410851
    },
    {
      "episode": 150,
      "ratio": 0.0,
      "actor_grad": 0.0,
      "critic_grad": 19820440.4460233
    },
    {
      "episode": 160,
      "ratio": 0.0,
      "actor_grad": 0.0,
      "critic_grad": 2529468.1610999014
    },
    {
      "episode": 170,
      "ratio": 0.0,
      "actor_grad": 0.0,
      "critic_grad": 5647738.079530916
    },
    {
      "episode": 180,
      "ratio": 0.0,
      "actor_grad": 0.0,
      "critic_grad": 6686501.616115047
    },
    {
      "episode": 190,
      "ratio": 0.0,
      "actor_grad": 0.0,
      "critic_grad": 2532950.3292902736
    },
    {
      "episode": 200,
      "ratio": 0.0,
      "actor_grad": 0.0,
      "critic_grad": 35670892.98169455
    },
    {
      "episode": 210,
      "ratio": 0.0,
      "actor_grad": 0.0,
      "critic_grad": 4847036.505328177
    },
    {
      "episode": 220,
      "ratio": 0.0,
      "actor_grad": 0.0,
      "critic_grad": 13792610.902297068
    },
    {
      "episode": 230,
      "ratio": 0.0,
      "actor_grad": 0.0,
      "critic_grad": 11849542.58268369
    },
    {
      "episode": 240,
      "ratio": 0.0,
      "actor_grad": 0.0,
      "critic_grad": 6686388.259417728
    },
    {
      "episode": 250,
      "ratio": 0.0,
      "actor_grad": 0.0,
      "critic_grad": 9205151.042819155
    },
    {
      "episode": 260,
      "ratio": 0.0,
      "actor_grad": 0.0,
      "critic_grad": 4042307.220061549
    },
    {
      "episode": 270,
      "ratio": 0.0,
      "actor_grad": 0.0,
      "critic_grad": 932866.6278463549
    },
    {
      "episode": 280,
      "ratio": 0.0,
      "actor_grad": 0.0,
      "critic_grad": 8589293.513759132
    },
    {
      "episode": 290,
      "ratio": 0.0,
      "actor_grad": 0.0,
      "critic_grad": 17654906.171234198
    },
    {
      "episode": 300,
      "ratio": 0.0,
      "actor_grad": 0.0,
      "critic_grad": 15114624.164509289
    },
    {
      "episode": 310,
      "ratio": 0.0,
      "actor_grad": 0.0,
      "critic_grad": 7427198.816968209
    },
    {
      "episode": 320,
      "ratio": 0.0,
      "actor_grad": 0.0,
      "critic_grad": 2552798.085532311
    },
    {
      "episode": 330,
      "ratio": 0.0,
      "actor_grad": 0.0,
      "critic_grad": 1768829.5551294056
    },
    {
      "episode": 340,
      "ratio": 0.0,
      "actor_grad": 0.0,
      "critic_grad": 11675278.957791898
    },
    {
      "episode": 350,
      "ratio": 0.0,
      "actor_grad": 0.0,
      "critic_grad": 105457524.88509391
    }
  ],
  "activation_history": [
    {
      "episode": 10,
      "mean_preact": -94.10429382324219,
      "std_preact": 806.8025512695312,
      "min_preact": -3124.873779296875,
      "max_preact": 2328.242919921875,
      "avg_actor_output_saturation": 0.9444853517877739,
      "actor_activations_sample": {
        "fc3": {
          "min": -1.0,
          "max": 1.0,
          "mean": -0.11802614480257034,
          "saturation": 0.9444853517877739
        }
      }
    },
    {
      "episode": 20,
      "mean_preact": -243.61605834960938,
      "std_preact": 1957.965576171875,
      "min_preact": -5399.95947265625,
      "max_preact": 4032.859375,
      "avg_actor_output_saturation": 1.0,
      "actor_activations_sample": {
        "fc3": {
          "min": -1.0,
          "max": 1.0,
          "mean": -0.11999999731779099,
          "saturation": 1.0
        }
      }
    },
    {
      "episode": 30,
      "mean_preact": -316.3077392578125,
      "std_preact": 2614.880615234375,
      "min_preact": -6401.52880859375,
      "max_preact": 4772.8603515625,
      "avg_actor_output_saturation": 1.0,
      "actor_activations_sample": {
        "fc3": {
          "min": -1.0,
          "max": 1.0,
          "mean": -0.11999999731779099,
          "saturation": 1.0
        }
      }
    },
    {
      "episode": 40,
      "mean_preact": -357.0192565917969,
      "std_preact": 2912.347412109375,
      "min_preact": -6819.71337890625,
      "max_preact": 5078.47998046875,
      "avg_actor_output_saturation": 1.0,
      "actor_activations_sample": {
        "fc3": {
          "min": -1.0,
          "max": 1.0,
          "mean": -0.11999999731779099,
          "saturation": 1.0
        }
      }
    },
    {
      "episode": 50,
      "mean_preact": -364.5630187988281,
      "std_preact": 3033.47216796875,
      "min_preact": -6986.68701171875,
      "max_preact": 5219.130859375,
      "avg_actor_output_saturation": 1.0,
      "actor_activations_sample": {
        "fc3": {
          "min": -1.0,
          "max": 1.0,
          "mean": -0.11999999731779099,
          "saturation": 1.0
        }
      }
    },
    {
      "episode": 60,
      "mean_preact": -369.9521179199219,
      "std_preact": 3070.3427734375,
      "min_preact": -7065.78564453125,
      "max_preact": 5259.99755859375,
      "avg_actor_output_saturation": 1.0,
      "actor_activations_sample": {
        "fc3": {
          "min": -1.0,
          "max": 1.0,
          "mean": -0.11999999731779099,
          "saturation": 1.0
        }
      }
    },
    {
      "episode": 70,
      "mean_preact": -372.3829650878906,
      "std_preact": 3079.415283203125,
      "min_preact": -7106.19775390625,
      "max_preact": 5282.93408203125,
      "avg_actor_output_saturation": 1.0,
      "actor_activations_sample": {
        "fc3": {
          "min": -1.0,
          "max": 1.0,
          "mean": -0.11999999731779099,
          "saturation": 1.0
        }
      }
    },
    {
      "episode": 80,
      "mean_preact": -373.3216552734375,
      "std_preact": 3089.84375,
      "min_preact": -7089.65283203125,
      "max_preact": 5293.68505859375,
      "avg_actor_output_saturation": 1.0,
      "actor_activations_sample": {
        "fc3": {
          "min": -1.0,
          "max": 1.0,
          "mean": -0.11999999731779099,
          "saturation": 1.0
        }
      }
    },
    {
      "episode": 90,
      "mean_preact": -371.8507080078125,
      "std_preact": 3102.05859375,
      "min_preact": -7106.13720703125,
      "max_preact": 5297.46826171875,
      "avg_actor_output_saturation": 1.0,
      "actor_activations_sample": {
        "fc3": {
          "min": -1.0,
          "max": 1.0,
          "mean": -0.11999999731779099,
          "saturation": 1.0
        }
      }
    },
    {
      "episode": 100,
      "mean_preact": -372.1923522949219,
      "std_preact": 3096.57373046875,
      "min_preact": -7096.923828125,
      "max_preact": 5300.62255859375,
      "avg_actor_output_saturation": 1.0,
      "actor_activations_sample": {
        "fc3": {
          "min": -1.0,
          "max": 1.0,
          "mean": -0.11999999731779099,
          "saturation": 1.0
        }
      }
    },
    {
      "episode": 110,
      "mean_preact": -373.0736083984375,
      "std_preact": 3102.302001953125,
      "min_preact": -7123.90087890625,
      "max_preact": 5301.28466796875,
      "avg_actor_output_saturation": 1.0,
      "actor_activations_sample": {
        "fc3": {
          "min": -1.0,
          "max": 1.0,
          "mean": -0.11999999731779099,
          "saturation": 1.0
        }
      }
    },
    {
      "episode": 120,
      "mean_preact": -369.49993896484375,
      "std_preact": 3084.65283203125,
      "min_preact": -7091.30810546875,
      "max_preact": 5299.0810546875,
      "avg_actor_output_saturation": 1.0,
      "actor_activations_sample": {
        "fc3": {
          "min": -1.0,
          "max": 1.0,
          "mean": -0.11999999731779099,
          "saturation": 1.0
        }
      }
    },
    {
      "episode": 130,
      "mean_preact": -370.4031677246094,
      "std_preact": 3089.42333984375,
      "min_preact": -7090.99755859375,
      "max_preact": 5295.53857421875,
      "avg_actor_output_saturation": 1.0,
      "actor_activations_sample": {
        "fc3": {
          "min": -1.0,
          "max": 1.0,
          "mean": -0.11999999731779099,
          "saturation": 1.0
        }
      }
    },
    {
      "episode": 140,
      "mean_preact": -378.8872375488281,
      "std_preact": 3105.5341796875,
      "min_preact": -7091.0146484375,
      "max_preact": 5307.56787109375,
      "avg_actor_output_saturation": 1.0,
      "actor_activations_sample": {
        "fc3": {
          "min": -1.0,
          "max": 1.0,
          "mean": -0.11999999731779099,
          "saturation": 1.0
        }
      }
    },
    {
      "episode": 150,
      "mean_preact": -371.4203796386719,
      "std_preact": 3092.33984375,
      "min_preact": -7111.08984375,
      "max_preact": 5307.58740234375,
      "avg_actor_output_saturation": 1.0,
      "actor_activations_sample": {
        "fc3": {
          "min": -1.0,
          "max": 1.0,
          "mean": -0.11999999731779099,
          "saturation": 1.0
        }
      }
    },
    {
      "episode": 160,
      "mean_preact": -366.7209777832031,
      "std_preact": 3099.08251953125,
      "min_preact": -7098.2119140625,
      "max_preact": 5307.58837890625,
      "avg_actor_output_saturation": 1.0,
      "actor_activations_sample": {
        "fc3": {
          "min": -1.0,
          "max": 1.0,
          "mean": -0.11999999731779099,
          "saturation": 1.0
        }
      }
    },
    {
      "episode": 170,
      "mean_preact": -372.8479309082031,
      "std_preact": 3094.768310546875,
      "min_preact": -7108.5576171875,
      "max_preact": 5299.1513671875,
      "avg_actor_output_saturation": 1.0,
      "actor_activations_sample": {
        "fc3": {
          "min": -1.0,
          "max": 1.0,
          "mean": -0.11999999731779099,
          "saturation": 1.0
        }
      }
    },
    {
      "episode": 180,
      "mean_preact": -376.45245361328125,
      "std_preact": 3097.23193359375,
      "min_preact": -7124.30322265625,
      "max_preact": 5299.1513671875,
      "avg_actor_output_saturation": 1.0,
      "actor_activations_sample": {
        "fc3": {
          "min": -1.0,
          "max": 1.0,
          "mean": -0.11999999731779099,
          "saturation": 1.0
        }
      }
    },
    {
      "episode": 190,
      "mean_preact": -369.65753173828125,
      "std_preact": 3113.5029296875,
      "min_preact": -7111.0634765625,
      "max_preact": 5295.5791015625,
      "avg_actor_output_saturation": 1.0,
      "actor_activations_sample": {
        "fc3": {
          "min": -1.0,
          "max": 1.0,
          "mean": -0.11999999731779099,
          "saturation": 1.0
        }
      }
    },
    {
      "episode": 200,
      "mean_preact": -372.76513671875,
      "std_preact": 3104.10498046875,
      "min_preact": -7091.64501953125,
      "max_preact": 5295.5791015625,
      "avg_actor_output_saturation": 1.0,
      "actor_activations_sample": {
        "fc3": {
          "min": -1.0,
          "max": 1.0,
          "mean": -0.11999999731779099,
          "saturation": 1.0
        }
      }
    },
    {
      "episode": 210,
      "mean_preact": -376.9195556640625,
      "std_preact": 3103.0234375,
      "min_preact": -7111.091796875,
      "max_preact": 5269.2626953125,
      "avg_actor_output_saturation": 1.0,
      "actor_activations_sample": {
        "fc3": {
          "min": -1.0,
          "max": 1.0,
          "mean": -0.11999999731779099,
          "saturation": 1.0
        }
      }
    },
    {
      "episode": 220,
      "mean_preact": -374.0718078613281,
      "std_preact": 3095.177001953125,
      "min_preact": -7111.091796875,
      "max_preact": 5297.2744140625,
      "avg_actor_output_saturation": 1.0,
      "actor_activations_sample": {
        "fc3": {
          "min": -1.0,
          "max": 1.0,
          "mean": -0.11999999731779099,
          "saturation": 1.0
        }
      }
    },
    {
      "episode": 230,
      "mean_preact": -375.9046630859375,
      "std_preact": 3099.315673828125,
      "min_preact": -7109.07470703125,
      "max_preact": 5291.3935546875,
      "avg_actor_output_saturation": 1.0,
      "actor_activations_sample": {
        "fc3": {
          "min": -1.0,
          "max": 1.0,
          "mean": -0.11999999731779099,
          "saturation": 1.0
        }
      }
    },
    {
      "episode": 240,
      "mean_preact": -374.26788330078125,
      "std_preact": 3102.22265625,
      "min_preact": -7098.3017578125,
      "max_preact": 5299.767578125,
      "avg_actor_output_saturation": 1.0,
      "actor_activations_sample": {
        "fc3": {
          "min": -1.0,
          "max": 1.0,
          "mean": -0.11999999731779099,
          "saturation": 1.0
        }
      }
    },
    {
      "episode": 250,
      "mean_preact": -370.0296630859375,
      "std_preact": 3095.513427734375,
      "min_preact": -7111.0634765625,
      "max_preact": 5292.4443359375,
      "avg_actor_output_saturation": 1.0,
      "actor_activations_sample": {
        "fc3": {
          "min": -1.0,
          "max": 1.0,
          "mean": -0.11999999731779099,
          "saturation": 1.0
        }
      }
    },
    {
      "episode": 260,
      "mean_preact": -378.2628173828125,
      "std_preact": 3096.03564453125,
      "min_preact": -7111.0634765625,
      "max_preact": 5292.4443359375,
      "avg_actor_output_saturation": 1.0,
      "actor_activations_sample": {
        "fc3": {
          "min": -1.0,
          "max": 1.0,
          "mean": -0.11999999731779099,
          "saturation": 1.0
        }
      }
    },
    {
      "episode": 270,
      "mean_preact": -384.3345642089844,
      "std_preact": 3096.09326171875,
      "min_preact": -7113.29296875,
      "max_preact": 5276.67138671875,
      "avg_actor_output_saturation": 1.0,
      "actor_activations_sample": {
        "fc3": {
          "min": -1.0,
          "max": 1.0,
          "mean": -0.11999999731779099,
          "saturation": 1.0
        }
      }
    },
    {
      "episode": 280,
      "mean_preact": -377.4479675292969,
      "std_preact": 3095.238525390625,
      "min_preact": -7111.091796875,
      "max_preact": 5299.1513671875,
      "avg_actor_output_saturation": 1.0,
      "actor_activations_sample": {
        "fc3": {
          "min": -1.0,
          "max": 1.0,
          "mean": -0.11999999731779099,
          "saturation": 1.0
        }
      }
    },
    {
      "episode": 290,
      "mean_preact": -380.1737365722656,
      "std_preact": 3097.593505859375,
      "min_preact": -7121.861328125,
      "max_preact": 5291.3935546875,
      "avg_actor_output_saturation": 1.0,
      "actor_activations_sample": {
        "fc3": {
          "min": -1.0,
          "max": 1.0,
          "mean": -0.11999999731779099,
          "saturation": 1.0
        }
      }
    },
    {
      "episode": 300,
      "mean_preact": -379.0216979980469,
      "std_preact": 3102.1357421875,
      "min_preact": -7124.30322265625,
      "max_preact": 5275.1572265625,
      "avg_actor_output_saturation": 1.0,
      "actor_activations_sample": {
        "fc3": {
          "min": -1.0,
          "max": 1.0,
          "mean": -0.11999999731779099,
          "saturation": 1.0
        }
      }
    },
    {
      "episode": 310,
      "mean_preact": -381.09613037109375,
      "std_preact": 3103.34423828125,
      "min_preact": -7109.07470703125,
      "max_preact": 5277.505859375,
      "avg_actor_output_saturation": 1.0,
      "actor_activations_sample": {
        "fc3": {
          "min": -1.0,
          "max": 1.0,
          "mean": -0.11999999731779099,
          "saturation": 1.0
        }
      }
    },
    {
      "episode": 320,
      "mean_preact": -376.9571228027344,
      "std_preact": 3096.535888671875,
      "min_preact": -7109.806640625,
      "max_preact": 5278.833984375,
      "avg_actor_output_saturation": 1.0,
      "actor_activations_sample": {
        "fc3": {
          "min": -1.0,
          "max": 1.0,
          "mean": -0.11999999731779099,
          "saturation": 1.0
        }
      }
    },
    {
      "episode": 330,
      "mean_preact": -374.524169921875,
      "std_preact": 3105.0205078125,
      "min_preact": -7111.0634765625,
      "max_preact": 5278.8818359375,
      "avg_actor_output_saturation": 1.0,
      "actor_activations_sample": {
        "fc3": {
          "min": -1.0,
          "max": 1.0,
          "mean": -0.11999999731779099,
          "saturation": 1.0
        }
      }
    },
    {
      "episode": 340,
      "mean_preact": -378.86944580078125,
      "std_preact": 3107.283203125,
      "min_preact": -7114.6025390625,
      "max_preact": 5278.8818359375,
      "avg_actor_output_saturation": 1.0,
      "actor_activations_sample": {
        "fc3": {
          "min": -1.0,
          "max": 1.0,
          "mean": -0.11999999731779099,
          "saturation": 1.0
        }
      }
    },
    {
      "episode": 350,
      "mean_preact": -379.8677673339844,
      "std_preact": 3097.4619140625,
      "min_preact": -7118.35498046875,
      "max_preact": 5281.6142578125,
      "avg_actor_output_saturation": 1.0,
      "actor_activations_sample": {
        "fc3": {
          "min": -1.0,
          "max": 1.0,
          "mean": -0.11999999731779099,
          "saturation": 1.0
        }
      }
    }
  ]
}