{
  "gradient_history": [
    {
      "episode": 10,
      "actor_grad": 6.138292859907223e-05,
      "critic_grad": 219213828.38729793,
      "actor_per_layer": {
        "fc1": 3.5665396763946143e-07,
        "fc2": 3.137527011852956e-06,
        "fc3": 6.130165287817336e-05
      },
      "critic_per_layer": {
        "fc1": 12861169.494421585,
        "fc2": 11779219.013404498,
        "fc3": 218518976.00640023
      }
    },
    {
      "episode": 20,
      "actor_grad": 0.0005969776175387942,
      "critic_grad": 274340309.72986084,
      "actor_per_layer": {
        "fc1": 3.712199928597393e-06,
        "fc2": 3.130200192147631e-05,
        "fc3": 0.0005961448482455358
      },
      "critic_per_layer": {
        "fc1": 19454198.706335794,
        "fc2": 12203073.017044557,
        "fc3": 273377440.0061407
      }
    },
    {
      "episode": 30,
      "actor_grad": 0.0,
      "critic_grad": 99709989.22236395,
      "actor_per_layer": {
        "fc1": 0.0,
        "fc2": 0.0,
        "fc3": 0.0
      },
      "critic_per_layer": {
        "fc1": 7320750.748358467,
        "fc2": 4720299.508694685,
        "fc3": 99328784.0041977
      }
    },
    {
      "episode": 40,
      "actor_grad": 0.0003546582656439109,
      "critic_grad": 46564790.7150188,
      "actor_per_layer": {
        "fc1": 3.0277144369564418e-06,
        "fc2": 2.1775912018456318e-05,
        "fc3": 0.00035397616867608415
      },
      "critic_per_layer": {
        "fc1": 3456564.8826645003,
        "fc2": 1968932.6298936894,
        "fc3": 46394560.0027026
      }
    },
    {
      "episode": 50,
      "actor_grad": 0.0,
      "critic_grad": 31752357.820107773,
      "actor_per_layer": {
        "fc1": 0.0,
        "fc2": 0.0,
        "fc3": 0.0
      },
      "critic_per_layer": {
        "fc1": 2855824.5836190595,
        "fc2": 1374979.7528592693,
        "fc3": 31593764.00119149
      }
    },
    {
      "episode": 60,
      "actor_grad": 0.0,
      "critic_grad": 4941509.309398949,
      "actor_per_layer": {
        "fc1": 0.0,
        "fc2": 0.0,
        "fc3": 0.0
      },
      "critic_per_layer": {
        "fc1": 626151.4522586185,
        "fc2": 216037.250699159,
        "fc3": 4896915.000285512
      }
    },
    {
      "episode": 70,
      "actor_grad": 0.0,
      "critic_grad": 88892577.66143216,
      "actor_per_layer": {
        "fc1": 0.0,
        "fc2": 0.0,
        "fc3": 0.0
      },
      "critic_per_layer": {
        "fc1": 7398743.773241318,
        "fc2": 3846871.01064435,
        "fc3": 88500568.00551698
      }
    },
    {
      "episode": 80,
      "actor_grad": 0.0,
      "critic_grad": 27990929.691668727,
      "actor_per_layer": {
        "fc1": 0.0,
        "fc2": 0.0,
        "fc3": 0.0
      },
      "critic_per_layer": {
        "fc1": 2760050.317342717,
        "fc2": 1286898.5022485352,
        "fc3": 27824776.00079808
      }
    },
    {
      "episode": 90,
      "actor_grad": 0.0,
      "critic_grad": 76650540.10223976,
      "actor_per_layer": {
        "fc1": 0.0,
        "fc2": 0.0,
        "fc3": 0.0
      },
      "critic_per_layer": {
        "fc1": 6289380.730970664,
        "fc2": 3486313.758612598,
        "fc3": 76312480.00401028
      }
    },
    {
      "episode": 100,
      "actor_grad": 0.0,
      "critic_grad": 12921045.563856248,
      "actor_per_layer": {
        "fc1": 0.0,
        "fc2": 0.0,
        "fc3": 0.0
      },
      "critic_per_layer": {
        "fc1": 1036563.8485224184,
        "fc2": 606588.8135930896,
        "fc3": 12865108.000417616
      }
    },
    {
      "episode": 110,
      "actor_grad": 0.0,
      "critic_grad": 23224010.762998793,
      "actor_per_layer": {
        "fc1": 0.0,
        "fc2": 0.0,
        "fc3": 0.0
      },
      "critic_per_layer": {
        "fc1": 2011285.194139908,
        "fc2": 1107345.8772045989,
        "fc3": 23110240.000829834
      }
    },
    {
      "episode": 120,
      "actor_grad": 0.0,
      "critic_grad": 1047740.5949526011,
      "actor_per_layer": {
        "fc1": 0.0,
        "fc2": 0.0,
        "fc3": 0.0
      },
      "critic_per_layer": {
        "fc1": 455883.56250871485,
        "fc2": 59365.70703290148,
        "fc3": 941491.5000011827
      }
    },
    {
      "episode": 130,
      "actor_grad": 0.0,
      "critic_grad": 6316953.658746883,
      "actor_per_layer": {
        "fc1": 0.0,
        "fc2": 0.0,
        "fc3": 0.0
      },
      "critic_per_layer": {
        "fc1": 1158994.379394383,
        "fc2": 311782.5940025873,
        "fc3": 6201889.000084158
      }
    },
    {
      "episode": 140,
      "actor_grad": 0.0,
      "critic_grad": 20439346.49112161,
      "actor_per_layer": {
        "fc1": 0.0,
        "fc2": 0.0,
        "fc3": 0.0
      },
      "critic_per_layer": {
        "fc1": 1645534.1798714225,
        "fc2": 996335.7514171039,
        "fc3": 20348622.000456154
      }
    },
    {
      "episode": 150,
      "actor_grad": 0.0,
      "critic_grad": 5869594.239583701,
      "actor_per_layer": {
        "fc1": 0.0,
        "fc2": 0.0,
        "fc3": 0.0
      },
      "critic_per_layer": {
        "fc1": 946494.9498920519,
        "fc2": 291968.4070001908,
        "fc3": 5785416.000297366
      }
    },
    {
      "episode": 160,
      "actor_grad": 0.0,
      "critic_grad": 109320108.59818362,
      "actor_per_layer": {
        "fc1": 0.0,
        "fc2": 0.0,
        "fc3": 0.0
      },
      "critic_per_layer": {
        "fc1": 8239661.817815287,
        "fc2": 5427241.507983507,
        "fc3": 108873960.00265957
      }
    },
    {
      "episode": 170,
      "actor_grad": 0.0,
      "critic_grad": 35207923.65855913,
      "actor_per_layer": {
        "fc1": 0.0,
        "fc2": 0.0,
        "fc3": 0.0
      },
      "critic_per_layer": {
        "fc1": 2993358.3551851264,
        "fc2": 1773885.2540089071,
        "fc3": 35035568.00181754
      }
    },
    {
      "episode": 180,
      "actor_grad": 0.0,
      "critic_grad": 21160186.94993745,
      "actor_per_layer": {
        "fc1": 0.0,
        "fc2": 0.0,
        "fc3": 0.0
      },
      "critic_per_layer": {
        "fc1": 1681376.6931978418,
        "fc2": 1100170.3769206805,
        "fc3": 21064570.000681728
      }
    },
    {
      "episode": 190,
      "actor_grad": 0.0,
      "critic_grad": 131366664.28578357,
      "actor_per_layer": {
        "fc1": 0.0,
        "fc2": 0.0,
        "fc3": 0.0
      },
      "critic_per_layer": {
        "fc1": 9847665.319451118,
        "fc2": 6962472.50837037,
        "fc3": 130811880.00292645
      }
    },
    {
      "episode": 200,
      "actor_grad": 0.0,
      "critic_grad": 40365940.851701945,
      "actor_per_layer": {
        "fc1": 0.0,
        "fc2": 0.0,
        "fc3": 0.0
      },
      "critic_per_layer": {
        "fc1": 2913663.865275297,
        "fc2": 2132716.2536519603,
        "fc3": 40204120.00162046
      }
    },
    {
      "episode": 210,
      "actor_grad": 0.0,
      "critic_grad": 24770121.227314956,
      "actor_per_layer": {
        "fc1": 0.0,
        "fc2": 0.0,
        "fc3": 0.0
      },
      "critic_per_layer": {
        "fc1": 1812230.063503998,
        "fc2": 1300722.5016149555,
        "fc3": 24669472.000563852
      }
    },
    {
      "episode": 220,
      "actor_grad": 0.0,
      "critic_grad": 40854352.22784824,
      "actor_per_layer": {
        "fc1": 0.0,
        "fc2": 0.0,
        "fc3": 0.0
      },
      "critic_per_layer": {
        "fc1": 2939562.599957191,
        "fc2": 2165040.2520502023,
        "fc3": 40690904.00058745
      }
    },
    {
      "episode": 230,
      "actor_grad": 0.0,
      "critic_grad": 25911506.30217988,
      "actor_per_layer": {
        "fc1": 0.0,
        "fc2": 0.0,
        "fc3": 0.0
      },
      "critic_per_layer": {
        "fc1": 1973324.0747943255,
        "fc2": 1381999.1265543974,
        "fc3": 25799268.000428766
      }
    },
    {
      "episode": 240,
      "actor_grad": 0.0,
      "critic_grad": 48202488.341917545,
      "actor_per_layer": {
        "fc1": 0.0,
        "fc2": 0.0,
        "fc3": 0.0
      },
      "critic_per_layer": {
        "fc1": 3387817.1198580787,
        "fc2": 2565754.2523811413,
        "fc3": 48014784.00067505
      }
    },
    {
      "episode": 250,
      "actor_grad": 0.0,
      "critic_grad": 10787659.131194802,
      "actor_per_layer": {
        "fc1": 0.0,
        "fc2": 0.0,
        "fc3": 0.0
      },
      "critic_per_layer": {
        "fc1": 817921.7806737713,
        "fc2": 572012.9383156792,
        "fc3": 10741387.000287697
      }
    },
    {
      "episode": 260,
      "actor_grad": 0.0,
      "critic_grad": 41654489.21921909,
      "actor_per_layer": {
        "fc1": 0.0,
        "fc2": 0.0,
        "fc3": 0.0
      },
      "critic_per_layer": {
        "fc1": 3011194.6074760146,
        "fc2": 2221861.5025018943,
        "fc3": 41486052.00080681
      }
    },
    {
      "episode": 270,
      "actor_grad": 0.0,
      "critic_grad": 3036215.520972508,
      "actor_per_layer": {
        "fc1": 0.0,
        "fc2": 0.0,
        "fc3": 0.0
      },
      "critic_per_layer": {
        "fc1": 383046.78700354206,
        "fc2": 164649.04706508218,
        "fc3": 3007452.5000506965
      }
    },
    {
      "episode": 280,
      "actor_grad": 0.0,
      "critic_grad": 33470222.623325337,
      "actor_per_layer": {
        "fc1": 0.0,
        "fc2": 0.0,
        "fc3": 0.0
      },
      "critic_per_layer": {
        "fc1": 2526844.5893621184,
        "fc2": 1811199.1266602816,
        "fc3": 33325522.000409167
      }
    },
    {
      "episode": 290,
      "actor_grad": 0.0,
      "critic_grad": 31263698.831534244,
      "actor_per_layer": {
        "fc1": 0.0,
        "fc2": 0.0,
        "fc3": 0.0
      },
      "critic_per_layer": {
        "fc1": 2261567.0778107666,
        "fc2": 1691384.626410054,
        "fc3": 31135886.000353064
      }
    },
    {
      "episode": 300,
      "actor_grad": 0.0,
      "critic_grad": 16240777.501072796,
      "actor_per_layer": {
        "fc1": 0.0,
        "fc2": 0.0,
        "fc3": 0.0
      },
      "critic_per_layer": {
        "fc1": 1234965.7942206177,
        "fc2": 872975.6885392074,
        "fc3": 16170208.000321977
      }
    },
    {
      "episode": 310,
      "actor_grad": 0.0,
      "critic_grad": 13592920.063967634,
      "actor_per_layer": {
        "fc1": 0.0,
        "fc2": 0.0,
        "fc3": 0.0
      },
      "critic_per_layer": {
        "fc1": 1083824.660238251,
        "fc2": 739118.1256854789,
        "fc3": 13529468.000167504
      }
    },
    {
      "episode": 320,
      "actor_grad": 0.0,
      "critic_grad": 111626805.94060773,
      "actor_per_layer": {
        "fc1": 0.0,
        "fc2": 0.0,
        "fc3": 0.0
      },
      "critic_per_layer": {
        "fc1": 8133779.281022655,
        "fc2": 6157911.503047383,
        "fc3": 111159640.00045313
      }
    },
    {
      "episode": 330,
      "actor_grad": 0.0,
      "critic_grad": 85044814.93213259,
      "actor_per_layer": {
        "fc1": 0.0,
        "fc2": 0.0,
        "fc3": 0.0
      },
      "critic_per_layer": {
        "fc1": 6133930.229585653,
        "fc2": 4663368.003930191,
        "fc3": 84695032.00093366
      }
    },
    {
      "episode": 340,
      "actor_grad": 0.0,
      "critic_grad": 11238428.055426352,
      "actor_per_layer": {
        "fc1": 0.0,
        "fc2": 0.0,
        "fc3": 0.0
      },
      "critic_per_layer": {
        "fc1": 1022836.2156875497,
        "fc2": 621285.1255684269,
        "fc3": 11174528.000126874
      }
    },
    {
      "episode": 350,
      "actor_grad": 0.0,
      "critic_grad": 65060038.65468925,
      "actor_per_layer": {
        "fc1": 0.0,
        "fc2": 0.0,
        "fc3": 0.0
      },
      "critic_per_layer": {
        "fc1": 4702208.151410756,
        "fc2": 3609057.502102495,
        "fc3": 64789448.000403464
      }
    },
    {
      "episode": 360,
      "actor_grad": 0.0,
      "critic_grad": 68667839.4860253,
      "actor_per_layer": {
        "fc1": 0.0,
        "fc2": 0.0,
        "fc3": 0.0
      },
      "critic_per_layer": {
        "fc1": 4866709.189648098,
        "fc2": 3823693.50252499,
        "fc3": 68388352.00047357
      }
    },
    {
      "episode": 370,
      "actor_grad": 0.0,
      "critic_grad": 198828668.10047862,
      "actor_per_layer": {
        "fc1": 0.0,
        "fc2": 0.0,
        "fc3": 0.0
      },
      "critic_per_layer": {
        "fc1": 14608900.487279618,
        "fc2": 11224394.003817601,
        "fc3": 197973312.00040603
      }
    },
    {
      "episode": 380,
      "actor_grad": 0.0,
      "critic_grad": 121528630.405225,
      "actor_per_layer": {
        "fc1": 0.0,
        "fc2": 0.0,
        "fc3": 0.0
      },
      "critic_per_layer": {
        "fc1": 9203976.256336426,
        "fc2": 6908445.503153307,
        "fc3": 120982512.00058848
      }
    },
    {
      "episode": 390,
      "actor_grad": 0.0,
      "critic_grad": 653290407.4405448,
      "actor_per_layer": {
        "fc1": 0.0,
        "fc2": 0.0,
        "fc3": 0.0
      },
      "critic_per_layer": {
        "fc1": 79205610.96084498,
        "fc2": 71111912.00999305,
        "fc3": 644560256.0012798
      }
    },
    {
      "episode": 400,
      "actor_grad": 0.0,
      "critic_grad": 285914723.4470542,
      "actor_per_layer": {
        "fc1": 0.0,
        "fc2": 0.0,
        "fc3": 0.0
      },
      "critic_per_layer": {
        "fc1": 33605437.18482707,
        "fc2": 29458450.002502166,
        "fc3": 282400608.00018156
      }
    }
  ],
  "asymmetry_history": [
    {
      "episode": 10,
      "ratio": 2.800139436943887e-13,
      "actor_grad": 6.138292859907223e-05,
      "critic_grad": 219213828.38729793
    },
    {
      "episode": 20,
      "ratio": 2.1760477639127475e-12,
      "actor_grad": 0.0005969776175387942,
      "critic_grad": 274340309.72986084
    },
    {
      "episode": 30,
      "ratio": 0.0,
      "actor_grad": 0.0,
      "critic_grad": 99709989.22236395
    },
    {
      "episode": 40,
      "ratio": 7.616447109457768e-12,
      "actor_grad": 0.0003546582656439109,
      "critic_grad": 46564790.7150188
    },
    {
      "episode": 50,
      "ratio": 0.0,
      "actor_grad": 0.0,
      "critic_grad": 31752357.820107773
    },
    {
      "episode": 60,
      "ratio": 0.0,
      "actor_grad": 0.0,
      "critic_grad": 4941509.309398949
    },
    {
      "episode": 70,
      "ratio": 0.0,
      "actor_grad": 0.0,
      "critic_grad": 88892577.66143216
    },
    {
      "episode": 80,
      "ratio": 0.0,
      "actor_grad": 0.0,
      "critic_grad": 27990929.691668727
    },
    {
      "episode": 90,
      "ratio": 0.0,
      "actor_grad": 0.0,
      "critic_grad": 76650540.10223976
    },
    {
      "episode": 100,
      "ratio": 0.0,
      "actor_grad": 0.0,
      "critic_grad": 12921045.563856248
    },
    {
      "episode": 110,
      "ratio": 0.0,
      "actor_grad": 0.0,
      "critic_grad": 23224010.762998793
    },
    {
      "episode": 120,
      "ratio": 0.0,
      "actor_grad": 0.0,
      "critic_grad": 1047740.5949526011
    },
    {
      "episode": 130,
      "ratio": 0.0,
      "actor_grad": 0.0,
      "critic_grad": 6316953.658746883
    },
    {
      "episode": 140,
      "ratio": 0.0,
      "actor_grad": 0.0,
      "critic_grad": 20439346.49112161
    },
    {
      "episode": 150,
      "ratio": 0.0,
      "actor_grad": 0.0,
      "critic_grad": 5869594.239583701
    },
    {
      "episode": 160,
      "ratio": 0.0,
      "actor_grad": 0.0,
      "critic_grad": 109320108.59818362
    },
    {
      "episode": 170,
      "ratio": 0.0,
      "actor_grad": 0.0,
      "critic_grad": 35207923.65855913
    },
    {
      "episode": 180,
      "ratio": 0.0,
      "actor_grad": 0.0,
      "critic_grad": 21160186.94993745
    },
    {
      "episode": 190,
      "ratio": 0.0,
      "actor_grad": 0.0,
      "critic_grad": 131366664.28578357
    },
    {
      "episode": 200,
      "ratio": 0.0,
      "actor_grad": 0.0,
      "critic_grad": 40365940.851701945
    },
    {
      "episode": 210,
      "ratio": 0.0,
      "actor_grad": 0.0,
      "critic_grad": 24770121.227314956
    },
    {
      "episode": 220,
      "ratio": 0.0,
      "actor_grad": 0.0,
      "critic_grad": 40854352.22784824
    },
    {
      "episode": 230,
      "ratio": 0.0,
      "actor_grad": 0.0,
      "critic_grad": 25911506.30217988
    },
    {
      "episode": 240,
      "ratio": 0.0,
      "actor_grad": 0.0,
      "critic_grad": 48202488.341917545
    },
    {
      "episode": 250,
      "ratio": 0.0,
      "actor_grad": 0.0,
      "critic_grad": 10787659.131194802
    },
    {
      "episode": 260,
      "ratio": 0.0,
      "actor_grad": 0.0,
      "critic_grad": 41654489.21921909
    },
    {
      "episode": 270,
      "ratio": 0.0,
      "actor_grad": 0.0,
      "critic_grad": 3036215.520972508
    },
    {
      "episode": 280,
      "ratio": 0.0,
      "actor_grad": 0.0,
      "critic_grad": 33470222.623325337
    },
    {
      "episode": 290,
      "ratio": 0.0,
      "actor_grad": 0.0,
      "critic_grad": 31263698.831534244
    },
    {
      "episode": 300,
      "ratio": 0.0,
      "actor_grad": 0.0,
      "critic_grad": 16240777.501072796
    },
    {
      "episode": 310,
      "ratio": 0.0,
      "actor_grad": 0.0,
      "critic_grad": 13592920.063967634
    },
    {
      "episode": 320,
      "ratio": 0.0,
      "actor_grad": 0.0,
      "critic_grad": 111626805.94060773
    },
    {
      "episode": 330,
      "ratio": 0.0,
      "actor_grad": 0.0,
      "critic_grad": 85044814.93213259
    },
    {
      "episode": 340,
      "ratio": 0.0,
      "actor_grad": 0.0,
      "critic_grad": 11238428.055426352
    },
    {
      "episode": 350,
      "ratio": 0.0,
      "actor_grad": 0.0,
      "critic_grad": 65060038.65468925
    },
    {
      "episode": 360,
      "ratio": 0.0,
      "actor_grad": 0.0,
      "critic_grad": 68667839.4860253
    },
    {
      "episode": 370,
      "ratio": 0.0,
      "actor_grad": 0.0,
      "critic_grad": 198828668.10047862
    },
    {
      "episode": 380,
      "ratio": 0.0,
      "actor_grad": 0.0,
      "critic_grad": 121528630.405225
    },
    {
      "episode": 390,
      "ratio": 0.0,
      "actor_grad": 0.0,
      "critic_grad": 653290407.4405448
    },
    {
      "episode": 400,
      "ratio": 0.0,
      "actor_grad": 0.0,
      "critic_grad": 285914723.4470542
    }
  ],
  "activation_history": [
    {
      "episode": 10,
      "mean_preact": -1.0097194910049438,
      "std_preact": 1165.5107421875,
      "min_preact": -12882.0107421875,
      "max_preact": 10422.5732421875,
      "avg_actor_output_saturation": 0.9585501730103806,
      "actor_activations_sample": {
        "fc3": {
          "min": -1.0,
          "max": 1.0,
          "mean": 0.002132056513801217,
          "saturation": 0.9585501730103806
        }
      }
    },
    {
      "episode": 20,
      "mean_preact": -205.0172882080078,
      "std_preact": 4196.1904296875,
      "min_preact": -25036.591796875,
      "max_preact": 21530.51953125,
      "avg_actor_output_saturation": 0.9999960539979231,
      "actor_activations_sample": {
        "fc3": {
          "min": -1.0,
          "max": 1.0,
          "mean": -0.024375038221478462,
          "saturation": 0.9999960539979231
        }
      }
    },
    {
      "episode": 30,
      "mean_preact": -461.4316711425781,
      "std_preact": 6646.810546875,
      "min_preact": -31004.06640625,
      "max_preact": 33993.02734375,
      "avg_actor_output_saturation": 1.0,
      "actor_activations_sample": {
        "fc3": {
          "min": -1.0,
          "max": 1.0,
          "mean": -0.03999999910593033,
          "saturation": 1.0
        }
      }
    },
    {
      "episode": 40,
      "mean_preact": -624.0518798828125,
      "std_preact": 7816.76806640625,
      "min_preact": -33478.55859375,
      "max_preact": 38430.45703125,
      "avg_actor_output_saturation": 1.0,
      "actor_activations_sample": {
        "fc3": {
          "min": -1.0,
          "max": 1.0,
          "mean": -0.040239252150058746,
          "saturation": 1.0
        }
      }
    },
    {
      "episode": 50,
      "mean_preact": -688.6773681640625,
      "std_preact": 8628.9365234375,
      "min_preact": -43714.28515625,
      "max_preact": 46287.7578125,
      "avg_actor_output_saturation": 0.999946209761163,
      "actor_activations_sample": {
        "fc3": {
          "min": -1.0,
          "max": 1.0,
          "mean": -0.041118502616882324,
          "saturation": 0.999946209761163
        }
      }
    },
    {
      "episode": 60,
      "mean_preact": -707.5149536132812,
      "std_preact": 9709.9189453125,
      "min_preact": -54951.703125,
      "max_preact": 67712.1640625,
      "avg_actor_output_saturation": 1.0,
      "actor_activations_sample": {
        "fc3": {
          "min": -1.0,
          "max": 1.0,
          "mean": -0.03999999910593033,
          "saturation": 1.0
        }
      }
    },
    {
      "episode": 70,
      "mean_preact": -713.5698852539062,
      "std_preact": 10333.515625,
      "min_preact": -59188.81640625,
      "max_preact": 75829.3671875,
      "avg_actor_output_saturation": 1.0,
      "actor_activations_sample": {
        "fc3": {
          "min": -1.0,
          "max": 1.0,
          "mean": -0.03999999910593033,
          "saturation": 1.0
        }
      }
    },
    {
      "episode": 80,
      "mean_preact": -715.5477294921875,
      "std_preact": 10614.4501953125,
      "min_preact": -60550.625,
      "max_preact": 78587.5390625,
      "avg_actor_output_saturation": 1.0,
      "actor_activations_sample": {
        "fc3": {
          "min": -1.0,
          "max": 1.0,
          "mean": -0.03999999910593033,
          "saturation": 1.0
        }
      }
    },
    {
      "episode": 90,
      "mean_preact": -723.09033203125,
      "std_preact": 10607.1064453125,
      "min_preact": -61450.07421875,
      "max_preact": 80069.5078125,
      "avg_actor_output_saturation": 1.0,
      "actor_activations_sample": {
        "fc3": {
          "min": -1.0,
          "max": 1.0,
          "mean": -0.03999999910593033,
          "saturation": 1.0
        }
      }
    },
    {
      "episode": 100,
      "mean_preact": -719.4529418945312,
      "std_preact": 10702.134765625,
      "min_preact": -61598.87109375,
      "max_preact": 80432.1171875,
      "avg_actor_output_saturation": 1.0,
      "actor_activations_sample": {
        "fc3": {
          "min": -1.0,
          "max": 1.0,
          "mean": -0.03999999910593033,
          "saturation": 1.0
        }
      }
    },
    {
      "episode": 110,
      "mean_preact": -723.30322265625,
      "std_preact": 10689.103515625,
      "min_preact": -61749.05859375,
      "max_preact": 80678.2578125,
      "avg_actor_output_saturation": 1.0,
      "actor_activations_sample": {
        "fc3": {
          "min": -1.0,
          "max": 1.0,
          "mean": -0.03999999910593033,
          "saturation": 1.0
        }
      }
    },
    {
      "episode": 120,
      "mean_preact": -727.8666381835938,
      "std_preact": 10693.2412109375,
      "min_preact": -61731.90234375,
      "max_preact": 80686.7578125,
      "avg_actor_output_saturation": 1.0,
      "actor_activations_sample": {
        "fc3": {
          "min": -1.0,
          "max": 1.0,
          "mean": -0.03999999910593033,
          "saturation": 1.0
        }
      }
    },
    {
      "episode": 130,
      "mean_preact": -729.2094116210938,
      "std_preact": 10651.490234375,
      "min_preact": -61799.6953125,
      "max_preact": 80775.1328125,
      "avg_actor_output_saturation": 1.0,
      "actor_activations_sample": {
        "fc3": {
          "min": -1.0,
          "max": 1.0,
          "mean": -0.03999999910593033,
          "saturation": 1.0
        }
      }
    },
    {
      "episode": 140,
      "mean_preact": -721.976806640625,
      "std_preact": 10677.72265625,
      "min_preact": -61954.6796875,
      "max_preact": 80992.578125,
      "avg_actor_output_saturation": 1.0,
      "actor_activations_sample": {
        "fc3": {
          "min": -1.0,
          "max": 1.0,
          "mean": -0.03999999910593033,
          "saturation": 1.0
        }
      }
    },
    {
      "episode": 150,
      "mean_preact": -725.0433349609375,
      "std_preact": 10658.3212890625,
      "min_preact": -61770.1328125,
      "max_preact": 80744.8671875,
      "avg_actor_output_saturation": 1.0,
      "actor_activations_sample": {
        "fc3": {
          "min": -1.0,
          "max": 1.0,
          "mean": -0.03999999910593033,
          "saturation": 1.0
        }
      }
    },
    {
      "episode": 160,
      "mean_preact": -713.6316528320312,
      "std_preact": 10720.91015625,
      "min_preact": -61770.66015625,
      "max_preact": 80745.8515625,
      "avg_actor_output_saturation": 1.0,
      "actor_activations_sample": {
        "fc3": {
          "min": -1.0,
          "max": 1.0,
          "mean": -0.03999999910593033,
          "saturation": 1.0
        }
      }
    },
    {
      "episode": 170,
      "mean_preact": -718.0161743164062,
      "std_preact": 10656.373046875,
      "min_preact": -61875.69921875,
      "max_preact": 80884.1015625,
      "avg_actor_output_saturation": 1.0,
      "actor_activations_sample": {
        "fc3": {
          "min": -1.0,
          "max": 1.0,
          "mean": -0.03999999910593033,
          "saturation": 1.0
        }
      }
    },
    {
      "episode": 180,
      "mean_preact": -727.2339477539062,
      "std_preact": 10676.4423828125,
      "min_preact": -61770.8984375,
      "max_preact": 80746.3515625,
      "avg_actor_output_saturation": 1.0,
      "actor_activations_sample": {
        "fc3": {
          "min": -1.0,
          "max": 1.0,
          "mean": -0.03999999910593033,
          "saturation": 1.0
        }
      }
    },
    {
      "episode": 190,
      "mean_preact": -720.2320556640625,
      "std_preact": 10769.5048828125,
      "min_preact": -61875.41796875,
      "max_preact": 80883.9453125,
      "avg_actor_output_saturation": 1.0,
      "actor_activations_sample": {
        "fc3": {
          "min": -1.0,
          "max": 1.0,
          "mean": -0.03999999910593033,
          "saturation": 1.0
        }
      }
    },
    {
      "episode": 200,
      "mean_preact": -705.111328125,
      "std_preact": 10678.525390625,
      "min_preact": -61812.20703125,
      "max_preact": 80799.1015625,
      "avg_actor_output_saturation": 1.0,
      "actor_activations_sample": {
        "fc3": {
          "min": -1.0,
          "max": 1.0,
          "mean": -0.03999999910593033,
          "saturation": 1.0
        }
      }
    },
    {
      "episode": 210,
      "mean_preact": -726.7809448242188,
      "std_preact": 10771.91015625,
      "min_preact": -61770.90625,
      "max_preact": 80746.3515625,
      "avg_actor_output_saturation": 1.0,
      "actor_activations_sample": {
        "fc3": {
          "min": -1.0,
          "max": 1.0,
          "mean": -0.03999999910593033,
          "saturation": 1.0
        }
      }
    },
    {
      "episode": 220,
      "mean_preact": -722.2593383789062,
      "std_preact": 10714.1845703125,
      "min_preact": -61770.90625,
      "max_preact": 80746.3515625,
      "avg_actor_output_saturation": 1.0,
      "actor_activations_sample": {
        "fc3": {
          "min": -1.0,
          "max": 1.0,
          "mean": -0.03999999910593033,
          "saturation": 1.0
        }
      }
    },
    {
      "episode": 230,
      "mean_preact": -726.450927734375,
      "std_preact": 10682.935546875,
      "min_preact": -61770.90625,
      "max_preact": 80746.3515625,
      "avg_actor_output_saturation": 1.0,
      "actor_activations_sample": {
        "fc3": {
          "min": -1.0,
          "max": 1.0,
          "mean": -0.03999999910593033,
          "saturation": 1.0
        }
      }
    },
    {
      "episode": 240,
      "mean_preact": -726.145263671875,
      "std_preact": 10728.7587890625,
      "min_preact": -61728.17578125,
      "max_preact": 80690.4140625,
      "avg_actor_output_saturation": 1.0,
      "actor_activations_sample": {
        "fc3": {
          "min": -1.0,
          "max": 1.0,
          "mean": -0.03999999910593033,
          "saturation": 1.0
        }
      }
    },
    {
      "episode": 250,
      "mean_preact": -726.8585815429688,
      "std_preact": 10701.7998046875,
      "min_preact": -61770.90625,
      "max_preact": 80746.3515625,
      "avg_actor_output_saturation": 1.0,
      "actor_activations_sample": {
        "fc3": {
          "min": -1.0,
          "max": 1.0,
          "mean": -0.03999999910593033,
          "saturation": 1.0
        }
      }
    },
    {
      "episode": 260,
      "mean_preact": -730.9762573242188,
      "std_preact": 10648.18359375,
      "min_preact": -61875.83984375,
      "max_preact": 80884.3828125,
      "avg_actor_output_saturation": 1.0,
      "actor_activations_sample": {
        "fc3": {
          "min": -1.0,
          "max": 1.0,
          "mean": -0.03999999910593033,
          "saturation": 1.0
        }
      }
    },
    {
      "episode": 270,
      "mean_preact": -719.1318359375,
      "std_preact": 10746.0185546875,
      "min_preact": -61799.51171875,
      "max_preact": 80782.640625,
      "avg_actor_output_saturation": 1.0,
      "actor_activations_sample": {
        "fc3": {
          "min": -1.0,
          "max": 1.0,
          "mean": -0.03999999910593033,
          "saturation": 1.0
        }
      }
    },
    {
      "episode": 280,
      "mean_preact": -728.1912231445312,
      "std_preact": 10688.21484375,
      "min_preact": -61782.67578125,
      "max_preact": 80766.421875,
      "avg_actor_output_saturation": 1.0,
      "actor_activations_sample": {
        "fc3": {
          "min": -1.0,
          "max": 1.0,
          "mean": -0.03999999910593033,
          "saturation": 1.0
        }
      }
    },
    {
      "episode": 290,
      "mean_preact": -726.7715454101562,
      "std_preact": 10710.498046875,
      "min_preact": -61875.83984375,
      "max_preact": 80884.3828125,
      "avg_actor_output_saturation": 1.0,
      "actor_activations_sample": {
        "fc3": {
          "min": -1.0,
          "max": 1.0,
          "mean": -0.03999999910593033,
          "saturation": 1.0
        }
      }
    },
    {
      "episode": 300,
      "mean_preact": -721.599365234375,
      "std_preact": 10734.326171875,
      "min_preact": -61852.25390625,
      "max_preact": 80862.3203125,
      "avg_actor_output_saturation": 1.0,
      "actor_activations_sample": {
        "fc3": {
          "min": -1.0,
          "max": 1.0,
          "mean": -0.03999999910593033,
          "saturation": 1.0
        }
      }
    },
    {
      "episode": 310,
      "mean_preact": -721.61474609375,
      "std_preact": 10677.166015625,
      "min_preact": -61770.90625,
      "max_preact": 80746.3515625,
      "avg_actor_output_saturation": 1.0,
      "actor_activations_sample": {
        "fc3": {
          "min": -1.0,
          "max": 1.0,
          "mean": -0.03999999910593033,
          "saturation": 1.0
        }
      }
    },
    {
      "episode": 320,
      "mean_preact": -724.13916015625,
      "std_preact": 10721.673828125,
      "min_preact": -61875.83984375,
      "max_preact": 80884.3828125,
      "avg_actor_output_saturation": 1.0,
      "actor_activations_sample": {
        "fc3": {
          "min": -1.0,
          "max": 1.0,
          "mean": -0.03999999910593033,
          "saturation": 1.0
        }
      }
    },
    {
      "episode": 330,
      "mean_preact": -730.5464477539062,
      "std_preact": 10741.58984375,
      "min_preact": -61770.90625,
      "max_preact": 80746.3515625,
      "avg_actor_output_saturation": 1.0,
      "actor_activations_sample": {
        "fc3": {
          "min": -1.0,
          "max": 1.0,
          "mean": -0.03999999910593033,
          "saturation": 1.0
        }
      }
    },
    {
      "episode": 340,
      "mean_preact": -723.0459594726562,
      "std_preact": 10691.45703125,
      "min_preact": -61784.7578125,
      "max_preact": 80766.703125,
      "avg_actor_output_saturation": 1.0,
      "actor_activations_sample": {
        "fc3": {
          "min": -1.0,
          "max": 1.0,
          "mean": -0.03999999910593033,
          "saturation": 1.0
        }
      }
    },
    {
      "episode": 350,
      "mean_preact": -730.3233032226562,
      "std_preact": 10707.607421875,
      "min_preact": -61713.328125,
      "max_preact": 80678.9921875,
      "avg_actor_output_saturation": 1.0,
      "actor_activations_sample": {
        "fc3": {
          "min": -1.0,
          "max": 1.0,
          "mean": -0.03999999910593033,
          "saturation": 1.0
        }
      }
    },
    {
      "episode": 360,
      "mean_preact": -730.6258544921875,
      "std_preact": 10738.3935546875,
      "min_preact": -61812.20703125,
      "max_preact": 80799.1015625,
      "avg_actor_output_saturation": 1.0,
      "actor_activations_sample": {
        "fc3": {
          "min": -1.0,
          "max": 1.0,
          "mean": -0.03999999910593033,
          "saturation": 1.0
        }
      }
    },
    {
      "episode": 370,
      "mean_preact": -740.0654296875,
      "std_preact": 10778.0751953125,
      "min_preact": -61784.7578125,
      "max_preact": 80766.703125,
      "avg_actor_output_saturation": 1.0,
      "actor_activations_sample": {
        "fc3": {
          "min": -1.0,
          "max": 1.0,
          "mean": -0.03999999910593033,
          "saturation": 1.0
        }
      }
    },
    {
      "episode": 380,
      "mean_preact": -725.2776489257812,
      "std_preact": 10742.0283203125,
      "min_preact": -61854.19921875,
      "max_preact": 80864.796875,
      "avg_actor_output_saturation": 1.0,
      "actor_activations_sample": {
        "fc3": {
          "min": -1.0,
          "max": 1.0,
          "mean": -0.03999999910593033,
          "saturation": 1.0
        }
      }
    },
    {
      "episode": 390,
      "mean_preact": -723.6304321289062,
      "std_preact": 10729.08203125,
      "min_preact": -61784.7578125,
      "max_preact": 80766.703125,
      "avg_actor_output_saturation": 1.0,
      "actor_activations_sample": {
        "fc3": {
          "min": -1.0,
          "max": 1.0,
          "mean": -0.03999999910593033,
          "saturation": 1.0
        }
      }
    },
    {
      "episode": 400,
      "mean_preact": -723.9871215820312,
      "std_preact": 10721.6943359375,
      "min_preact": -61912.49609375,
      "max_preact": 80937.484375,
      "avg_actor_output_saturation": 1.0,
      "actor_activations_sample": {
        "fc3": {
          "min": -1.0,
          "max": 1.0,
          "mean": -0.03999999910593033,
          "saturation": 1.0
        }
      }
    }
  ]
}