{
  "gradient_history": [
    {
      "episode": 10,
      "actor_grad": 0.0,
      "critic_grad": 257067746.07823268,
      "actor_per_layer": {
        "fc1": 0.0,
        "fc2": 0.0,
        "fc3": 0.0
      },
      "critic_per_layer": {
        "fc1": 16765543.611701703,
        "fc2": 19033110.017026987,
        "fc3": 255813376.00724983
      }
    },
    {
      "episode": 20,
      "actor_grad": 0.0,
      "critic_grad": 55857246.53864952,
      "actor_per_layer": {
        "fc1": 0.0,
        "fc2": 0.0,
        "fc3": 0.0
      },
      "critic_per_layer": {
        "fc1": 3505008.87758724,
        "fc2": 4113740.759966589,
        "fc3": 55595180.01236526
      }
    },
    {
      "episode": 30,
      "actor_grad": 0.0,
      "critic_grad": 8607904.284726439,
      "actor_per_layer": {
        "fc1": 0.0,
        "fc2": 0.0,
        "fc3": 0.0
      },
      "critic_per_layer": {
        "fc1": 580303.4563368191,
        "fc2": 628451.5632710533,
        "fc3": 8565297.00046633
      }
    },
    {
      "episode": 40,
      "actor_grad": 0.0,
      "critic_grad": 2891184.1100496077,
      "actor_per_layer": {
        "fc1": 0.0,
        "fc2": 0.0,
        "fc3": 0.0
      },
      "critic_per_layer": {
        "fc1": 355344.4718303716,
        "fc2": 211598.76592806744,
        "fc3": 2861451.000244571
      }
    },
    {
      "episode": 50,
      "actor_grad": 0.0,
      "critic_grad": 5133122.52833056,
      "actor_per_layer": {
        "fc1": 0.0,
        "fc2": 0.0,
        "fc3": 0.0
      },
      "critic_per_layer": {
        "fc1": 386962.2269943363,
        "fc2": 375356.90666789515,
        "fc3": 5104734.500280206
      }
    },
    {
      "episode": 60,
      "actor_grad": 0.0,
      "critic_grad": 2160051.4230461856,
      "actor_per_layer": {
        "fc1": 0.0,
        "fc2": 0.0,
        "fc3": 0.0
      },
      "critic_per_layer": {
        "fc1": 152310.4127299065,
        "fc2": 157653.50034355745,
        "fc3": 2148899.5002575903
      }
    },
    {
      "episode": 70,
      "actor_grad": 0.0,
      "critic_grad": 908114.636728632,
      "actor_per_layer": {
        "fc1": 0.0,
        "fc2": 0.0,
        "fc3": 0.0
      },
      "critic_per_layer": {
        "fc1": 857408.7500116182,
        "fc2": 71652.53125488899,
        "fc3": 290496.7187578147
      }
    },
    {
      "episode": 80,
      "actor_grad": 0.0,
      "critic_grad": 30449574.25215346,
      "actor_per_layer": {
        "fc1": 0.0,
        "fc2": 0.0,
        "fc3": 0.0
      },
      "critic_per_layer": {
        "fc1": 2160984.329801611,
        "fc2": 2215154.0038128467,
        "fc3": 30291910.00255928
      }
    },
    {
      "episode": 90,
      "actor_grad": 0.0,
      "critic_grad": 7695126.297903164,
      "actor_per_layer": {
        "fc1": 0.0,
        "fc2": 0.0,
        "fc3": 0.0
      },
      "critic_per_layer": {
        "fc1": 615047.2071389881,
        "fc2": 561633.8758214618,
        "fc3": 7649918.5004286915
      }
    },
    {
      "episode": 100,
      "actor_grad": 0.0,
      "critic_grad": 7361114.1271766415,
      "actor_per_layer": {
        "fc1": 0.0,
        "fc2": 0.0,
        "fc3": 0.0
      },
      "critic_per_layer": {
        "fc1": 632980.5787862906,
        "fc2": 537131.2507822195,
        "fc3": 7314152.5004358515
      }
    },
    {
      "episode": 110,
      "actor_grad": 0.0,
      "critic_grad": 3808309.0838704254,
      "actor_per_layer": {
        "fc1": 0.0,
        "fc2": 0.0,
        "fc3": 0.0
      },
      "critic_per_layer": {
        "fc1": 291894.32421979035,
        "fc2": 278124.1567399546,
        "fc3": 3786906.7502667606
      }
    },
    {
      "episode": 120,
      "actor_grad": 0.0,
      "critic_grad": 13842421.009612456,
      "actor_per_layer": {
        "fc1": 0.0,
        "fc2": 0.0,
        "fc3": 0.0
      },
      "critic_per_layer": {
        "fc1": 1151761.5382360748,
        "fc2": 1005231.189106921,
        "fc3": 13757746.00081158
      }
    },
    {
      "episode": 130,
      "actor_grad": 0.0,
      "critic_grad": 10664291.787808884,
      "actor_per_layer": {
        "fc1": 0.0,
        "fc2": 0.0,
        "fc3": 0.0
      },
      "critic_per_layer": {
        "fc1": 911629.4071821154,
        "fc2": 774420.3764421267,
        "fc3": 10596996.000756064
      }
    },
    {
      "episode": 140,
      "actor_grad": 0.0,
      "critic_grad": 22255345.885232534,
      "actor_per_layer": {
        "fc1": 0.0,
        "fc2": 0.0,
        "fc3": 0.0
      },
      "critic_per_layer": {
        "fc1": 2030676.561547853,
        "fc2": 1621348.5027432325,
        "fc3": 22103122.001345627
      }
    },
    {
      "episode": 150,
      "actor_grad": 0.0,
      "critic_grad": 20047555.410495404,
      "actor_per_layer": {
        "fc1": 0.0,
        "fc2": 0.0,
        "fc3": 0.0
      },
      "critic_per_layer": {
        "fc1": 1699593.310829178,
        "fc2": 1519006.6276107584,
        "fc3": 19917542.001460493
      }
    },
    {
      "episode": 160,
      "actor_grad": 0.0,
      "critic_grad": 1122272.660290492,
      "actor_per_layer": {
        "fc1": 0.0,
        "fc2": 0.0,
        "fc3": 0.0
      },
      "critic_per_layer": {
        "fc1": 535058.1256486131,
        "fc2": 84865.02355708907,
        "fc3": 982856.375056674
      }
    },
    {
      "episode": 170,
      "actor_grad": 0.0,
      "critic_grad": 8236023.713003199,
      "actor_per_layer": {
        "fc1": 0.0,
        "fc2": 0.0,
        "fc3": 0.0
      },
      "critic_per_layer": {
        "fc1": 665685.8981449117,
        "fc2": 599978.3757396605,
        "fc3": 8187122.500293178
      }
    },
    {
      "episode": 180,
      "actor_grad": 0.0,
      "critic_grad": 14301856.102423454,
      "actor_per_layer": {
        "fc1": 0.0,
        "fc2": 0.0,
        "fc3": 0.0
      },
      "critic_per_layer": {
        "fc1": 1214645.54147874,
        "fc2": 1039730.0014991339,
        "fc3": 14212202.00063929
      }
    },
    {
      "episode": 190,
      "actor_grad": 0.0,
      "critic_grad": 16918115.76297662,
      "actor_per_layer": {
        "fc1": 0.0,
        "fc2": 0.0,
        "fc3": 0.0
      },
      "critic_per_layer": {
        "fc1": 1427734.3016961091,
        "fc2": 1228685.3773626655,
        "fc3": 16812928.001293927
      }
    },
    {
      "episode": 200,
      "actor_grad": 0.0,
      "critic_grad": 1624786.949273302,
      "actor_per_layer": {
        "fc1": 0.0,
        "fc2": 0.0,
        "fc3": 0.0
      },
      "critic_per_layer": {
        "fc1": 268767.1573090046,
        "fc2": 117774.0156907507,
        "fc3": 1598069.500024625
      }
    },
    {
      "episode": 210,
      "actor_grad": 0.0,
      "critic_grad": 84837037.75867546,
      "actor_per_layer": {
        "fc1": 0.0,
        "fc2": 0.0,
        "fc3": 0.0
      },
      "critic_per_layer": {
        "fc1": 6654596.232892161,
        "fc2": 6180218.50688535,
        "fc3": 84349536.00258423
      }
    },
    {
      "episode": 220,
      "actor_grad": 0.0,
      "critic_grad": 1366594.6812035562,
      "actor_per_layer": {
        "fc1": 0.0,
        "fc2": 0.0,
        "fc3": 0.0
      },
      "critic_per_layer": {
        "fc1": 148558.54928287823,
        "fc2": 99338.4688650575,
        "fc3": 1354859.12505041
      }
    },
    {
      "episode": 230,
      "actor_grad": 0.0,
      "critic_grad": 22602054.92343688,
      "actor_per_layer": {
        "fc1": 0.0,
        "fc2": 0.0,
        "fc3": 0.0
      },
      "critic_per_layer": {
        "fc1": 1732173.436264294,
        "fc2": 1647143.6267167353,
        "fc3": 22475306.000624865
      }
    },
    {
      "episode": 240,
      "actor_grad": 0.0,
      "critic_grad": 732451.321615778,
      "actor_per_layer": {
        "fc1": 0.0,
        "fc2": 0.0,
        "fc3": 0.0
      },
      "critic_per_layer": {
        "fc1": 222600.37511833754,
        "fc2": 53294.39845024857,
        "fc3": 695768.4375046784
      }
    },
    {
      "episode": 250,
      "actor_grad": 0.0,
      "critic_grad": 13916233.291328233,
      "actor_per_layer": {
        "fc1": 0.0,
        "fc2": 0.0,
        "fc3": 0.0
      },
      "critic_per_layer": {
        "fc1": 1124339.2860072732,
        "fc2": 1014534.8137079942,
        "fc3": 13833587.00049945
      }
    },
    {
      "episode": 260,
      "actor_grad": 0.0,
      "critic_grad": 2028465.6571802304,
      "actor_per_layer": {
        "fc1": 0.0,
        "fc2": 0.0,
        "fc3": 0.0
      },
      "critic_per_layer": {
        "fc1": 193460.41099962607,
        "fc2": 148047.21892281863,
        "fc3": 2013784.5000656596
      }
    },
    {
      "episode": 270,
      "actor_grad": 0.0,
      "critic_grad": 8840473.378802817,
      "actor_per_layer": {
        "fc1": 0.0,
        "fc2": 0.0,
        "fc3": 0.0
      },
      "critic_per_layer": {
        "fc1": 771161.4626260822,
        "fc2": 645561.8758392875,
        "fc3": 8783082.000319965
      }
    },
    {
      "episode": 280,
      "actor_grad": 0.0,
      "critic_grad": 25220313.233185723,
      "actor_per_layer": {
        "fc1": 0.0,
        "fc2": 0.0,
        "fc3": 0.0
      },
      "critic_per_layer": {
        "fc1": 1911839.0649030837,
        "fc2": 1847241.6266007852,
        "fc3": 25079808.000518396
      }
    }
  ],
  "asymmetry_history": [
    {
      "episode": 10,
      "ratio": 0.0,
      "actor_grad": 0.0,
      "critic_grad": 257067746.07823268
    },
    {
      "episode": 20,
      "ratio": 0.0,
      "actor_grad": 0.0,
      "critic_grad": 55857246.53864952
    },
    {
      "episode": 30,
      "ratio": 0.0,
      "actor_grad": 0.0,
      "critic_grad": 8607904.284726439
    },
    {
      "episode": 40,
      "ratio": 0.0,
      "actor_grad": 0.0,
      "critic_grad": 2891184.1100496077
    },
    {
      "episode": 50,
      "ratio": 0.0,
      "actor_grad": 0.0,
      "critic_grad": 5133122.52833056
    },
    {
      "episode": 60,
      "ratio": 0.0,
      "actor_grad": 0.0,
      "critic_grad": 2160051.4230461856
    },
    {
      "episode": 70,
      "ratio": 0.0,
      "actor_grad": 0.0,
      "critic_grad": 908114.636728632
    },
    {
      "episode": 80,
      "ratio": 0.0,
      "actor_grad": 0.0,
      "critic_grad": 30449574.25215346
    },
    {
      "episode": 90,
      "ratio": 0.0,
      "actor_grad": 0.0,
      "critic_grad": 7695126.297903164
    },
    {
      "episode": 100,
      "ratio": 0.0,
      "actor_grad": 0.0,
      "critic_grad": 7361114.1271766415
    },
    {
      "episode": 110,
      "ratio": 0.0,
      "actor_grad": 0.0,
      "critic_grad": 3808309.0838704254
    },
    {
      "episode": 120,
      "ratio": 0.0,
      "actor_grad": 0.0,
      "critic_grad": 13842421.009612456
    },
    {
      "episode": 130,
      "ratio": 0.0,
      "actor_grad": 0.0,
      "critic_grad": 10664291.787808884
    },
    {
      "episode": 140,
      "ratio": 0.0,
      "actor_grad": 0.0,
      "critic_grad": 22255345.885232534
    },
    {
      "episode": 150,
      "ratio": 0.0,
      "actor_grad": 0.0,
      "critic_grad": 20047555.410495404
    },
    {
      "episode": 160,
      "ratio": 0.0,
      "actor_grad": 0.0,
      "critic_grad": 1122272.660290492
    },
    {
      "episode": 170,
      "ratio": 0.0,
      "actor_grad": 0.0,
      "critic_grad": 8236023.713003199
    },
    {
      "episode": 180,
      "ratio": 0.0,
      "actor_grad": 0.0,
      "critic_grad": 14301856.102423454
    },
    {
      "episode": 190,
      "ratio": 0.0,
      "actor_grad": 0.0,
      "critic_grad": 16918115.76297662
    },
    {
      "episode": 200,
      "ratio": 0.0,
      "actor_grad": 0.0,
      "critic_grad": 1624786.949273302
    },
    {
      "episode": 210,
      "ratio": 0.0,
      "actor_grad": 0.0,
      "critic_grad": 84837037.75867546
    },
    {
      "episode": 220,
      "ratio": 0.0,
      "actor_grad": 0.0,
      "critic_grad": 1366594.6812035562
    },
    {
      "episode": 230,
      "ratio": 0.0,
      "actor_grad": 0.0,
      "critic_grad": 22602054.92343688
    },
    {
      "episode": 240,
      "ratio": 0.0,
      "actor_grad": 0.0,
      "critic_grad": 732451.321615778
    },
    {
      "episode": 250,
      "ratio": 0.0,
      "actor_grad": 0.0,
      "critic_grad": 13916233.291328233
    },
    {
      "episode": 260,
      "ratio": 0.0,
      "actor_grad": 0.0,
      "critic_grad": 2028465.6571802304
    },
    {
      "episode": 270,
      "ratio": 0.0,
      "actor_grad": 0.0,
      "critic_grad": 8840473.378802817
    },
    {
      "episode": 280,
      "ratio": 0.0,
      "actor_grad": 0.0,
      "critic_grad": 25220313.233185723
    }
  ],
  "activation_history": [
    {
      "episode": 10,
      "mean_preact": -197.0487060546875,
      "std_preact": 3053.110595703125,
      "min_preact": -13495.341796875,
      "max_preact": 13452.0283203125,
      "avg_actor_output_saturation": 0.9428782006920415,
      "actor_activations_sample": {
        "fc3": {
          "min": -1.0,
          "max": 1.0,
          "mean": -0.12259798496961594,
          "saturation": 0.9428782006920415
        }
      }
    },
    {
      "episode": 20,
      "mean_preact": -733.6924438476562,
      "std_preact": 9227.240234375,
      "min_preact": -27915.392578125,
      "max_preact": 27847.134765625,
      "avg_actor_output_saturation": 1.0,
      "actor_activations_sample": {
        "fc3": {
          "min": -1.0,
          "max": 1.0,
          "mean": -0.13333334028720856,
          "saturation": 1.0
        }
      }
    },
    {
      "episode": 30,
      "mean_preact": -1107.05078125,
      "std_preact": 13650.525390625,
      "min_preact": -35230.140625,
      "max_preact": 35151.15234375,
      "avg_actor_output_saturation": 1.0,
      "actor_activations_sample": {
        "fc3": {
          "min": -1.0,
          "max": 1.0,
          "mean": -0.13333334028720856,
          "saturation": 1.0
        }
      }
    },
    {
      "episode": 40,
      "mean_preact": -1286.9837646484375,
      "std_preact": 15747.3447265625,
      "min_preact": -39521.15234375,
      "max_preact": 39435.3515625,
      "avg_actor_output_saturation": 1.0,
      "actor_activations_sample": {
        "fc3": {
          "min": -1.0,
          "max": 1.0,
          "mean": -0.13333334028720856,
          "saturation": 1.0
        }
      }
    },
    {
      "episode": 50,
      "mean_preact": -1336.0023193359375,
      "std_preact": 16701.35546875,
      "min_preact": -40376.6953125,
      "max_preact": 40289.890625,
      "avg_actor_output_saturation": 1.0,
      "actor_activations_sample": {
        "fc3": {
          "min": -1.0,
          "max": 1.0,
          "mean": -0.13333334028720856,
          "saturation": 1.0
        }
      }
    },
    {
      "episode": 60,
      "mean_preact": -1383.167724609375,
      "std_preact": 17032.095703125,
      "min_preact": -40623.02734375,
      "max_preact": 40536.203125,
      "avg_actor_output_saturation": 1.0,
      "actor_activations_sample": {
        "fc3": {
          "min": -1.0,
          "max": 1.0,
          "mean": -0.13333334028720856,
          "saturation": 1.0
        }
      }
    },
    {
      "episode": 70,
      "mean_preact": -1427.3966064453125,
      "std_preact": 17209.365234375,
      "min_preact": -41201.33984375,
      "max_preact": 41113.44140625,
      "avg_actor_output_saturation": 1.0,
      "actor_activations_sample": {
        "fc3": {
          "min": -1.0,
          "max": 1.0,
          "mean": -0.13333334028720856,
          "saturation": 1.0
        }
      }
    },
    {
      "episode": 80,
      "mean_preact": -1414.886962890625,
      "std_preact": 17236.38671875,
      "min_preact": -41613.9296875,
      "max_preact": 41525.28515625,
      "avg_actor_output_saturation": 1.0,
      "actor_activations_sample": {
        "fc3": {
          "min": -1.0,
          "max": 1.0,
          "mean": -0.13333334028720856,
          "saturation": 1.0
        }
      }
    },
    {
      "episode": 90,
      "mean_preact": -1403.8564453125,
      "std_preact": 17277.404296875,
      "min_preact": -41687.1328125,
      "max_preact": 41598.37109375,
      "avg_actor_output_saturation": 1.0,
      "actor_activations_sample": {
        "fc3": {
          "min": -1.0,
          "max": 1.0,
          "mean": -0.13333334028720856,
          "saturation": 1.0
        }
      }
    },
    {
      "episode": 100,
      "mean_preact": -1411.489501953125,
      "std_preact": 17282.626953125,
      "min_preact": -41715.4609375,
      "max_preact": 41626.66796875,
      "avg_actor_output_saturation": 1.0,
      "actor_activations_sample": {
        "fc3": {
          "min": -1.0,
          "max": 1.0,
          "mean": -0.13333334028720856,
          "saturation": 1.0
        }
      }
    },
    {
      "episode": 110,
      "mean_preact": -1432.3046875,
      "std_preact": 17275.029296875,
      "min_preact": -41491.703125,
      "max_preact": 41403.3828125,
      "avg_actor_output_saturation": 1.0,
      "actor_activations_sample": {
        "fc3": {
          "min": -1.0,
          "max": 1.0,
          "mean": -0.13333334028720856,
          "saturation": 1.0
        }
      }
    },
    {
      "episode": 120,
      "mean_preact": -1431.8662109375,
      "std_preact": 17297.90234375,
      "min_preact": -41461.3359375,
      "max_preact": 41373.08203125,
      "avg_actor_output_saturation": 1.0,
      "actor_activations_sample": {
        "fc3": {
          "min": -1.0,
          "max": 1.0,
          "mean": -0.13333334028720856,
          "saturation": 1.0
        }
      }
    },
    {
      "episode": 130,
      "mean_preact": -1420.2266845703125,
      "std_preact": 17305.275390625,
      "min_preact": -41702.47265625,
      "max_preact": 41613.70703125,
      "avg_actor_output_saturation": 1.0,
      "actor_activations_sample": {
        "fc3": {
          "min": -1.0,
          "max": 1.0,
          "mean": -0.13333334028720856,
          "saturation": 1.0
        }
      }
    },
    {
      "episode": 140,
      "mean_preact": -1441.0665283203125,
      "std_preact": 17295.837890625,
      "min_preact": -41094.1328125,
      "max_preact": 41006.66015625,
      "avg_actor_output_saturation": 1.0,
      "actor_activations_sample": {
        "fc3": {
          "min": -1.0,
          "max": 1.0,
          "mean": -0.13333334028720856,
          "saturation": 1.0
        }
      }
    },
    {
      "episode": 150,
      "mean_preact": -1439.8843994140625,
      "std_preact": 17320.39453125,
      "min_preact": -41462.44140625,
      "max_preact": 41374.18359375,
      "avg_actor_output_saturation": 1.0,
      "actor_activations_sample": {
        "fc3": {
          "min": -1.0,
          "max": 1.0,
          "mean": -0.13333334028720856,
          "saturation": 1.0
        }
      }
    },
    {
      "episode": 160,
      "mean_preact": -1445.1934814453125,
      "std_preact": 17243.47265625,
      "min_preact": -41174.1875,
      "max_preact": 41086.546875,
      "avg_actor_output_saturation": 1.0,
      "actor_activations_sample": {
        "fc3": {
          "min": -1.0,
          "max": 1.0,
          "mean": -0.13333334028720856,
          "saturation": 1.0
        }
      }
    },
    {
      "episode": 170,
      "mean_preact": -1438.8453369140625,
      "std_preact": 17270.33203125,
      "min_preact": -41074.921875,
      "max_preact": 40987.4921875,
      "avg_actor_output_saturation": 1.0,
      "actor_activations_sample": {
        "fc3": {
          "min": -1.0,
          "max": 1.0,
          "mean": -0.13333334028720856,
          "saturation": 1.0
        }
      }
    },
    {
      "episode": 180,
      "mean_preact": -1431.8861083984375,
      "std_preact": 17330.0546875,
      "min_preact": -41068.875,
      "max_preact": 40981.4609375,
      "avg_actor_output_saturation": 1.0,
      "actor_activations_sample": {
        "fc3": {
          "min": -1.0,
          "max": 1.0,
          "mean": -0.13333334028720856,
          "saturation": 1.0
        }
      }
    },
    {
      "episode": 190,
      "mean_preact": -1436.6009521484375,
      "std_preact": 17275.666015625,
      "min_preact": -41462.484375,
      "max_preact": 41374.23046875,
      "avg_actor_output_saturation": 1.0,
      "actor_activations_sample": {
        "fc3": {
          "min": -1.0,
          "max": 1.0,
          "mean": -0.13333334028720856,
          "saturation": 1.0
        }
      }
    },
    {
      "episode": 200,
      "mean_preact": -1423.0889892578125,
      "std_preact": 17298.10546875,
      "min_preact": -41038.16796875,
      "max_preact": 40950.82421875,
      "avg_actor_output_saturation": 1.0,
      "actor_activations_sample": {
        "fc3": {
          "min": -1.0,
          "max": 1.0,
          "mean": -0.13333334028720856,
          "saturation": 1.0
        }
      }
    },
    {
      "episode": 210,
      "mean_preact": -1419.688232421875,
      "std_preact": 17367.3671875,
      "min_preact": -41477.640625,
      "max_preact": 41389.35546875,
      "avg_actor_output_saturation": 1.0,
      "actor_activations_sample": {
        "fc3": {
          "min": -1.0,
          "max": 1.0,
          "mean": -0.13333334028720856,
          "saturation": 1.0
        }
      }
    },
    {
      "episode": 220,
      "mean_preact": -1424.0850830078125,
      "std_preact": 17356.63671875,
      "min_preact": -41612.046875,
      "max_preact": 41523.4765625,
      "avg_actor_output_saturation": 1.0,
      "actor_activations_sample": {
        "fc3": {
          "min": -1.0,
          "max": 1.0,
          "mean": -0.13333334028720856,
          "saturation": 1.0
        }
      }
    },
    {
      "episode": 230,
      "mean_preact": -1433.522705078125,
      "std_preact": 17312.751953125,
      "min_preact": -41450.046875,
      "max_preact": 41361.81640625,
      "avg_actor_output_saturation": 1.0,
      "actor_activations_sample": {
        "fc3": {
          "min": -1.0,
          "max": 1.0,
          "mean": -0.13333334028720856,
          "saturation": 1.0
        }
      }
    },
    {
      "episode": 240,
      "mean_preact": -1424.6937255859375,
      "std_preact": 17333.564453125,
      "min_preact": -41303.0625,
      "max_preact": 41215.15234375,
      "avg_actor_output_saturation": 1.0,
      "actor_activations_sample": {
        "fc3": {
          "min": -1.0,
          "max": 1.0,
          "mean": -0.13333334028720856,
          "saturation": 1.0
        }
      }
    },
    {
      "episode": 250,
      "mean_preact": -1435.15185546875,
      "std_preact": 17288.580078125,
      "min_preact": -41243.7734375,
      "max_preact": 41155.98046875,
      "avg_actor_output_saturation": 1.0,
      "actor_activations_sample": {
        "fc3": {
          "min": -1.0,
          "max": 1.0,
          "mean": -0.13333334028720856,
          "saturation": 1.0
        }
      }
    },
    {
      "episode": 260,
      "mean_preact": -1451.138916015625,
      "std_preact": 17325.556640625,
      "min_preact": -41309.078125,
      "max_preact": 41221.14453125,
      "avg_actor_output_saturation": 1.0,
      "actor_activations_sample": {
        "fc3": {
          "min": -1.0,
          "max": 1.0,
          "mean": -0.13333334028720856,
          "saturation": 1.0
        }
      }
    },
    {
      "episode": 270,
      "mean_preact": -1446.1849365234375,
      "std_preact": 17264.525390625,
      "min_preact": -41702.9609375,
      "max_preact": 41614.1953125,
      "avg_actor_output_saturation": 1.0,
      "actor_activations_sample": {
        "fc3": {
          "min": -1.0,
          "max": 1.0,
          "mean": -0.13333334028720856,
          "saturation": 1.0
        }
      }
    },
    {
      "episode": 280,
      "mean_preact": -1431.3892822265625,
      "std_preact": 17336.23046875,
      "min_preact": -41612.046875,
      "max_preact": 41523.4765625,
      "avg_actor_output_saturation": 1.0,
      "actor_activations_sample": {
        "fc3": {
          "min": -1.0,
          "max": 1.0,
          "mean": -0.13333334028720856,
          "saturation": 1.0
        }
      }
    }
  ]
}