{
  "gradient_history": [
    {
      "episode": 10,
      "actor_grad": 0.0,
      "critic_grad": 2105284.5351687456,
      "actor_per_layer": {
        "fc1": 0.0,
        "fc2": 0.0,
        "fc3": 0.0
      },
      "critic_per_layer": {
        "fc1": 127982.92651583551,
        "fc2": 127364.28498546254,
        "fc3": 2097527.5167327994
      }
    },
    {
      "episode": 20,
      "actor_grad": 0.0,
      "critic_grad": 4485342.227994811,
      "actor_per_layer": {
        "fc1": 0.0,
        "fc2": 0.0,
        "fc3": 0.0
      },
      "critic_per_layer": {
        "fc1": 273882.38478817773,
        "fc2": 266308.72872497264,
        "fc3": 4469044.976562787
      }
    },
    {
      "episode": 30,
      "actor_grad": 0.0,
      "critic_grad": 7228562.096601869,
      "actor_per_layer": {
        "fc1": 0.0,
        "fc2": 0.0,
        "fc3": 0.0
      },
      "critic_per_layer": {
        "fc1": 453035.7662447437,
        "fc2": 426727.6385678762,
        "fc3": 7201720.07935705
      }
    },
    {
      "episode": 40,
      "actor_grad": 0.0,
      "critic_grad": 12040624.003929405,
      "actor_per_layer": {
        "fc1": 0.0,
        "fc2": 0.0,
        "fc3": 0.0
      },
      "critic_per_layer": {
        "fc1": 768222.9028983907,
        "fc2": 713734.8623592455,
        "fc3": 11994875.677626524
      }
    },
    {
      "episode": 50,
      "actor_grad": 0.0,
      "critic_grad": 14769311.612444106,
      "actor_per_layer": {
        "fc1": 0.0,
        "fc2": 0.0,
        "fc3": 0.0
      },
      "critic_per_layer": {
        "fc1": 948564.346488545,
        "fc2": 878713.9151352872,
        "fc3": 14712601.844724635
      }
    },
    {
      "episode": 60,
      "actor_grad": 0.0,
      "critic_grad": 28020813.47171566,
      "actor_per_layer": {
        "fc1": 0.0,
        "fc2": 0.0,
        "fc3": 0.0
      },
      "critic_per_layer": {
        "fc1": 1800054.1905668268,
        "fc2": 1670283.5531507363,
        "fc3": 27913006.74201507
      }
    },
    {
      "episode": 70,
      "actor_grad": 0.0,
      "critic_grad": 40533966.759698234,
      "actor_per_layer": {
        "fc1": 0.0,
        "fc2": 0.0,
        "fc3": 0.0
      },
      "critic_per_layer": {
        "fc1": 2593863.594836286,
        "fc2": 2412337.3044027714,
        "fc3": 40378892.52638674
      }
    },
    {
      "episode": 80,
      "actor_grad": 0.0,
      "critic_grad": 39611099.15708876,
      "actor_per_layer": {
        "fc1": 0.0,
        "fc2": 0.0,
        "fc3": 0.0
      },
      "critic_per_layer": {
        "fc1": 2531833.842651111,
        "fc2": 2352088.78877858,
        "fc3": 39460064.26953238
      }
    },
    {
      "episode": 90,
      "actor_grad": 0.0,
      "critic_grad": 47299325.76298111,
      "actor_per_layer": {
        "fc1": 0.0,
        "fc2": 0.0,
        "fc3": 0.0
      },
      "critic_per_layer": {
        "fc1": 3007810.609242005,
        "fc2": 2800137.7843976635,
        "fc3": 47120468.1784883
      }
    },
    {
      "episode": 100,
      "actor_grad": 0.0,
      "critic_grad": 59901087.911175214,
      "actor_per_layer": {
        "fc1": 0.0,
        "fc2": 0.0,
        "fc3": 0.0
      },
      "critic_per_layer": {
        "fc1": 3800886.388383378,
        "fc2": 3533929.0339611466,
        "fc3": 59675832.13653472
      }
    },
    {
      "episode": 110,
      "actor_grad": 0.0,
      "critic_grad": 73640744.32151745,
      "actor_per_layer": {
        "fc1": 0.0,
        "fc2": 0.0,
        "fc3": 0.0
      },
      "critic_per_layer": {
        "fc1": 4655775.668511651,
        "fc2": 4327481.032826536,
        "fc3": 73365904.10444164
      }
    },
    {
      "episode": 120,
      "actor_grad": 0.0,
      "critic_grad": 60388336.48244725,
      "actor_per_layer": {
        "fc1": 0.0,
        "fc2": 0.0,
        "fc3": 0.0
      },
      "critic_per_layer": {
        "fc1": 3802637.387735183,
        "fc2": 3534853.0219344874,
        "fc3": 60164740.05701336
      }
    },
    {
      "episode": 130,
      "actor_grad": 0.0,
      "critic_grad": 121673985.99602607,
      "actor_per_layer": {
        "fc1": 0.0,
        "fc2": 0.0,
        "fc3": 0.0
      },
      "critic_per_layer": {
        "fc1": 7642833.776366079,
        "fc2": 7095261.537011777,
        "fc3": 121226248.0808071
      }
    },
    {
      "episode": 140,
      "actor_grad": 0.0,
      "critic_grad": 109970183.77105777,
      "actor_per_layer": {
        "fc1": 0.0,
        "fc2": 0.0,
        "fc3": 0.0
      },
      "critic_per_layer": {
        "fc1": 6871580.749719203,
        "fc2": 6387964.02789565,
        "fc3": 109569232.05087557
      }
    },
    {
      "episode": 150,
      "actor_grad": 0.0,
      "critic_grad": 98532845.74554092,
      "actor_per_layer": {
        "fc1": 0.0,
        "fc2": 0.0,
        "fc3": 0.0
      },
      "critic_per_layer": {
        "fc1": 6145806.224298309,
        "fc2": 5706588.021561255,
        "fc3": 98175280.03382577
      }
    },
    {
      "episode": 160,
      "actor_grad": 0.0,
      "critic_grad": 151571308.41068122,
      "actor_per_layer": {
        "fc1": 0.0,
        "fc2": 0.0,
        "fc3": 0.0
      },
      "critic_per_layer": {
        "fc1": 9438105.339582924,
        "fc2": 8752577.028453484,
        "fc3": 151023760.0388951
      }
    },
    {
      "episode": 170,
      "actor_grad": 0.0,
      "critic_grad": 115845170.04581721,
      "actor_per_layer": {
        "fc1": 0.0,
        "fc2": 0.0,
        "fc3": 0.0
      },
      "critic_per_layer": {
        "fc1": 7189856.763457652,
        "fc2": 6672764.519579532,
        "fc3": 115429128.0237857
      }
    },
    {
      "episode": 180,
      "actor_grad": 0.0,
      "critic_grad": 73915436.35038859,
      "actor_per_layer": {
        "fc1": 0.0,
        "fc2": 0.0,
        "fc3": 0.0
      },
      "critic_per_layer": {
        "fc1": 4581120.166009518,
        "fc2": 4245823.51080497,
        "fc3": 73651056.01149262
      }
    },
    {
      "episode": 190,
      "actor_grad": 0.0,
      "critic_grad": 136177029.96146604,
      "actor_per_layer": {
        "fc1": 0.0,
        "fc2": 0.0,
        "fc3": 0.0
      },
      "critic_per_layer": {
        "fc1": 8435131.309548108,
        "fc2": 7804951.01816205,
        "fc3": 135691248.01740456
      }
    },
    {
      "episode": 200,
      "actor_grad": 0.0,
      "critic_grad": 164665401.3897839,
      "actor_per_layer": {
        "fc1": 0.0,
        "fc2": 0.0,
        "fc3": 0.0
      },
      "critic_per_layer": {
        "fc1": 10170695.364464365,
        "fc2": 9416418.019251717,
        "fc3": 164081024.01663825
      }
    },
    {
      "episode": 210,
      "actor_grad": 0.0,
      "critic_grad": 173311268.5781873,
      "actor_per_layer": {
        "fc1": 0.0,
        "fc2": 0.0,
        "fc3": 0.0
      },
      "critic_per_layer": {
        "fc1": 10682488.38550857,
        "fc2": 9890745.018556876,
        "fc3": 172698736.01463312
      }
    },
    {
      "episode": 220,
      "actor_grad": 0.0,
      "critic_grad": 323428011.6808185,
      "actor_per_layer": {
        "fc1": 0.0,
        "fc2": 0.0,
        "fc3": 0.0
      },
      "critic_per_layer": {
        "fc1": 19908528.713956896,
        "fc2": 18418974.03124976,
        "fc3": 322288800.0224168
      }
    },
    {
      "episode": 230,
      "actor_grad": 0.0,
      "critic_grad": 138706204.75673267,
      "actor_per_layer": {
        "fc1": 0.0,
        "fc2": 0.0,
        "fc3": 0.0
      },
      "critic_per_layer": {
        "fc1": 8521937.306858353,
        "fc2": 7883380.51219734,
        "fc3": 138219536.0079556
      }
    },
    {
      "episode": 240,
      "actor_grad": 0.0,
      "critic_grad": 86620491.40812895,
      "actor_per_layer": {
        "fc1": 0.0,
        "fc2": 0.0,
        "fc3": 0.0
      },
      "critic_per_layer": {
        "fc1": 5314891.195269535,
        "fc2": 4914683.007218578,
        "fc3": 86317480.00438118
      }
    },
    {
      "episode": 250,
      "actor_grad": 0.0,
      "critic_grad": 86195868.8032395,
      "actor_per_layer": {
        "fc1": 0.0,
        "fc2": 0.0,
        "fc3": 0.0
      },
      "critic_per_layer": {
        "fc1": 5263062.202024914,
        "fc2": 4882961.506938454,
        "fc3": 85896360.00392945
      }
    },
    {
      "episode": 260,
      "actor_grad": 0.0,
      "critic_grad": 100889396.3208173,
      "actor_per_layer": {
        "fc1": 0.0,
        "fc2": 0.0,
        "fc3": 0.0
      },
      "critic_per_layer": {
        "fc1": 6369440.207810417,
        "fc2": 5709898.0069673285,
        "fc3": 100526104.00372683
      }
    },
    {
      "episode": 270,
      "actor_grad": 0.0,
      "critic_grad": 51928589.296787106,
      "actor_per_layer": {
        "fc1": 0.0,
        "fc2": 0.0,
        "fc3": 0.0
      },
      "critic_per_layer": {
        "fc1": 3280678.112372426,
        "fc2": 2935893.2536023464,
        "fc3": 51741628.001840495
      }
    },
    {
      "episode": 280,
      "actor_grad": 0.0,
      "critic_grad": 225953110.53443462,
      "actor_per_layer": {
        "fc1": 0.0,
        "fc2": 0.0,
        "fc3": 0.0
      },
      "critic_per_layer": {
        "fc1": 13832888.498560239,
        "fc2": 12758836.014808457,
        "fc3": 225168096.00722757
      }
    },
    {
      "episode": 290,
      "actor_grad": 0.0,
      "critic_grad": 87403300.3715491,
      "actor_per_layer": {
        "fc1": 0.0,
        "fc2": 0.0,
        "fc3": 0.0
      },
      "critic_per_layer": {
        "fc1": 5349674.691819657,
        "fc2": 4930586.505448375,
        "fc3": 87099984.0025429
      }
    },
    {
      "episode": 300,
      "actor_grad": 0.0,
      "critic_grad": 1599400.0404579972,
      "actor_per_layer": {
        "fc1": 0.0,
        "fc2": 0.0,
        "fc3": 0.0
      },
      "critic_per_layer": {
        "fc1": 1548200.5013245686,
        "fc2": 112804.33639083573,
        "fc3": 385267.2822947999
      }
    },
    {
      "episode": 310,
      "actor_grad": 0.0,
      "critic_grad": 57661302.173810564,
      "actor_per_layer": {
        "fc1": 0.0,
        "fc2": 0.0,
        "fc3": 0.0
      },
      "critic_per_layer": {
        "fc1": 3523413.8767335075,
        "fc2": 3246677.003312398,
        "fc3": 57461904.00142424
      }
    },
    {
      "episode": 320,
      "actor_grad": 0.0,
      "critic_grad": 142464605.6554483,
      "actor_per_layer": {
        "fc1": 0.0,
        "fc2": 0.0,
        "fc3": 0.0
      },
      "critic_per_layer": {
        "fc1": 8669271.318996659,
        "fc2": 8015615.008034195,
        "fc3": 141974496.00334206
      }
    },
    {
      "episode": 330,
      "actor_grad": 0.0,
      "critic_grad": 1111448.4209439447,
      "actor_per_layer": {
        "fc1": 0.0,
        "fc2": 0.0,
        "fc3": 0.0
      },
      "critic_per_layer": {
        "fc1": 115785.22725243536,
        "fc2": 62562.99221620294,
        "fc3": 1103629.125011589
      }
    },
    {
      "episode": 340,
      "actor_grad": 0.0,
      "critic_grad": 51257905.958537936,
      "actor_per_layer": {
        "fc1": 0.0,
        "fc2": 0.0,
        "fc3": 0.0
      },
      "critic_per_layer": {
        "fc1": 3118801.6207887297,
        "fc2": 2879730.50285486,
        "fc3": 51081828.00111417
      }
    }
  ],
  "asymmetry_history": [
    {
      "episode": 10,
      "ratio": 0.0,
      "actor_grad": 0.0,
      "critic_grad": 2105284.5351687456
    },
    {
      "episode": 20,
      "ratio": 0.0,
      "actor_grad": 0.0,
      "critic_grad": 4485342.227994811
    },
    {
      "episode": 30,
      "ratio": 0.0,
      "actor_grad": 0.0,
      "critic_grad": 7228562.096601869
    },
    {
      "episode": 40,
      "ratio": 0.0,
      "actor_grad": 0.0,
      "critic_grad": 12040624.003929405
    },
    {
      "episode": 50,
      "ratio": 0.0,
      "actor_grad": 0.0,
      "critic_grad": 14769311.612444106
    },
    {
      "episode": 60,
      "ratio": 0.0,
      "actor_grad": 0.0,
      "critic_grad": 28020813.47171566
    },
    {
      "episode": 70,
      "ratio": 0.0,
      "actor_grad": 0.0,
      "critic_grad": 40533966.759698234
    },
    {
      "episode": 80,
      "ratio": 0.0,
      "actor_grad": 0.0,
      "critic_grad": 39611099.15708876
    },
    {
      "episode": 90,
      "ratio": 0.0,
      "actor_grad": 0.0,
      "critic_grad": 47299325.76298111
    },
    {
      "episode": 100,
      "ratio": 0.0,
      "actor_grad": 0.0,
      "critic_grad": 59901087.911175214
    },
    {
      "episode": 110,
      "ratio": 0.0,
      "actor_grad": 0.0,
      "critic_grad": 73640744.32151745
    },
    {
      "episode": 120,
      "ratio": 0.0,
      "actor_grad": 0.0,
      "critic_grad": 60388336.48244725
    },
    {
      "episode": 130,
      "ratio": 0.0,
      "actor_grad": 0.0,
      "critic_grad": 121673985.99602607
    },
    {
      "episode": 140,
      "ratio": 0.0,
      "actor_grad": 0.0,
      "critic_grad": 109970183.77105777
    },
    {
      "episode": 150,
      "ratio": 0.0,
      "actor_grad": 0.0,
      "critic_grad": 98532845.74554092
    },
    {
      "episode": 160,
      "ratio": 0.0,
      "actor_grad": 0.0,
      "critic_grad": 151571308.41068122
    },
    {
      "episode": 170,
      "ratio": 0.0,
      "actor_grad": 0.0,
      "critic_grad": 115845170.04581721
    },
    {
      "episode": 180,
      "ratio": 0.0,
      "actor_grad": 0.0,
      "critic_grad": 73915436.35038859
    },
    {
      "episode": 190,
      "ratio": 0.0,
      "actor_grad": 0.0,
      "critic_grad": 136177029.96146604
    },
    {
      "episode": 200,
      "ratio": 0.0,
      "actor_grad": 0.0,
      "critic_grad": 164665401.3897839
    },
    {
      "episode": 210,
      "ratio": 0.0,
      "actor_grad": 0.0,
      "critic_grad": 173311268.5781873
    },
    {
      "episode": 220,
      "ratio": 0.0,
      "actor_grad": 0.0,
      "critic_grad": 323428011.6808185
    },
    {
      "episode": 230,
      "ratio": 0.0,
      "actor_grad": 0.0,
      "critic_grad": 138706204.75673267
    },
    {
      "episode": 240,
      "ratio": 0.0,
      "actor_grad": 0.0,
      "critic_grad": 86620491.40812895
    },
    {
      "episode": 250,
      "ratio": 0.0,
      "actor_grad": 0.0,
      "critic_grad": 86195868.8032395
    },
    {
      "episode": 260,
      "ratio": 0.0,
      "actor_grad": 0.0,
      "critic_grad": 100889396.3208173
    },
    {
      "episode": 270,
      "ratio": 0.0,
      "actor_grad": 0.0,
      "critic_grad": 51928589.296787106
    },
    {
      "episode": 280,
      "ratio": 0.0,
      "actor_grad": 0.0,
      "critic_grad": 225953110.53443462
    },
    {
      "episode": 290,
      "ratio": 0.0,
      "actor_grad": 0.0,
      "critic_grad": 87403300.3715491
    },
    {
      "episode": 300,
      "ratio": 0.0,
      "actor_grad": 0.0,
      "critic_grad": 1599400.0404579972
    },
    {
      "episode": 310,
      "ratio": 0.0,
      "actor_grad": 0.0,
      "critic_grad": 57661302.173810564
    },
    {
      "episode": 320,
      "ratio": 0.0,
      "actor_grad": 0.0,
      "critic_grad": 142464605.6554483
    },
    {
      "episode": 330,
      "ratio": 0.0,
      "actor_grad": 0.0,
      "critic_grad": 1111448.4209439447
    },
    {
      "episode": 340,
      "ratio": 0.0,
      "actor_grad": 0.0,
      "critic_grad": 51257905.958537936
    }
  ],
  "activation_history": [
    {
      "episode": 10,
      "mean_preact": 21.555126190185547,
      "std_preact": 848.2027587890625,
      "min_preact": -2780.752685546875,
      "max_preact": 2735.0615234375,
      "avg_actor_output_saturation": 0.9452514417531719,
      "actor_activations_sample": {
        "fc3": {
          "min": -1.0,
          "max": 1.0,
          "mean": 0.017721660435199738,
          "saturation": 0.9452514417531719
        }
      }
    },
    {
      "episode": 20,
      "mean_preact": 50.42707061767578,
      "std_preact": 2049.46240234375,
      "min_preact": -4706.80419921875,
      "max_preact": 4692.69189453125,
      "avg_actor_output_saturation": 1.0,
      "actor_activations_sample": {
        "fc3": {
          "min": -1.0,
          "max": 1.0,
          "mean": 0.013333333656191826,
          "saturation": 1.0
        }
      }
    },
    {
      "episode": 30,
      "mean_preact": 68.08737182617188,
      "std_preact": 2742.997314453125,
      "min_preact": -5575.837890625,
      "max_preact": 5564.99658203125,
      "avg_actor_output_saturation": 1.0,
      "actor_activations_sample": {
        "fc3": {
          "min": -1.0,
          "max": 1.0,
          "mean": 0.013333333656191826,
          "saturation": 1.0
        }
      }
    },
    {
      "episode": 40,
      "mean_preact": 76.2168197631836,
      "std_preact": 3050.456787109375,
      "min_preact": -5921.80029296875,
      "max_preact": 5875.36572265625,
      "avg_actor_output_saturation": 1.0,
      "actor_activations_sample": {
        "fc3": {
          "min": -1.0,
          "max": 1.0,
          "mean": 0.013333333656191826,
          "saturation": 1.0
        }
      }
    },
    {
      "episode": 50,
      "mean_preact": 79.85172271728516,
      "std_preact": 3178.78271484375,
      "min_preact": -6066.373046875,
      "max_preact": 6005.39306640625,
      "avg_actor_output_saturation": 1.0,
      "actor_activations_sample": {
        "fc3": {
          "min": -1.0,
          "max": 1.0,
          "mean": 0.013333333656191826,
          "saturation": 1.0
        }
      }
    },
    {
      "episode": 60,
      "mean_preact": 79.36892700195312,
      "std_preact": 3217.919921875,
      "min_preact": -6139.72998046875,
      "max_preact": 6116.30224609375,
      "avg_actor_output_saturation": 1.0,
      "actor_activations_sample": {
        "fc3": {
          "min": -1.0,
          "max": 1.0,
          "mean": 0.013333333656191826,
          "saturation": 1.0
        }
      }
    },
    {
      "episode": 70,
      "mean_preact": 81.04092407226562,
      "std_preact": 3242.407470703125,
      "min_preact": -6150.638671875,
      "max_preact": 6134.83056640625,
      "avg_actor_output_saturation": 1.0,
      "actor_activations_sample": {
        "fc3": {
          "min": -1.0,
          "max": 1.0,
          "mean": 0.013333333656191826,
          "saturation": 1.0
        }
      }
    },
    {
      "episode": 80,
      "mean_preact": 82.568603515625,
      "std_preact": 3246.121337890625,
      "min_preact": -6168.71435546875,
      "max_preact": 6147.69775390625,
      "avg_actor_output_saturation": 1.0,
      "actor_activations_sample": {
        "fc3": {
          "min": -1.0,
          "max": 1.0,
          "mean": 0.013333333656191826,
          "saturation": 1.0
        }
      }
    },
    {
      "episode": 90,
      "mean_preact": 77.77508544921875,
      "std_preact": 3251.96337890625,
      "min_preact": -6171.0771484375,
      "max_preact": 6162.21337890625,
      "avg_actor_output_saturation": 1.0,
      "actor_activations_sample": {
        "fc3": {
          "min": -1.0,
          "max": 1.0,
          "mean": 0.013333333656191826,
          "saturation": 1.0
        }
      }
    },
    {
      "episode": 100,
      "mean_preact": 72.48898315429688,
      "std_preact": 3245.431640625,
      "min_preact": -6172.37939453125,
      "max_preact": 6161.89892578125,
      "avg_actor_output_saturation": 1.0,
      "actor_activations_sample": {
        "fc3": {
          "min": -1.0,
          "max": 1.0,
          "mean": 0.013333333656191826,
          "saturation": 1.0
        }
      }
    },
    {
      "episode": 110,
      "mean_preact": 72.29642486572266,
      "std_preact": 3243.354248046875,
      "min_preact": -6168.65966796875,
      "max_preact": 6158.86962890625,
      "avg_actor_output_saturation": 1.0,
      "actor_activations_sample": {
        "fc3": {
          "min": -1.0,
          "max": 1.0,
          "mean": 0.013333333656191826,
          "saturation": 1.0
        }
      }
    },
    {
      "episode": 120,
      "mean_preact": 77.7160415649414,
      "std_preact": 3256.460205078125,
      "min_preact": -6163.525390625,
      "max_preact": 6162.37890625,
      "avg_actor_output_saturation": 1.0,
      "actor_activations_sample": {
        "fc3": {
          "min": -1.0,
          "max": 1.0,
          "mean": 0.013333333656191826,
          "saturation": 1.0
        }
      }
    },
    {
      "episode": 130,
      "mean_preact": 78.94359588623047,
      "std_preact": 3250.189453125,
      "min_preact": -6168.92529296875,
      "max_preact": 6162.49658203125,
      "avg_actor_output_saturation": 1.0,
      "actor_activations_sample": {
        "fc3": {
          "min": -1.0,
          "max": 1.0,
          "mean": 0.013333333656191826,
          "saturation": 1.0
        }
      }
    },
    {
      "episode": 140,
      "mean_preact": 77.74093627929688,
      "std_preact": 3254.488525390625,
      "min_preact": -6168.96533203125,
      "max_preact": 6150.18115234375,
      "avg_actor_output_saturation": 1.0,
      "actor_activations_sample": {
        "fc3": {
          "min": -1.0,
          "max": 1.0,
          "mean": 0.013333333656191826,
          "saturation": 1.0
        }
      }
    },
    {
      "episode": 150,
      "mean_preact": 75.9123764038086,
      "std_preact": 3245.27685546875,
      "min_preact": -6156.64990234375,
      "max_preact": 6159.17724609375,
      "avg_actor_output_saturation": 1.0,
      "actor_activations_sample": {
        "fc3": {
          "min": -1.0,
          "max": 1.0,
          "mean": 0.013333333656191826,
          "saturation": 1.0
        }
      }
    },
    {
      "episode": 160,
      "mean_preact": 74.38806915283203,
      "std_preact": 3242.598388671875,
      "min_preact": -6173.9609375,
      "max_preact": 6162.52978515625,
      "avg_actor_output_saturation": 1.0,
      "actor_activations_sample": {
        "fc3": {
          "min": -1.0,
          "max": 1.0,
          "mean": 0.013333333656191826,
          "saturation": 1.0
        }
      }
    },
    {
      "episode": 170,
      "mean_preact": 78.43230438232422,
      "std_preact": 3244.896240234375,
      "min_preact": -6192.62744140625,
      "max_preact": 6159.1796875,
      "avg_actor_output_saturation": 1.0,
      "actor_activations_sample": {
        "fc3": {
          "min": -1.0,
          "max": 1.0,
          "mean": 0.013333333656191826,
          "saturation": 1.0
        }
      }
    },
    {
      "episode": 180,
      "mean_preact": 75.54485321044922,
      "std_preact": 3243.260498046875,
      "min_preact": -6177.55615234375,
      "max_preact": 6164.79443359375,
      "avg_actor_output_saturation": 1.0,
      "actor_activations_sample": {
        "fc3": {
          "min": -1.0,
          "max": 1.0,
          "mean": 0.013333333656191826,
          "saturation": 1.0
        }
      }
    },
    {
      "episode": 190,
      "mean_preact": 72.2158203125,
      "std_preact": 3246.3408203125,
      "min_preact": -6215.2236328125,
      "max_preact": 6150.14013671875,
      "avg_actor_output_saturation": 1.0,
      "actor_activations_sample": {
        "fc3": {
          "min": -1.0,
          "max": 1.0,
          "mean": 0.013333333656191826,
          "saturation": 1.0
        }
      }
    },
    {
      "episode": 200,
      "mean_preact": 76.55077362060547,
      "std_preact": 3251.255126953125,
      "min_preact": -6215.22314453125,
      "max_preact": 6159.1796875,
      "avg_actor_output_saturation": 1.0,
      "actor_activations_sample": {
        "fc3": {
          "min": -1.0,
          "max": 1.0,
          "mean": 0.013333333656191826,
          "saturation": 1.0
        }
      }
    },
    {
      "episode": 210,
      "mean_preact": 72.19609069824219,
      "std_preact": 3250.708984375,
      "min_preact": -6215.22314453125,
      "max_preact": 6150.14013671875,
      "avg_actor_output_saturation": 1.0,
      "actor_activations_sample": {
        "fc3": {
          "min": -1.0,
          "max": 1.0,
          "mean": 0.013333333656191826,
          "saturation": 1.0
        }
      }
    },
    {
      "episode": 220,
      "mean_preact": 76.32295227050781,
      "std_preact": 3249.461669921875,
      "min_preact": -6177.55615234375,
      "max_preact": 6163.146484375,
      "avg_actor_output_saturation": 1.0,
      "actor_activations_sample": {
        "fc3": {
          "min": -1.0,
          "max": 1.0,
          "mean": 0.013333333656191826,
          "saturation": 1.0
        }
      }
    },
    {
      "episode": 230,
      "mean_preact": 74.11068725585938,
      "std_preact": 3251.430419921875,
      "min_preact": -6178.98974609375,
      "max_preact": 6157.6455078125,
      "avg_actor_output_saturation": 1.0,
      "actor_activations_sample": {
        "fc3": {
          "min": -1.0,
          "max": 1.0,
          "mean": 0.013333333656191826,
          "saturation": 1.0
        }
      }
    },
    {
      "episode": 240,
      "mean_preact": 73.5001449584961,
      "std_preact": 3246.1357421875,
      "min_preact": -6178.98974609375,
      "max_preact": 6157.07373046875,
      "avg_actor_output_saturation": 1.0,
      "actor_activations_sample": {
        "fc3": {
          "min": -1.0,
          "max": 1.0,
          "mean": 0.013333333656191826,
          "saturation": 1.0
        }
      }
    },
    {
      "episode": 250,
      "mean_preact": 78.33921813964844,
      "std_preact": 3241.236572265625,
      "min_preact": -6177.55615234375,
      "max_preact": 6162.3544921875,
      "avg_actor_output_saturation": 1.0,
      "actor_activations_sample": {
        "fc3": {
          "min": -1.0,
          "max": 1.0,
          "mean": 0.013333333656191826,
          "saturation": 1.0
        }
      }
    },
    {
      "episode": 260,
      "mean_preact": 70.61175537109375,
      "std_preact": 3240.505126953125,
      "min_preact": -6178.98974609375,
      "max_preact": 6150.18896484375,
      "avg_actor_output_saturation": 1.0,
      "actor_activations_sample": {
        "fc3": {
          "min": -1.0,
          "max": 1.0,
          "mean": 0.013333333656191826,
          "saturation": 1.0
        }
      }
    },
    {
      "episode": 270,
      "mean_preact": 75.92186737060547,
      "std_preact": 3249.85009765625,
      "min_preact": -6177.55615234375,
      "max_preact": 6160.93310546875,
      "avg_actor_output_saturation": 1.0,
      "actor_activations_sample": {
        "fc3": {
          "min": -1.0,
          "max": 1.0,
          "mean": 0.013333333656191826,
          "saturation": 1.0
        }
      }
    },
    {
      "episode": 280,
      "mean_preact": 74.5618896484375,
      "std_preact": 3245.42529296875,
      "min_preact": -6192.626953125,
      "max_preact": 6164.79443359375,
      "avg_actor_output_saturation": 1.0,
      "actor_activations_sample": {
        "fc3": {
          "min": -1.0,
          "max": 1.0,
          "mean": 0.013333333656191826,
          "saturation": 1.0
        }
      }
    },
    {
      "episode": 290,
      "mean_preact": 75.26300048828125,
      "std_preact": 3237.637451171875,
      "min_preact": -6210.6279296875,
      "max_preact": 6163.146484375,
      "avg_actor_output_saturation": 1.0,
      "actor_activations_sample": {
        "fc3": {
          "min": -1.0,
          "max": 1.0,
          "mean": 0.013333333656191826,
          "saturation": 1.0
        }
      }
    },
    {
      "episode": 300,
      "mean_preact": 73.35411834716797,
      "std_preact": 3234.604736328125,
      "min_preact": -6171.03662109375,
      "max_preact": 6144.97119140625,
      "avg_actor_output_saturation": 1.0,
      "actor_activations_sample": {
        "fc3": {
          "min": -1.0,
          "max": 1.0,
          "mean": 0.013333333656191826,
          "saturation": 1.0
        }
      }
    },
    {
      "episode": 310,
      "mean_preact": 73.56399536132812,
      "std_preact": 3234.79443359375,
      "min_preact": -6175.03857421875,
      "max_preact": 6144.97119140625,
      "avg_actor_output_saturation": 1.0,
      "actor_activations_sample": {
        "fc3": {
          "min": -1.0,
          "max": 1.0,
          "mean": 0.013333333656191826,
          "saturation": 1.0
        }
      }
    },
    {
      "episode": 320,
      "mean_preact": 75.7056884765625,
      "std_preact": 3249.665283203125,
      "min_preact": -6173.9609375,
      "max_preact": 6141.84619140625,
      "avg_actor_output_saturation": 1.0,
      "actor_activations_sample": {
        "fc3": {
          "min": -1.0,
          "max": 1.0,
          "mean": 0.013333333656191826,
          "saturation": 1.0
        }
      }
    },
    {
      "episode": 330,
      "mean_preact": 74.44149017333984,
      "std_preact": 3240.245361328125,
      "min_preact": -6199.109375,
      "max_preact": 6153.24267578125,
      "avg_actor_output_saturation": 1.0,
      "actor_activations_sample": {
        "fc3": {
          "min": -1.0,
          "max": 1.0,
          "mean": 0.013333333656191826,
          "saturation": 1.0
        }
      }
    },
    {
      "episode": 340,
      "mean_preact": 72.67725372314453,
      "std_preact": 3239.99169921875,
      "min_preact": -6171.03662109375,
      "max_preact": 6162.3544921875,
      "avg_actor_output_saturation": 1.0,
      "actor_activations_sample": {
        "fc3": {
          "min": -1.0,
          "max": 1.0,
          "mean": 0.013333333656191826,
          "saturation": 1.0
        }
      }
    }
  ]
}